{"index": 5, "name": "Ebers", "creator": "Möller", "provenance": "unknown", "period": "18 dyn", "pages": [{"index": 0, "name": "25,3-8 and 51,19-52,1 and 61,6-8", "type": "", "images": [], "lines": [{"index": 0, "name": "25,4", "points": [{"x": 1518, "y": 492}, {"x": 1425, "y": 494}, {"x": 1298, "y": 485}, {"x": 1135, "y": 488}, {"x": 1055, "y": 486}, {"x": 1018, "y": 484}, {"x": 972, "y": 482}, {"x": 922, "y": 479}, {"x": 856, "y": 483}, {"x": 772, "y": 476}, {"x": 706, "y": 487}, {"x": 608, "y": 479}, {"x": 544, "y": 493}, {"x": 423, "y": 473}, {"x": 305, "y": 482}, {"x": 280, "y": 471}, {"x": 203, "y": 484}, {"x": 125, "y": 502}, {"x": 129, "y": 560}, {"x": 205, "y": 565}, {"x": 232, "y": 578}, {"x": 337, "y": 568}, {"x": 449, "y": 563}, {"x": 461, "y": 570}, {"x": 467, "y": 581}, {"x": 474, "y": 580}, {"x": 484, "y": 563}, {"x": 517, "y": 558}, {"x": 544, "y": 565}, {"x": 574, "y": 565}, {"x": 619, "y": 576}, {"x": 678, "y": 561}, {"x": 737, "y": 571}, {"x": 769, "y": 558}, {"x": 797, "y": 571}, {"x": 869, "y": 563}, {"x": 890, "y": 555}, {"x": 905, "y": 560}, {"x": 949, "y": 568}, {"x": 1043, "y": 572}, {"x": 1177, "y": 562}, {"x": 1265, "y": 564}, {"x": 1298, "y": 584}, {"x": 1347, "y": 590}, {"x": 1430, "y": 583}, {"x": 1479, "y": 594}, {"x": 1522, "y": 592}, {"x": 1514, "y": 535}], "direction": "hrl", "glyphs": [{"index": 44, "name": "𓈖", "position": {"x": 139, "y": 505, "w": 43, "h": 18}}, {"index": 43, "name": "𓏏", "position": {"x": 142, "y": 528, "w": 47, "h": 24}}, {"index": 42, "name": "𓈐", "position": {"x": 187, "y": 479, "w": 98, "h": 42}}, {"index": 41, "name": "𓏤", "position": {"x": 216, "y": 533, "w": 12, "h": 33}}, {"index": 40, "name": "𓏏", "position": {"x": 240, "y": 533, "w": 37, "h": 32}}, {"index": 39, "name": "𓋴", "position": {"x": 276, "y": 490, "w": 26, "h": 67}}, {"index": 38, "name": "𓅓𓐰𓏏", "position": {"x": 304, "y": 491, "w": 41, "h": 66}}, {"index": 37, "name": "𓅓", "position": {"x": 335, "y": 489, "w": 38, "h": 74}}, {"index": 36, "name": "𓅠", "position": {"x": 376, "y": 482, "w": 69, "h": 69}}, {"index": 2, "name": "𓂜", "position": {"x": 451, "y": 516, "w": 61, "h": 41}}, {"index": 3, "name": "𓆑", "position": {"x": 465, "y": 525, "w": 86, "h": 54}}, {"index": 33, "name": "𓄡", "position": {"x": 530, "y": 489, "w": 83, "h": 32}}, {"index": 32, "name": "𓏤", "position": {"x": 558, "y": 525, "w": 11, "h": 38}}, {"index": 31, "name": "𓏏", "position": {"x": 574, "y": 529, "w": 38, "h": 34}}, {"index": 30, "name": "𓅓", "position": {"x": 617, "y": 489, "w": 33, "h": 71}}, {"index": 29, "name": "𓆑", "position": {"x": 626, "y": 529, "w": 84, "h": 36}}, {"index": 28, "name": "𓏥", "position": {"x": 659, "y": 492, "w": 41, "h": 25}}, {"index": 26, "name": "𓏏", "position": {"x": 710, "y": 489, "w": 44, "h": 27}}, {"index": 25, "name": "𓐎", "position": {"x": 717, "y": 519, "w": 40, "h": 45}}, {"index": 0, "name": "𓄝", "position": {"x": 763, "y": 483, "w": 87, "h": 67}}, {"index": 23, "name": "𓏏", "position": {"x": 788, "y": 543, "w": 29, "h": 19}}, {"index": 1, "name": "𓈖", "position": {"x": 830, "y": 542, "w": 60, "h": 15}}, {"index": 22, "name": "𓃹𓐰𓈖", "position": {"x": 888, "y": 484, "w": 56, "h": 76}}]}, {"index": 1, "name": "25,5", "points": [{"x": 1515, "y": 599}, {"x": 1518, "y": 652}, {"x": 1496, "y": 662}, {"x": 1394, "y": 660}, {"x": 1214, "y": 663}, {"x": 1097, "y": 656}, {"x": 969, "y": 651}, {"x": 942, "y": 652}, {"x": 911, "y": 652}, {"x": 826, "y": 651}, {"x": 775, "y": 656}, {"x": 744, "y": 653}, {"x": 708, "y": 661}, {"x": 692, "y": 670}, {"x": 685, "y": 652}, {"x": 604, "y": 646}, {"x": 494, "y": 656}, {"x": 427, "y": 658}, {"x": 356, "y": 651}, {"x": 311, "y": 663}, {"x": 262, "y": 651}, {"x": 162, "y": 657}, {"x": 112, "y": 645}, {"x": 103, "y": 611}, {"x": 107, "y": 579}, {"x": 144, "y": 570}, {"x": 213, "y": 567}, {"x": 243, "y": 573}, {"x": 372, "y": 564}, {"x": 445, "y": 561}, {"x": 465, "y": 570}, {"x": 473, "y": 573}, {"x": 497, "y": 561}, {"x": 561, "y": 567}, {"x": 614, "y": 574}, {"x": 643, "y": 569}, {"x": 687, "y": 561}, {"x": 735, "y": 574}, {"x": 764, "y": 560}, {"x": 828, "y": 570}, {"x": 889, "y": 557}, {"x": 895, "y": 555}, {"x": 917, "y": 551}, {"x": 930, "y": 565}, {"x": 958, "y": 566}, {"x": 1013, "y": 574}, {"x": 1066, "y": 570}, {"x": 1158, "y": 559}, {"x": 1222, "y": 561}, {"x": 1273, "y": 573}, {"x": 1333, "y": 592}, {"x": 1396, "y": 588}, {"x": 1450, "y": 585}, {"x": 1493, "y": 595}], "direction": "hrl", "glyphs": [{"index": 32, "name": "𓊃", "position": {"x": 113, "y": 610, "w": 67, "h": 25}}, {"index": 31, "name": "𓈖", "position": {"x": 114, "y": 579, "w": 50, "h": 27}}, {"index": 30, "name": "𓂋𓐰𓂻", "position": {"x": 176, "y": 574, "w": 56, "h": 71}}, {"index": 29, "name": "𓆑𓂜𓉐", "position": {"x": 232, "y": 577, "w": 145, "h": 79}}, {"index": 27, "name": "𓄡", "position": {"x": 358, "y": 571, "w": 77, "h": 36}}, {"index": 26, "name": "𓏤", "position": {"x": 381, "y": 612, "w": 10, "h": 35}}, {"index": 25, "name": "𓏏", "position": {"x": 402, "y": 615, "w": 45, "h": 28}}, {"index": 24, "name": "𓅓", "position": {"x": 446, "y": 571, "w": 27, "h": 81}}, {"index": 23, "name": "𓋴", "position": {"x": 482, "y": 565, "w": 26, "h": 81}}, {"index": 22, "name": "𓐍", "position": {"x": 513, "y": 571, "w": 58, "h": 37}}, {"index": 21, "name": "𓂋", "position": {"x": 518, "y": 616, "w": 49, "h": 26}}, {"index": 20, "name": "𓐎", "position": {"x": 575, "y": 580, "w": 36, "h": 49}}, {"index": 19, "name": "𓄿", "position": {"x": 624, "y": 573, "w": 51, "h": 60}}, {"index": 18, "name": "𓍯", "position": {"x": 681, "y": 572, "w": 55, "h": 73}}, {"index": 17, "name": "𓆑", "position": {"x": 694, "y": 616, "w": 101, "h": 51}}, {"index": 39, "name": "𓎛", "position": {"x": 742, "y": 569, "w": 24, "h": 74}}, {"index": 16, "name": "𓅓", "position": {"x": 781, "y": 576, "w": 29, "h": 75}}, {"index": 15, "name": "𓇋", "position": {"x": 818, "y": 573, "w": 24, "h": 72}}, {"index": 14, "name": "𓊃", "position": {"x": 855, "y": 625, "w": 70, "h": 22}}, {"index": 13, "name": "𓂻", "position": {"x": 857, "y": 575, "w": 59, "h": 42}}, {"index": 34, "name": "𓇋", "position": {"x": 920, "y": 571, "w": 27, "h": 78}}, {"index": 12, "name": "𓇋", "position": {"x": 948, "y": 572, "w": 28, "h": 76}}, {"index": 11, "name": "𓂋", "position": {"x": 973, "y": 581, "w": 50, "h": 33}}, {"index": 33, "name": "𓂋", "position": {"x": 980, "y": 614, "w": 46, "h": 29}}, {"index": 10, "name": "𓉐", "position": {"x": 1033, "y": 579, "w": 64, "h": 62}}, {"index": 9, "name": "𓈐", "position": {"x": 1087, "y": 568, "w": 98, "h": 40}}, {"index": 8, "name": "𓏤", "position": {"x": 1103, "y": 611, "w": 12, "h": 35}}, {"index": 7, "name": "𓏏", "position": {"x": 1126, "y": 617, "w": 41, "h": 25}}, {"index": 6, "name": "𓏏", "position": {"x": 1172, "y": 623, "w": 29, "h": 26}}, {"index": 5, "name": "𓎼𓐰𓂋", "position": {"x": 1198, "y": 569, "w": 59, "h": 88}}, {"index": 4, "name": "𓂜", "position": {"x": 1269, "y": 612, "w": 69, "h": 29}}, {"index": 2, "name": "𓂻", "position": {"x": 1347, "y": 602, "w": 60, "h": 45}}, {"index": 1, "name": "𓂋𓐰𓏏", "position": {"x": 1409, "y": 591, "w": 42, "h": 58}}, {"index": 0, "name": "𓉐", "position": {"x": 1456, "y": 598, "w": 58, "h": 55}}]}, {"index": 2, "name": "25,6", "points": [{"x": 1516, "y": 665}, {"x": 1473, "y": 670}, {"x": 1361, "y": 668}, {"x": 1285, "y": 667}, {"x": 1202, "y": 662}, {"x": 1117, "y": 660}, {"x": 986, "y": 650}, {"x": 919, "y": 653}, {"x": 840, "y": 648}, {"x": 778, "y": 654}, {"x": 737, "y": 652}, {"x": 711, "y": 660}, {"x": 690, "y": 672}, {"x": 686, "y": 652}, {"x": 596, "y": 645}, {"x": 497, "y": 657}, {"x": 408, "y": 659}, {"x": 357, "y": 654}, {"x": 311, "y": 664}, {"x": 259, "y": 649}, {"x": 145, "y": 669}, {"x": 139, "y": 738}, {"x": 193, "y": 750}, {"x": 324, "y": 753}, {"x": 460, "y": 741}, {"x": 544, "y": 744}, {"x": 640, "y": 743}, {"x": 694, "y": 739}, {"x": 700, "y": 749}, {"x": 761, "y": 749}, {"x": 852, "y": 742}, {"x": 915, "y": 741}, {"x": 1000, "y": 748}, {"x": 1070, "y": 748}, {"x": 1164, "y": 750}, {"x": 1239, "y": 759}, {"x": 1280, "y": 751}, {"x": 1299, "y": 746}, {"x": 1304, "y": 743}, {"x": 1308, "y": 748}, {"x": 1324, "y": 749}, {"x": 1372, "y": 762}, {"x": 1431, "y": 760}, {"x": 1499, "y": 763}, {"x": 1515, "y": 722}, {"x": 1522, "y": 680}], "direction": "hrl", "glyphs": [{"index": 46, "name": "𓏲", "position": {"x": 150, "y": 687, "w": 24, "h": 45}}, {"index": 45, "name": "𓏥", "position": {"x": 183, "y": 721, "w": 53, "h": 16}}, {"index": 44, "name": "𓈒", "position": {"x": 185, "y": 668, "w": 36, "h": 52}}, {"index": 41, "name": "𓅓𓐰𓏏", "position": {"x": 239, "y": 663, "w": 45, "h": 80}}, {"index": 39, "name": "𓈖", "position": {"x": 293, "y": 724, "w": 45, "h": 11}}, {"index": 37, "name": "𓃹𓐰𓈖", "position": {"x": 340, "y": 664, "w": 48, "h": 78}}, {"index": 36, "name": "𓅓", "position": {"x": 390, "y": 667, "w": 31, "h": 71}}, {"index": 0, "name": "𓊃", "position": {"x": 430, "y": 717, "w": 73, "h": 20}}, {"index": 34, "name": "𓂋", "position": {"x": 438, "y": 673, "w": 49, "h": 32}}, {"index": 33, "name": "𓆣", "position": {"x": 500, "y": 661, "w": 48, "h": 78}}, {"index": 31, "name": "𓂋", "position": {"x": 552, "y": 711, "w": 45, "h": 26}}, {"index": 30, "name": "𓆙", "position": {"x": 595, "y": 663, "w": 92, "h": 60}}, {"index": 29, "name": "𓏥", "position": {"x": 622, "y": 719, "w": 57, "h": 18}}, {"index": 26, "name": "𓃀", "position": {"x": 697, "y": 667, "w": 38, "h": 57}}, {"index": 25, "name": "𓏏", "position": {"x": 702, "y": 726, "w": 34, "h": 19}}, {"index": 24, "name": "𓋴", "position": {"x": 735, "y": 660, "w": 25, "h": 73}}, {"index": 23, "name": "𓎛", "position": {"x": 764, "y": 657, "w": 23, "h": 78}}, {"index": 22, "name": "𓅓", "position": {"x": 793, "y": 661, "w": 36, "h": 65}}, {"index": 21, "name": "𓂋", "position": {"x": 840, "y": 692, "w": 47, "h": 30}}, {"index": 20, "name": "𓆣", "position": {"x": 896, "y": 656, "w": 46, "h": 81}}, {"index": 17, "name": "𓋴", "position": {"x": 948, "y": 659, "w": 25, "h": 82}}, {"index": 16, "name": "𓐍", "position": {"x": 985, "y": 662, "w": 54, "h": 35}}, {"index": 15, "name": "𓂋", "position": {"x": 987, "y": 702, "w": 53, "h": 31}}, {"index": 14, "name": "𓅓", "position": {"x": 1041, "y": 665, "w": 35, "h": 73}}, {"index": 13, "name": "𓍃", "position": {"x": 1085, "y": 668, "w": 96, "h": 73}}, {"index": 12, "name": "𓏏", "position": {"x": 1179, "y": 669, "w": 63, "h": 33}}, {"index": 10, "name": "𓏥", "position": {"x": 1202, "y": 733, "w": 51, "h": 16}}, {"index": 11, "name": "𓐎", "position": {"x": 1202, "y": 692, "w": 36, "h": 34}}, {"index": 9, "name": "𓃀", "position": {"x": 1259, "y": 678, "w": 39, "h": 69}}, {"index": 8, "name": "𓎛", "position": {"x": 1293, "y": 671, "w": 24, "h": 74}}, {"index": 7, "name": "𓅓", "position": {"x": 1324, "y": 676, "w": 27, "h": 67}}, {"index": 6, "name": "𓏭", "position": {"x": 1363, "y": 722, "w": 14, "h": 22}}, {"index": 5, "name": "𓋴", "position": {"x": 1381, "y": 675, "w": 25, "h": 82}}, {"index": 4, "name": "𓂋", "position": {"x": 1414, "y": 705, "w": 48, "h": 29}}, {"index": 3, "name": "𓆣", "position": {"x": 1456, "y": 671, "w": 55, "h": 80}}]}, {"index": 3, "name": "25,7", "points": [{"x": 1498, "y": 771}, {"x": 1491, "y": 859}, {"x": 1457, "y": 862}, {"x": 1364, "y": 845}, {"x": 1312, "y": 837}, {"x": 1250, "y": 840}, {"x": 1148, "y": 845}, {"x": 1096, "y": 843}, {"x": 1000, "y": 836}, {"x": 909, "y": 842}, {"x": 843, "y": 837}, {"x": 738, "y": 835}, {"x": 655, "y": 833}, {"x": 604, "y": 830}, {"x": 553, "y": 833}, {"x": 528, "y": 823}, {"x": 504, "y": 825}, {"x": 477, "y": 841}, {"x": 467, "y": 829}, {"x": 446, "y": 832}, {"x": 424, "y": 824}, {"x": 391, "y": 827}, {"x": 268, "y": 836}, {"x": 136, "y": 844}, {"x": 133, "y": 778}, {"x": 153, "y": 746}, {"x": 284, "y": 749}, {"x": 382, "y": 748}, {"x": 465, "y": 742}, {"x": 689, "y": 743}, {"x": 710, "y": 758}, {"x": 768, "y": 742}, {"x": 831, "y": 751}, {"x": 933, "y": 744}, {"x": 1029, "y": 749}, {"x": 1104, "y": 747}, {"x": 1212, "y": 756}, {"x": 1242, "y": 757}, {"x": 1280, "y": 753}, {"x": 1291, "y": 769}, {"x": 1366, "y": 768}, {"x": 1443, "y": 758}], "direction": "hrl", "glyphs": [{"index": 46, "name": "𓅓", "position": {"x": 147, "y": 754, "w": 43, "h": 79}}, {"index": 45, "name": "𓏏", "position": {"x": 200, "y": 793, "w": 40, "h": 30}}, {"index": 44, "name": "𓋴", "position": {"x": 253, "y": 760, "w": 23, "h": 71}}, {"index": 43, "name": "𓂺", "position": {"x": 284, "y": 767, "w": 98, "h": 54}}, {"index": 39, "name": "𓈙𓐰𓈙", "position": {"x": 389, "y": 754, "w": 75, "h": 74}}, {"index": 36, "name": "𓆑", "position": {"x": 481, "y": 790, "w": 73, "h": 42}}, {"index": 35, "name": "𓏲", "position": {"x": 487, "y": 763, "w": 24, "h": 42}}, {"index": 34, "name": "𓅓", "position": {"x": 543, "y": 756, "w": 33, "h": 68}}, {"index": 33, "name": "𓍃", "position": {"x": 582, "y": 749, "w": 123, "h": 73}}, {"index": 31, "name": "𓂋", "position": {"x": 685, "y": 793, "w": 46, "h": 25}}, {"index": 29, "name": "𓇋", "position": {"x": 737, "y": 756, "w": 35, "h": 73}}, {"index": 28, "name": "𓏲", "position": {"x": 763, "y": 756, "w": 41, "h": 44}}, {"index": 27, "name": "𓏭", "position": {"x": 776, "y": 790, "w": 26, "h": 29}}, {"index": 25, "name": "𓏤", "position": {"x": 815, "y": 767, "w": 10, "h": 55}}, {"index": 24, "name": "𓂝", "position": {"x": 833, "y": 787, "w": 45, "h": 31}}, {"index": 23, "name": "𓏤", "position": {"x": 886, "y": 755, "w": 13, "h": 72}}, {"index": 22, "name": "𓁷", "position": {"x": 903, "y": 749, "w": 40, "h": 78}}, {"index": 21, "name": "𓆑", "position": {"x": 924, "y": 797, "w": 85, "h": 35}}, {"index": 20, "name": "𓈖", "position": {"x": 954, "y": 765, "w": 57, "h": 26}}, {"index": 19, "name": "𓇋", "position": {"x": 1025, "y": 754, "w": 33, "h": 74}}, {"index": 17, "name": "𓏛", "position": {"x": 1060, "y": 783, "w": 23, "h": 43}}, {"index": 16, "name": "𓅓", "position": {"x": 1077, "y": 758, "w": 30, "h": 70}}, {"index": 15, "name": "𓇛", "position": {"x": 1099, "y": 755, "w": 42, "h": 84}}, {"index": 14, "name": "𓏭", "position": {"x": 1146, "y": 806, "w": 18, "h": 20}}, {"index": 12, "name": "𓆑𓋴", "position": {"x": 1171, "y": 762, "w": 78, "h": 77}}, {"index": 11, "name": "𓈖", "position": {"x": 1198, "y": 772, "w": 54, "h": 17}}, {"index": 10, "name": "𓇋", "position": {"x": 1260, "y": 756, "w": 27, "h": 80}}, {"index": 9, "name": "𓂺", "position": {"x": 1294, "y": 777, "w": 107, "h": 51}}, {"index": 0, "name": "𓈙", "position": {"x": 1406, "y": 769, "w": 74, "h": 40}}, {"index": 1, "name": "𓈙", "position": {"x": 1408, "y": 812, "w": 72, "h": 45}}]}, {"index": 4, "name": "25,8", "points": [{"x": 1488, "y": 860}, {"x": 1435, "y": 861}, {"x": 1340, "y": 838}, {"x": 1241, "y": 846}, {"x": 1121, "y": 842}, {"x": 1062, "y": 847}, {"x": 967, "y": 834}, {"x": 895, "y": 838}, {"x": 796, "y": 834}, {"x": 688, "y": 833}, {"x": 583, "y": 828}, {"x": 549, "y": 831}, {"x": 523, "y": 820}, {"x": 477, "y": 842}, {"x": 467, "y": 830}, {"x": 442, "y": 833}, {"x": 424, "y": 825}, {"x": 388, "y": 828}, {"x": 266, "y": 836}, {"x": 247, "y": 850}, {"x": 245, "y": 901}, {"x": 301, "y": 918}, {"x": 452, "y": 932}, {"x": 682, "y": 932}, {"x": 839, "y": 929}, {"x": 955, "y": 952}, {"x": 1095, "y": 930}, {"x": 1247, "y": 934}, {"x": 1298, "y": 929}, {"x": 1333, "y": 934}, {"x": 1372, "y": 940}, {"x": 1396, "y": 941}, {"x": 1406, "y": 940}, {"x": 1422, "y": 931}, {"x": 1441, "y": 946}, {"x": 1479, "y": 945}], "direction": "hrl", "glyphs": [{"index": 34, "name": "𓏲", "position": {"x": 251, "y": 839, "w": 42, "h": 48}}, {"index": 33, "name": "𓏭", "position": {"x": 267, "y": 872, "w": 22, "h": 27}}, {"index": 31, "name": "𓏤", "position": {"x": 307, "y": 845, "w": 10, "h": 53}}, {"index": 30, "name": "𓂝", "position": {"x": 327, "y": 862, "w": 50, "h": 33}}, {"index": 29, "name": "𓏤", "position": {"x": 387, "y": 835, "w": 13, "h": 69}}, {"index": 28, "name": "𓁷", "position": {"x": 400, "y": 828, "w": 37, "h": 75}}, {"index": 27, "name": "𓆑", "position": {"x": 414, "y": 877, "w": 69, "h": 42}}, {"index": 26, "name": "𓏛", "position": {"x": 444, "y": 834, "w": 35, "h": 38}}, {"index": 25, "name": "𓅓", "position": {"x": 477, "y": 839, "w": 30, "h": 63}}, {"index": 24, "name": "𓇛", "position": {"x": 502, "y": 828, "w": 35, "h": 83}}, {"index": 23, "name": "𓂋", "position": {"x": 540, "y": 866, "w": 45, "h": 33}}, {"index": 22, "name": "𓏏", "position": {"x": 583, "y": 838, "w": 53, "h": 26}}, {"index": 21, "name": "𓐎", "position": {"x": 593, "y": 862, "w": 38, "h": 42}}, {"index": 20, "name": "𓊃", "position": {"x": 642, "y": 840, "w": 88, "h": 20}}, {"index": 19, "name": "𓈙", "position": {"x": 651, "y": 862, "w": 69, "h": 41}}, {"index": 17, "name": "𓏲", "position": {"x": 729, "y": 863, "w": 19, "h": 39}}, {"index": 16, "name": "𓏤", "position": {"x": 768, "y": 861, "w": 13, "h": 52}}, {"index": 15, "name": "𓏌", "position": {"x": 783, "y": 857, "w": 32, "h": 54}}, {"index": 13, "name": "𓏥", "position": {"x": 827, "y": 888, "w": 50, "h": 19}}, {"index": 14, "name": "𓊗", "position": {"x": 827, "y": 845, "w": 42, "h": 35}}, {"index": 12, "name": "𓊃", "position": {"x": 875, "y": 847, "w": 101, "h": 21}}, {"index": 11, "name": "𓏲", "position": {"x": 883, "y": 875, "w": 23, "h": 41}}, {"index": 8, "name": "𓊪", "position": {"x": 913, "y": 871, "w": 49, "h": 48}}, {"index": 10, "name": "𓆑", "position": {"x": 913, "y": 886, "w": 98, "h": 49}}, {"index": 9, "name": "𓎡𓐰𓈖", "position": {"x": 986, "y": 852, "w": 89, "h": 57}}, {"index": 7, "name": "𓐍", "position": {"x": 1077, "y": 848, "w": 71, "h": 33}}, {"index": 6, "name": "𓂋", "position": {"x": 1089, "y": 889, "w": 54, "h": 27}}, {"index": 5, "name": "𓆙𓁹", "position": {"x": 1157, "y": 848, "w": 189, "h": 66}}, {"index": 4, "name": "𓏥", "position": {"x": 1286, "y": 913, "w": 65, "h": 18}}, {"index": 2, "name": "𓏏", "position": {"x": 1368, "y": 917, "w": 42, "h": 21}}, {"index": 3, "name": "𓃀", "position": {"x": 1368, "y": 854, "w": 51, "h": 58}}, {"index": 1, "name": "𓋴", "position": {"x": 1422, "y": 866, "w": 25, "h": 74}}, {"index": 0, "name": "𓎛", "position": {"x": 1454, "y": 863, "w": 20, "h": 77}}]}, {"index": 5, "name": "51,21", "points": [{"x": 605, "y": 1330}, {"x": 633, "y": 1328}, {"x": 703, "y": 1320}, {"x": 732, "y": 1321}, {"x": 783, "y": 1328}, {"x": 797, "y": 1340}, {"x": 785, "y": 1357}, {"x": 792, "y": 1378}, {"x": 767, "y": 1397}, {"x": 732, "y": 1409}, {"x": 692, "y": 1413}, {"x": 648, "y": 1399}, {"x": 562, "y": 1404}, {"x": 500, "y": 1406}, {"x": 355, "y": 1403}, {"x": 208, "y": 1402}, {"x": 57, "y": 1413}, {"x": 36, "y": 1398}, {"x": 55, "y": 1335}, {"x": 103, "y": 1307}, {"x": 155, "y": 1301}, {"x": 213, "y": 1295}, {"x": 256, "y": 1297}, {"x": 295, "y": 1303}, {"x": 344, "y": 1312}, {"x": 417, "y": 1317}, {"x": 469, "y": 1312}, {"x": 536, "y": 1319}, {"x": 580, "y": 1312}], "direction": "hrl", "glyphs": [{"index": 20, "name": "𓆑", "position": {"x": 54, "y": 1355, "w": 81, "h": 45}}, {"index": 19, "name": "𓄹", "position": {"x": 124, "y": 1344, "w": 48, "h": 49}}, {"index": 18, "name": "𓏏", "position": {"x": 125, "y": 1310, "w": 39, "h": 22}}, {"index": 6, "name": "𓃀", "position": {"x": 178, "y": 1306, "w": 41, "h": 72}}, {"index": 7, "name": "𓎛", "position": {"x": 203, "y": 1301, "w": 34, "h": 80}}, {"index": 16, "name": "𓅘", "position": {"x": 237, "y": 1303, "w": 72, "h": 82}}, {"index": 13, "name": "𓅓", "position": {"x": 307, "y": 1322, "w": 32, "h": 66}}, {"index": 12, "name": "𓏥", "position": {"x": 346, "y": 1375, "w": 47, "h": 15}}, {"index": 11, "name": "𓐎", "position": {"x": 349, "y": 1324, "w": 41, "h": 42}}, {"index": 10, "name": "𓏏", "position": {"x": 396, "y": 1334, "w": 36, "h": 21}}, {"index": 9, "name": "𓏏", "position": {"x": 400, "y": 1367, "w": 35, "h": 22}}, {"index": 8, "name": "𓄝", "position": {"x": 436, "y": 1324, "w": 80, "h": 66}}, {"index": 22, "name": "𓏭", "position": {"x": 508, "y": 1373, "w": 23, "h": 15}}, {"index": 4, "name": "𓂋", "position": {"x": 540, "y": 1382, "w": 54, "h": 17}}, {"index": 5, "name": "𓌨", "position": {"x": 540, "y": 1327, "w": 51, "h": 52}}, {"index": 0, "name": "𓎡", "position": {"x": 598, "y": 1367, "w": 100, "h": 38}}, {"index": 3, "name": "𓈖", "position": {"x": 611, "y": 1334, "w": 54, "h": 24}}, {"index": 21, "name": "𓇋", "position": {"x": 685, "y": 1323, "w": 32, "h": 80}}, {"index": 2, "name": "𓆓", "position": {"x": 710, "y": 1332, "w": 77, "h": 49}}, {"index": 1, "name": "𓂧", "position": {"x": 717, "y": 1363, "w": 68, "h": 27}}]}, {"index": 6, "name": "51,1", "points": [{"x": 1068, "y": 1404}, {"x": 1107, "y": 1401}, {"x": 1124, "y": 1403}, {"x": 1154, "y": 1398}, {"x": 1226, "y": 1410}, {"x": 1254, "y": 1409}, {"x": 1267, "y": 1437}, {"x": 1268, "y": 1457}, {"x": 1256, "y": 1461}, {"x": 1248, "y": 1469}, {"x": 1253, "y": 1483}, {"x": 1246, "y": 1493}, {"x": 1156, "y": 1497}, {"x": 1025, "y": 1495}, {"x": 872, "y": 1494}, {"x": 748, "y": 1501}, {"x": 669, "y": 1492}, {"x": 595, "y": 1496}, {"x": 491, "y": 1501}, {"x": 399, "y": 1504}, {"x": 371, "y": 1471}, {"x": 383, "y": 1434}, {"x": 407, "y": 1407}, {"x": 502, "y": 1404}, {"x": 603, "y": 1402}, {"x": 654, "y": 1404}, {"x": 709, "y": 1415}, {"x": 761, "y": 1408}, {"x": 794, "y": 1405}, {"x": 910, "y": 1409}, {"x": 943, "y": 1417}, {"x": 970, "y": 1411}, {"x": 991, "y": 1416}, {"x": 1025, "y": 1406}], "direction": "hrl", "glyphs": [{"index": 25, "name": "𓏲", "position": {"x": 394, "y": 1420, "w": 32, "h": 50}}, {"index": 24, "name": "𓏭", "position": {"x": 412, "y": 1451, "w": 22, "h": 24}}, {"index": 22, "name": "𓏤", "position": {"x": 444, "y": 1421, "w": 11, "h": 53}}, {"index": 21, "name": "𓂝", "position": {"x": 467, "y": 1437, "w": 45, "h": 30}}, {"index": 2, "name": "𓏤", "position": {"x": 515, "y": 1415, "w": 12, "h": 71}}, {"index": 7, "name": "𓏛𓐰𓆑", "position": {"x": 521, "y": 1409, "w": 84, "h": 86}}, {"index": 11, "name": "𓁷", "position": {"x": 525, "y": 1413, "w": 37, "h": 73}}, {"index": 18, "name": "𓅓", "position": {"x": 604, "y": 1417, "w": 31, "h": 65}}, {"index": 17, "name": "𓇛", "position": {"x": 621, "y": 1411, "w": 48, "h": 73}}, {"index": 16, "name": "𓂋", "position": {"x": 675, "y": 1443, "w": 49, "h": 31}}, {"index": 15, "name": "𓏲", "position": {"x": 726, "y": 1428, "w": 25, "h": 52}}, {"index": 14, "name": "𓇓", "position": {"x": 749, "y": 1408, "w": 49, "h": 73}}, {"index": 13, "name": "𓆑", "position": {"x": 775, "y": 1446, "w": 95, "h": 44}}, {"index": 12, "name": "𓁹", "position": {"x": 792, "y": 1412, "w": 101, "h": 29}}, {"index": 10, "name": "𓅓", "position": {"x": 876, "y": 1417, "w": 30, "h": 64}}, {"index": 9, "name": "𓄔", "position": {"x": 916, "y": 1415, "w": 57, "h": 63}}, {"index": 8, "name": "𓏲", "position": {"x": 968, "y": 1435, "w": 25, "h": 50}}, {"index": 0, "name": "𓇓", "position": {"x": 992, "y": 1410, "w": 54, "h": 72}}, {"index": 1, "name": "𓆑", "position": {"x": 1008, "y": 1451, "w": 62, "h": 39}}, {"index": 6, "name": "𓂝", "position": {"x": 1074, "y": 1462, "w": 46, "h": 22}}, {"index": 5, "name": "𓏊", "position": {"x": 1076, "y": 1408, "w": 33, "h": 51}}, {"index": 4, "name": "𓎛", "position": {"x": 1118, "y": 1405, "w": 24, "h": 80}}, {"index": 3, "name": "𓅨𓐰𓂋", "position": {"x": 1149, "y": 1411, "w": 105, "h": 79}}]}, {"index": 7, "name": "61,7", "points": [{"x": 1447, "y": 1759}, {"x": 1487, "y": 1760}, {"x": 1492, "y": 1801}, {"x": 1495, "y": 1863}, {"x": 1488, "y": 1876}, {"x": 1448, "y": 1868}, {"x": 1373, "y": 1867}, {"x": 1232, "y": 1848}, {"x": 1163, "y": 1844}, {"x": 1095, "y": 1840}, {"x": 1048, "y": 1846}, {"x": 953, "y": 1849}, {"x": 869, "y": 1837}, {"x": 679, "y": 1832}, {"x": 580, "y": 1832}, {"x": 394, "y": 1838}, {"x": 257, "y": 1841}, {"x": 147, "y": 1842}, {"x": 81, "y": 1826}, {"x": 74, "y": 1771}, {"x": 91, "y": 1746}, {"x": 130, "y": 1743}, {"x": 171, "y": 1747}, {"x": 189, "y": 1743}, {"x": 201, "y": 1757}, {"x": 256, "y": 1745}, {"x": 321, "y": 1748}, {"x": 366, "y": 1747}, {"x": 375, "y": 1757}, {"x": 424, "y": 1752}, {"x": 447, "y": 1763}, {"x": 486, "y": 1753}, {"x": 569, "y": 1757}, {"x": 617, "y": 1744}, {"x": 653, "y": 1737}, {"x": 717, "y": 1752}, {"x": 719, "y": 1759}, {"x": 754, "y": 1758}, {"x": 827, "y": 1743}, {"x": 914, "y": 1738}, {"x": 1079, "y": 1748}, {"x": 1148, "y": 1747}, {"x": 1391, "y": 1757}], "direction": "hrl", "glyphs": [{"index": 38, "name": "𓐍", "position": {"x": 86, "y": 1746, "w": 55, "h": 36}}, {"index": 37, "name": "𓏏", "position": {"x": 94, "y": 1793, "w": 49, "h": 24}}, {"index": 36, "name": "𓏤", "position": {"x": 155, "y": 1753, "w": 12, "h": 67}}, {"index": 35, "name": "𓁷", "position": {"x": 166, "y": 1747, "w": 29, "h": 76}}, {"index": 34, "name": "𓉔𓄿𓂻", "position": {"x": 206, "y": 1751, "w": 158, "h": 77}}, {"index": 33, "name": "𓂋", "position": {"x": 371, "y": 1757, "w": 59, "h": 29}}, {"index": 32, "name": "𓂝𓐰𓏏", "position": {"x": 375, "y": 1786, "w": 56, "h": 45}}, {"index": 31, "name": "𓂜", "position": {"x": 440, "y": 1762, "w": 62, "h": 34}}, {"index": 30, "name": "𓈖", "position": {"x": 441, "y": 1802, "w": 62, "h": 17}}, {"index": 28, "name": "𓇳", "position": {"x": 513, "y": 1780, "w": 57, "h": 38}}, {"index": 27, "name": "𓄿", "position": {"x": 571, "y": 1756, "w": 48, "h": 67}}, {"index": 25, "name": "𓇼", "position": {"x": 618, "y": 1747, "w": 48, "h": 76}}, {"index": 24, "name": "𓅓", "position": {"x": 662, "y": 1750, "w": 29, "h": 70}}, {"index": 23, "name": "𓅬", "position": {"x": 697, "y": 1762, "w": 66, "h": 59}}, {"index": 22, "name": "𓊪", "position": {"x": 769, "y": 1771, "w": 39, "h": 45}}, {"index": 21, "name": "𓍿", "position": {"x": 814, "y": 1751, "w": 52, "h": 30}}, {"index": 20, "name": "𓂋", "position": {"x": 816, "y": 1790, "w": 50, "h": 27}}, {"index": 19, "name": "𓏥", "position": {"x": 873, "y": 1799, "w": 38, "h": 20}}, {"index": 18, "name": "𓏌", "position": {"x": 879, "y": 1744, "w": 32, "h": 40}}, {"index": 16, "name": "𓏏", "position": {"x": 923, "y": 1798, "w": 40, "h": 27}}, {"index": 0, "name": "𓎛", "position": {"x": 961, "y": 1748, "w": 24, "h": 86}}, {"index": 1, "name": "𓌻", "position": {"x": 978, "y": 1755, "w": 84, "h": 57}}, {"index": 14, "name": "𓂋", "position": {"x": 994, "y": 1806, "w": 49, "h": 24}}, {"index": 13, "name": "𓏤", "position": {"x": 1066, "y": 1763, "w": 14, "h": 70}}, {"index": 12, "name": "𓁷", "position": {"x": 1080, "y": 1755, "w": 31, "h": 74}}, {"index": 11, "name": "𓏌", "position": {"x": 1125, "y": 1757, "w": 31, "h": 48}}, {"index": 10, "name": "𓂡", "position": {"x": 1127, "y": 1810, "w": 39, "h": 25}}, {"index": 9, "name": "𓐩", "position": {"x": 1169, "y": 1757, "w": 40, "h": 78}}, {"index": 8, "name": "𓏥", "position": {"x": 1212, "y": 1821, "w": 42, "h": 21}}, {"index": 7, "name": "𓈒", "position": {"x": 1218, "y": 1778, "w": 31, "h": 40}}, {"index": 6, "name": "𓅓𓐰𓏏", "position": {"x": 1261, "y": 1775, "w": 41, "h": 71}}, {"index": 5, "name": "𓂧", "position": {"x": 1304, "y": 1818, "w": 74, "h": 29}}, {"index": 4, "name": "𓋴", "position": {"x": 1389, "y": 1779, "w": 26, "h": 83}}, {"index": 3, "name": "𓄟", "position": {"x": 1425, "y": 1768, "w": 62, "h": 98}}]}, {"index": 8, "name": "61,8", "points": [{"x": 1487, "y": 1883}, {"x": 1470, "y": 1870}, {"x": 1410, "y": 1869}, {"x": 1346, "y": 1864}, {"x": 1237, "y": 1849}, {"x": 1140, "y": 1842}, {"x": 1092, "y": 1837}, {"x": 984, "y": 1852}, {"x": 987, "y": 1941}, {"x": 1179, "y": 1953}, {"x": 1293, "y": 1947}, {"x": 1412, "y": 1953}, {"x": 1481, "y": 1965}, {"x": 1489, "y": 1901}], "direction": "hrl", "glyphs": [{"index": 9, "name": "𓇰", "position": {"x": 996, "y": 1852, "w": 53, "h": 76}}, {"index": 8, "name": "𓎛", "position": {"x": 1056, "y": 1846, "w": 26, "h": 86}}, {"index": 7, "name": "𓎼𓐰𓂋", "position": {"x": 1090, "y": 1847, "w": 54, "h": 94}}, {"index": 6, "name": "𓅓", "position": {"x": 1144, "y": 1857, "w": 36, "h": 71}}, {"index": 5, "name": "𓅓", "position": {"x": 1171, "y": 1860, "w": 41, "h": 81}}, {"index": 4, "name": "𓇋", "position": {"x": 1218, "y": 1853, "w": 42, "h": 78}}, {"index": 3, "name": "𓁹", "position": {"x": 1248, "y": 1885, "w": 110, "h": 33}}, {"index": 2, "name": "𓅓", "position": {"x": 1338, "y": 1874, "w": 38, "h": 68}}, {"index": 1, "name": "𓄔", "position": {"x": 1385, "y": 1879, "w": 51, "h": 62}}, {"index": 0, "name": "𓊮", "position": {"x": 1444, "y": 1874, "w": 34, "h": 80}}]}]}], "history": [{"username": "noname", "date": "2023-04-27 11:28:58.875000"}, {"username": "noname2", "date": "2023-04-27 11:29:35.479000"}, {"username": "noname", "date": "2023-04-27 11:30:34.261000"}], "genre": "medical", "notes": ""}