{"name":"Lahun Temple Files","creator":"Möller","provenance":"Lahun","period":"12 dyn","genre":"administrative","notes":"Section A was checked against Sethe, Aegyptische Lesestuecke, 32a, and against Gardiner EG, Exercise XXIII.","pages":[{"index":0,"name":"II,16-19 and II,3-6","type":"","images":[],"lines":[{"index":0,"name":"A2","points":[{"x":1386,"y":404},{"x":1482,"y":405},{"x":1488,"y":435},{"x":1477,"y":476},{"x":1440,"y":483},{"x":1381,"y":481},{"x":1285,"y":479},{"x":1084,"y":475},{"x":914,"y":473},{"x":761,"y":483},{"x":722,"y":474},{"x":686,"y":481},{"x":643,"y":477},{"x":574,"y":480},{"x":548,"y":463},{"x":504,"y":478},{"x":364,"y":479},{"x":289,"y":476},{"x":286,"y":423},{"x":298,"y":405},{"x":353,"y":407},{"x":383,"y":405},{"x":436,"y":402},{"x":650,"y":404},{"x":750,"y":418},{"x":773,"y":402},{"x":811,"y":406},{"x":822,"y":413},{"x":856,"y":410},{"x":923,"y":399},{"x":974,"y":404},{"x":1091,"y":403},{"x":1275,"y":408},{"x":1343,"y":413}],"direction":"hrl","glyphs":[{"index":25,"name":"𓎟","position":{"x":293,"y":415,"w":62,"h":32}},{"index":24,"name":"𓏥","position":{"x":300,"y":453,"w":57,"h":18}},{"index":23,"name":"𓏊𓐰𓏥","position":{"x":354,"y":406,"w":39,"h":60}},{"index":22,"name":"𓏲","position":{"x":401,"y":419,"w":33,"h":49}},{"index":21,"name":"𓈖𓐰𓏌","position":{"x":439,"y":419,"w":41,"h":51}},{"index":19,"name":"𓆰","position":{"x":490,"y":420,"w":52,"h":49}},{"index":18,"name":"𓎛","position":{"x":557,"y":415,"w":20,"h":57}},{"index":17,"name":"𓈖","position":{"x":605,"y":414,"w":62,"h":24}},{"index":16,"name":"𓈖","position":{"x":609,"y":435,"w":63,"h":18}},{"index":15,"name":"𓏥","position":{"x":618,"y":458,"w":53,"h":14}},{"index":0,"name":"𓂡","position":{"x":674,"y":445,"w":85,"h":32}},{"index":13,"name":"𓊪","position":{"x":682,"y":416,"w":47,"h":33}},{"index":1,"name":"𓊏","position":{"x":750,"y":410,"w":101,"h":60}},{"index":12,"name":"𓏛","position":{"x":856,"y":414,"w":47,"h":44}},{"index":6,"name":"𓄿","position":{"x":902,"y":407,"w":47,"h":52}},{"index":10,"name":"𓍒","position":{"x":950,"y":406,"w":44,"h":54}},{"index":11,"name":"𓏲","position":{"x":986,"y":412,"w":23,"h":42}},{"index":9,"name":"𓎙","position":{"x":1020,"y":414,"w":87,"h":34}},{"index":8,"name":"𓏛","position":{"x":1063,"y":438,"w":35,"h":30}},{"index":7,"name":"𓎟","position":{"x":1129,"y":422,"w":70,"h":32}},{"index":5,"name":"𓎡","position":{"x":1203,"y":426,"w":100,"h":41}},{"index":14,"name":"𓏛𓐰𓏥","position":{"x":1293,"y":420,"w":37,"h":48}},{"index":4,"name":"𓏲","position":{"x":1329,"y":422,"w":39,"h":44}},{"index":3,"name":"𓄿","position":{"x":1376,"y":412,"w":41,"h":45}},{"index":2,"name":"𓉔","position":{"x":1428,"y":415,"w":52,"h":55}}]},{"index":1,"name":"A3","points":[{"x":1505,"y":478},{"x":1550,"y":478},{"x":1530,"y":546},{"x":1506,"y":556},{"x":1477,"y":552},{"x":1405,"y":561},{"x":1365,"y":553},{"x":1343,"y":559},{"x":1261,"y":559},{"x":1255,"y":563},{"x":1242,"y":557},{"x":1171,"y":550},{"x":1137,"y":549},{"x":1104,"y":561},{"x":1029,"y":564},{"x":993,"y":547},{"x":959,"y":557},{"x":954,"y":562},{"x":944,"y":558},{"x":938,"y":547},{"x":875,"y":558},{"x":807,"y":556},{"x":767,"y":551},{"x":756,"y":551},{"x":745,"y":554},{"x":741,"y":558},{"x":732,"y":557},{"x":686,"y":548},{"x":583,"y":551},{"x":522,"y":555},{"x":454,"y":556},{"x":444,"y":562},{"x":424,"y":567},{"x":405,"y":555},{"x":393,"y":561},{"x":382,"y":561},{"x":367,"y":483},{"x":450,"y":479},{"x":520,"y":496},{"x":531,"y":493},{"x":548,"y":488},{"x":553,"y":502},{"x":584,"y":488},{"x":650,"y":476},{"x":688,"y":481},{"x":722,"y":473},{"x":766,"y":481},{"x":980,"y":468},{"x":1169,"y":479},{"x":1396,"y":479}],"direction":"hrl","glyphs":[{"index":34,"name":"𓏏𓐰𓏤","position":{"x":376,"y":489,"w":26,"h":69}},{"index":33,"name":"𓇼","position":{"x":414,"y":495,"w":38,"h":68}},{"index":32,"name":"𓏌𓐰𓈖","position":{"x":464,"y":496,"w":56,"h":55}},{"index":30,"name":"𓐇","position":{"x":519,"y":491,"w":31,"h":58}},{"index":29,"name":"𓀀𓐰𓏥","position":{"x":572,"y":496,"w":35,"h":42}},{"index":24,"name":"𓂝","position":{"x":679.2928932188134,"y":523,"w":61,"h":21}},{"index":22,"name":"𓏛","position":{"x":736,"y":497,"w":47,"h":58}},{"index":21,"name":"𓄿","position":{"x":791,"y":499,"w":42,"h":45}},{"index":20,"name":"𓍒","position":{"x":832,"y":493,"w":49,"h":52}},{"index":19,"name":"𓏲","position":{"x":868,"y":497,"w":36,"h":56}},{"index":17,"name":"𓏛","position":{"x":947,"y":509,"w":38,"h":49}},{"index":15,"name":"𓉐","position":{"x":1002,"y":519,"w":49,"h":36}},{"index":14,"name":"𓏏","position":{"x":1014,"y":494,"w":24,"h":13}},{"index":13,"name":"𓉗","position":{"x":1070,"y":489,"w":35,"h":64}},{"index":12,"name":"𓊹","position":{"x":1107,"y":489,"w":38,"h":60}},{"index":11,"name":"𓈖𓐰𓏏","position":{"x":1147,"y":491,"w":47,"h":53}},{"index":10,"name":"𓎟","position":{"x":1218,"y":496,"w":63,"h":36}},{"index":8,"name":"𓏏","position":{"x":1241,"y":535,"w":23,"h":25}},{"index":7,"name":"𓏛𓐰𓏥","position":{"x":1293,"y":489,"w":34,"h":64}},{"index":5,"name":"𓐍","position":{"x":1332,"y":493,"w":37,"h":30}},{"index":4,"name":"𓏏","position":{"x":1345,"y":532,"w":21,"h":20}},{"index":3,"name":"𓉐","position":{"x":1386,"y":514,"w":46,"h":42}},{"index":2,"name":"𓏏","position":{"x":1396,"y":484,"w":23,"h":17}},{"index":1,"name":"𓉗","position":{"x":1456,"y":487,"w":37,"h":61}},{"index":0,"name":"𓊹","position":{"x":1497,"y":489,"w":38,"h":62}}]},{"index":2,"name":"A4","points":[{"x":1545,"y":548},{"x":1542,"y":624},{"x":1479,"y":629},{"x":1420,"y":624},{"x":1152,"y":643},{"x":1046,"y":637},{"x":800,"y":648},{"x":644,"y":631},{"x":461,"y":632},{"x":243,"y":648},{"x":201,"y":640},{"x":188,"y":577},{"x":244,"y":544},{"x":372,"y":555},{"x":389,"y":564},{"x":408,"y":551},{"x":426,"y":567},{"x":455,"y":556},{"x":595,"y":548},{"x":698,"y":550},{"x":740,"y":549},{"x":765,"y":550},{"x":873,"y":558},{"x":927,"y":545},{"x":950,"y":548},{"x":966,"y":558},{"x":994,"y":543},{"x":1011,"y":556},{"x":1108,"y":560},{"x":1133,"y":547},{"x":1208,"y":551},{"x":1242,"y":557},{"x":1257,"y":563},{"x":1344,"y":559},{"x":1411,"y":559},{"x":1443,"y":556},{"x":1491,"y":553},{"x":1507,"y":556},{"x":1528,"y":546}],"direction":"hrl","glyphs":[{"index":38,"name":"𓆑","position":{"x":209,"y":560,"w":49,"h":51}},{"index":37,"name":"𓂋","position":{"x":221,"y":590,"w":40,"h":38}},{"index":36,"name":"𓄤","position":{"x":265,"y":555,"w":31,"h":64}},{"index":35,"name":"𓎟","position":{"x":303,"y":571,"w":54,"h":36}},{"index":34,"name":"𓏲","position":{"x":350,"y":569,"w":33,"h":55}},{"index":33,"name":"𓃀","position":{"x":389,"y":559,"w":32,"h":50}},{"index":32,"name":"𓅓","position":{"x":418,"y":564,"w":26,"h":52}},{"index":31,"name":"𓏛","position":{"x":453,"y":568,"w":29,"h":51}},{"index":24,"name":"𓂋","position":{"x":551,"y":598,"w":17,"h":15}},{"index":23,"name":"𓅓","position":{"x":572,"y":557,"w":28,"h":52}},{"index":22,"name":"𓉐","position":{"x":611,"y":584,"w":55,"h":40}},{"index":21,"name":"𓏏","position":{"x":623,"y":556,"w":24,"h":16}},{"index":19,"name":"𓊹","position":{"x":725,"y":552,"w":37,"h":66}},{"index":18,"name":"𓏲","position":{"x":738,"y":563,"w":52,"h":62}},{"index":17,"name":"𓇋","position":{"x":799,"y":563,"w":25,"h":60}},{"index":16,"name":"𓏤","position":{"x":842,"y":560,"w":14,"h":63}},{"index":15,"name":"𓂧𓐰𓇳","position":{"x":867,"y":561,"w":29,"h":58}},{"index":14,"name":"𓇹","position":{"x":900,"y":553,"w":62,"h":28}},{"index":13,"name":"𓇼","position":{"x":916,"y":570,"w":31,"h":52}},{"index":12,"name":"𓅓","position":{"x":968,"y":553,"w":35,"h":60}},{"index":11,"name":"𓏏𓐱𓂻","position":{"x":1016,"y":576,"w":92,"h":35}},{"index":10,"name":"𓏠𓐰𓈖","position":{"x":1110,"y":555,"w":48,"h":67}},{"index":9,"name":"𓋴","position":{"x":1176,"y":558,"w":33,"h":68}},{"index":8,"name":"𓅓","position":{"x":1222,"y":562,"w":39,"h":51}},{"index":7,"name":"𓏭","position":{"x":1287,"y":600,"w":16,"h":17}},{"index":6,"name":"𓈖","position":{"x":1288,"y":572,"w":44,"h":19}},{"index":5,"name":"𓏏","position":{"x":1313,"y":595,"w":21,"h":23}},{"index":4,"name":"𓏏𓐰𓈖","position":{"x":1348,"y":562,"w":50,"h":51}},{"index":3,"name":"𓉐","position":{"x":1409,"y":580,"w":46,"h":37}},{"index":2,"name":"𓏏","position":{"x":1418,"y":560,"w":16,"h":15}},{"index":1,"name":"𓉗","position":{"x":1470,"y":558,"w":37,"h":65}},{"index":0,"name":"𓊹","position":{"x":1501,"y":555,"w":41,"h":61}}]},{"index":3,"name":"B1","points":[{"x":1592,"y":884},{"x":1698,"y":890},{"x":1701,"y":961},{"x":1687,"y":954},{"x":1678,"y":958},{"x":1663,"y":953},{"x":1618,"y":948},{"x":1555,"y":959},{"x":1516,"y":955},{"x":1456,"y":951},{"x":1369,"y":955},{"x":1328,"y":947},{"x":1296,"y":949},{"x":1279,"y":943},{"x":1189,"y":952},{"x":944,"y":945},{"x":870,"y":945},{"x":647,"y":953},{"x":530,"y":962},{"x":451,"y":956},{"x":344,"y":957},{"x":269,"y":960},{"x":281,"y":882},{"x":533,"y":887},{"x":568,"y":883},{"x":589,"y":872},{"x":676,"y":863},{"x":846,"y":855},{"x":1127,"y":868},{"x":1429,"y":871},{"x":1447,"y":898},{"x":1465,"y":901},{"x":1478,"y":898},{"x":1497,"y":881}],"direction":"hrl","glyphs":[{"index":31,"name":"𓏤","position":{"x":298,"y":893,"w":22,"h":58}},{"index":30,"name":"𓁐","position":{"x":331,"y":895,"w":44,"h":52}},{"index":29,"name":"𓏏","position":{"x":504,"y":933,"w":20,"h":19}},{"index":28,"name":"𓋹𓐱𓍒𓐱𓋴","position":{"x":516,"y":881,"w":70,"h":70}},{"index":24,"name":"𓀔","position":{"x":687,"y":867,"w":71,"h":70}},{"index":23,"name":"𓏰","position":{"x":756,"y":907,"w":33,"h":36}},{"index":22,"name":"𓏏","position":{"x":775,"y":874,"w":22,"h":18}},{"index":21,"name":"𓌉","position":{"x":809,"y":879,"w":28,"h":53}},{"index":20,"name":"𓄤","position":{"x":856,"y":872,"w":47,"h":63}},{"index":19,"name":"𓅓𓐰𓏏","position":{"x":905,"y":870,"w":45,"h":70}},{"index":18,"name":"𓎸","position":{"x":966,"y":871,"w":45,"h":63}},{"index":17,"name":"𓈞","position":{"x":1023,"y":874,"w":49,"h":28}},{"index":16,"name":"𓏏","position":{"x":1047,"y":914,"w":30,"h":19}},{"index":15,"name":"𓈖","position":{"x":1085,"y":915,"w":43,"h":13}},{"index":14,"name":"𓏏","position":{"x":1091,"y":879,"w":30,"h":28}},{"index":6,"name":"𓇓","position":{"x":1139,"y":878,"w":48,"h":65}},{"index":7,"name":"𓈖𓐰𓏏","position":{"x":1184,"y":881,"w":63,"h":60}},{"index":12,"name":"𓏏","position":{"x":1259,"y":912,"w":25,"h":24}},{"index":11,"name":"𓇋","position":{"x":1298,"y":888,"w":28,"h":58}},{"index":10,"name":"𓇋","position":{"x":1332,"y":890,"w":25,"h":56}},{"index":9,"name":"𓂋","position":{"x":1368,"y":885,"w":64,"h":25}},{"index":8,"name":"𓊪","position":{"x":1385,"y":921,"w":40,"h":27}},{"index":5,"name":"𓆱","position":{"x":1444,"y":886,"w":57,"h":37}},{"index":4,"name":"𓏥","position":{"x":1452,"y":934,"w":41,"h":12}},{"index":3,"name":"𓅓","position":{"x":1504,"y":899,"w":33,"h":52}},{"index":2,"name":"𓇛","position":{"x":1551,"y":896,"w":35,"h":60}},{"index":1,"name":"𓋴","position":{"x":1599,"y":893,"w":38,"h":54}},{"index":0,"name":"𓋴","position":{"x":1651,"y":896,"w":41,"h":60}}]},{"index":4,"name":"B2","points":[{"x":1539,"y":956},{"x":1543,"y":1025},{"x":1532,"y":1028},{"x":1516,"y":1022},{"x":1467,"y":1013},{"x":1417,"y":1020},{"x":1341,"y":1022},{"x":1317,"y":1022},{"x":1171,"y":1005},{"x":701,"y":982},{"x":478,"y":994},{"x":394,"y":1017},{"x":345,"y":1028},{"x":316,"y":1035},{"x":288,"y":1021},{"x":289,"y":969},{"x":380,"y":948},{"x":617,"y":961},{"x":1261,"y":954},{"x":1285,"y":972},{"x":1307,"y":971},{"x":1334,"y":950},{"x":1440,"y":953}],"direction":"hrl","glyphs":[{"index":10,"name":"𓏤","position":{"x":295,"y":968,"w":25,"h":61}},{"index":11,"name":"𓋯","position":{"x":311,"y":960,"w":76,"h":62}},{"index":9,"name":"𓏏","position":{"x":1181,"y":979,"w":22,"h":19}},{"index":8,"name":"𓇋","position":{"x":1203,"y":966,"w":32,"h":40}},{"index":7,"name":"𓇋","position":{"x":1246,"y":969,"w":20,"h":33}},{"index":6,"name":"𓂧","position":{"x":1277,"y":978,"w":27,"h":31}},{"index":5,"name":"𓍲","position":{"x":1311,"y":958,"w":36,"h":31}},{"index":4,"name":"𓈖","position":{"x":1316,"y":1002,"w":39,"h":18}},{"index":3,"name":"𓏲","position":{"x":1360,"y":968,"w":28,"h":43}},{"index":2,"name":"𓁶","position":{"x":1408,"y":962,"w":45,"h":51}},{"index":1,"name":"𓄿","position":{"x":1453,"y":963,"w":50,"h":43}},{"index":0,"name":"𓇉","position":{"x":1509,"y":960,"w":28,"h":65}}]},{"index":5,"name":"B3","points":[{"x":1662,"y":1013},{"x":1713,"y":1017},{"x":1717,"y":1098},{"x":1684,"y":1088},{"x":1619,"y":1075},{"x":1577,"y":1072},{"x":1563,"y":1084},{"x":1498,"y":1082},{"x":1452,"y":1089},{"x":1433,"y":1089},{"x":1383,"y":1082},{"x":1343,"y":1083},{"x":1272,"y":1084},{"x":1193,"y":1087},{"x":1103,"y":1077},{"x":1019,"y":1081},{"x":925,"y":1071},{"x":881,"y":1071},{"x":851,"y":1086},{"x":763,"y":1078},{"x":697,"y":1078},{"x":675,"y":1093},{"x":569,"y":1089},{"x":437,"y":1100},{"x":340,"y":1093},{"x":287,"y":1095},{"x":271,"y":1044},{"x":286,"y":1027},{"x":324,"y":1034},{"x":368,"y":1023},{"x":437,"y":1010},{"x":458,"y":1032},{"x":497,"y":1020},{"x":537,"y":1020},{"x":609,"y":998},{"x":698,"y":992},{"x":854,"y":990},{"x":1195,"y":1011},{"x":1307,"y":1021},{"x":1336,"y":1023},{"x":1402,"y":1017},{"x":1441,"y":1022},{"x":1507,"y":1018},{"x":1523,"y":1024},{"x":1531,"y":1028},{"x":1548,"y":1022},{"x":1605,"y":1011}],"direction":"hrl","glyphs":[{"index":39,"name":"𓏤","position":{"x":294,"y":1035,"w":23,"h":51}},{"index":38,"name":"𓁐","position":{"x":329,"y":1032,"w":42,"h":53}},{"index":37,"name":"𓏏𓐱𓊤","position":{"x":432,"y":1027,"w":40,"h":55}},{"index":36,"name":"𓌳𓐰𓐙","position":{"x":479,"y":1021,"w":35,"h":62}},{"index":35,"name":"𓂋𓐰𓏏","position":{"x":535,"y":1025,"w":33,"h":30}},{"index":34,"name":"𓅨","position":{"x":550,"y":1020,"w":78,"h":52}},{"index":30,"name":"𓏰","position":{"x":672,"y":1048,"w":42,"h":42}},{"index":29,"name":"𓏏","position":{"x":701,"y":1019,"w":15,"h":26}},{"index":28,"name":"𓄤𓐱𓌉","position":{"x":725,"y":1015,"w":67,"h":56}},{"index":23,"name":"𓁐","position":{"x":898,"y":1043,"w":47,"h":20}},{"index":22,"name":"𓏏","position":{"x":915,"y":1014,"w":19,"h":24}},{"index":20,"name":"𓅐","position":{"x":948,"y":1013,"w":58,"h":53}},{"index":18,"name":"𓈞","position":{"x":1014,"y":1018,"w":45,"h":30}},{"index":17,"name":"𓏏","position":{"x":1033,"y":1056,"w":28,"h":16}},{"index":16,"name":"𓈖","position":{"x":1080,"y":1056,"w":38,"h":16}},{"index":15,"name":"𓏏","position":{"x":1083,"y":1025,"w":28,"h":24}},{"index":14,"name":"𓇓","position":{"x":1125,"y":1017,"w":37,"h":58}},{"index":13,"name":"𓈖𓐰𓏏","position":{"x":1173,"y":1034,"w":47,"h":46}},{"index":12,"name":"𓏏","position":{"x":1185,"y":1017,"w":24,"h":14}},{"index":11,"name":"𓇋","position":{"x":1242,"y":1027,"w":25,"h":53}},{"index":10,"name":"𓇋","position":{"x":1281,"y":1026,"w":28,"h":54}},{"index":9,"name":"𓂋","position":{"x":1318,"y":1025,"w":58,"h":25}},{"index":8,"name":"𓊪","position":{"x":1336,"y":1053,"w":40,"h":26}},{"index":6,"name":"𓈙","position":{"x":1396,"y":1025,"w":58,"h":35}},{"index":5,"name":"𓏲","position":{"x":1442,"y":1025,"w":48,"h":63}},{"index":4,"name":"𓇋","position":{"x":1504,"y":1026,"w":26,"h":54}},{"index":3,"name":"𓇋","position":{"x":1546,"y":1025,"w":24,"h":55}},{"index":2,"name":"𓉔","position":{"x":1581,"y":1038,"w":50,"h":35}},{"index":1,"name":"𓏠","position":{"x":1647,"y":1021,"w":50,"h":38}},{"index":0,"name":"𓈖","position":{"x":1650,"y":1069,"w":56,"h":20}}]},{"index":6,"name":"B4","points":[{"x":1709,"y":1096},{"x":1707,"y":1168},{"x":1667,"y":1179},{"x":1425,"y":1160},{"x":1354,"y":1177},{"x":1119,"y":1171},{"x":920,"y":1175},{"x":703,"y":1169},{"x":304,"y":1167},{"x":320,"y":1101},{"x":351,"y":1089},{"x":435,"y":1106},{"x":680,"y":1097},{"x":713,"y":1078},{"x":855,"y":1084},{"x":887,"y":1074},{"x":1020,"y":1083},{"x":1107,"y":1075},{"x":1196,"y":1088},{"x":1285,"y":1086},{"x":1390,"y":1081},{"x":1431,"y":1090},{"x":1467,"y":1090},{"x":1495,"y":1078},{"x":1524,"y":1089},{"x":1564,"y":1085},{"x":1577,"y":1095},{"x":1628,"y":1092},{"x":1673,"y":1087}],"direction":"hrl","glyphs":[{"index":28,"name":"𓁐","position":{"x":327,"y":1099,"w":57,"h":48}},{"index":26,"name":"𓏏","position":{"x":669,"y":1123,"w":23,"h":19}},{"index":25,"name":"𓍒𓐱𓋴","position":{"x":694,"y":1086,"w":55,"h":57}},{"index":24,"name":"𓋹","position":{"x":755,"y":1089,"w":19,"h":54}},{"index":23,"name":"𓀯","position":{"x":790,"y":1092,"w":61,"h":53}},{"index":22,"name":"𓀔","position":{"x":853,"y":1082,"w":71,"h":59}},{"index":21,"name":"𓏰","position":{"x":925,"y":1120,"w":37,"h":39}},{"index":20,"name":"𓏏","position":{"x":943,"y":1094,"w":19,"h":23}},{"index":19,"name":"𓌉","position":{"x":980,"y":1091,"w":28,"h":57}},{"index":18,"name":"𓄤","position":{"x":1018,"y":1089,"w":38,"h":61}},{"index":17,"name":"𓅓𓐰𓏏","position":{"x":1065,"y":1086,"w":41,"h":64}},{"index":16,"name":"𓎸","position":{"x":1122,"y":1092,"w":38,"h":56}},{"index":15,"name":"𓈞","position":{"x":1176,"y":1097,"w":46,"h":25}},{"index":14,"name":"𓏏","position":{"x":1195,"y":1132,"w":27,"h":20}},{"index":13,"name":"𓏏𓐰𓈖","position":{"x":1232,"y":1095,"w":37,"h":45}},{"index":12,"name":"𓇓","position":{"x":1276,"y":1090,"w":48,"h":66}},{"index":11,"name":"𓈖𓐰𓏏","position":{"x":1333,"y":1113,"w":51,"h":50}},{"index":10,"name":"𓏏","position":{"x":1349,"y":1090,"w":25,"h":22}},{"index":9,"name":"𓇋","position":{"x":1394,"y":1090,"w":26,"h":61}},{"index":8,"name":"𓇋","position":{"x":1430,"y":1093,"w":25,"h":56}},{"index":7,"name":"𓂋","position":{"x":1464,"y":1084,"w":61,"h":36}},{"index":6,"name":"𓊪","position":{"x":1479,"y":1121,"w":49,"h":25}},{"index":4,"name":"𓎶𓐰𓈙","position":{"x":1555,"y":1094,"w":74,"h":55}},{"index":0,"name":"𓌳𓐰𓍿","position":{"x":1636,"y":1093,"w":63,"h":74}}]}]}],"history":[{"username":"noname","date":"2023-09-10T21:22:45.880Z"},{"username":"x","date":"2023-09-19T20:38:26.332Z"}]}