{"name":"Westcar","creator":"Möller","provenance":"unknown","period":"18 dyn","genre":"literary","notes":"","pages":[{"index":0,"name":"7,1-5 and 8,5-23","type":"","images":[],"lines":[{"index":0,"name":"7,1","points":[{"x":1311,"y":182},{"x":1324,"y":229},{"x":1311,"y":262},{"x":1229,"y":254},{"x":1080,"y":263},{"x":999,"y":270},{"x":981,"y":277},{"x":973,"y":288},{"x":956,"y":314},{"x":951,"y":318},{"x":943,"y":318},{"x":946,"y":305},{"x":966,"y":281},{"x":962,"y":270},{"x":897,"y":271},{"x":860,"y":276},{"x":847,"y":290},{"x":833,"y":309},{"x":827,"y":306},{"x":830,"y":293},{"x":842,"y":280},{"x":830,"y":270},{"x":738,"y":272},{"x":701,"y":270},{"x":637,"y":273},{"x":503,"y":265},{"x":466,"y":272},{"x":430,"y":272},{"x":340,"y":272},{"x":290,"y":282},{"x":256,"y":309},{"x":241,"y":311},{"x":241,"y":275},{"x":291,"y":201},{"x":419,"y":191},{"x":761,"y":191},{"x":1029,"y":189}],"direction":"hrl","glyphs":[{"index":29,"name":"𓆑","position":{"x":248,"y":238,"w":106,"h":67}},{"index":28,"name":"𓅓","position":{"x":282,"y":208,"w":35,"h":47}},{"index":27,"name":"𓏲","position":{"x":318,"y":200,"w":39,"h":34}},{"index":26,"name":"𓇋","position":{"x":359,"y":204,"w":27,"h":59}},{"index":25,"name":"𓀁","position":{"x":388,"y":209,"w":48,"h":54}},{"index":24,"name":"𓏲","position":{"x":445,"y":229,"w":24,"h":35}},{"index":23,"name":"𓊤","position":{"x":470,"y":208,"w":25,"h":57}},{"index":22,"name":"𓂝","position":{"x":501,"y":243,"w":41,"h":21}},{"index":21,"name":"𓌳𓐰𓐙","position":{"x":537,"y":205,"w":42,"h":59}},{"index":20,"name":"𓏲𓍺","position":{"x":589,"y":204,"w":57,"h":59}},{"index":18,"name":"𓆑𓐰𓂋","position":{"x":649,"y":209,"w":21,"h":51}},{"index":17,"name":"𓄤","position":{"x":675,"y":207,"w":25,"h":58}},{"index":16,"name":"𓋴","position":{"x":702,"y":203,"w":23,"h":53}},{"index":15,"name":"𓍹","position":{"x":708,"y":209,"w":31,"h":57}},{"index":14,"name":"𓏛","position":{"x":737,"y":226,"w":30,"h":35}},{"index":12,"name":"𓊽","position":{"x":765,"y":202,"w":36,"h":60}},{"index":11,"name":"𓅓𓐰𓊽","position":{"x":806,"y":202,"w":70,"h":58}},{"index":10,"name":"𓆑","position":{"x":832,"y":238,"w":83,"h":67}},{"index":9,"name":"𓀉","position":{"x":927,"y":203,"w":58,"h":55}},{"index":7,"name":"𓊃𓐰𓆑","position":{"x":946,"y":235,"w":108,"h":83}},{"index":6,"name":"𓈞","position":{"x":982,"y":196,"w":39,"h":36}},{"index":5,"name":"𓀁","position":{"x":1063,"y":203,"w":43,"h":53}},{"index":4,"name":"𓂋𓐰𓈖","position":{"x":1111,"y":210,"w":37,"h":41}},{"index":3,"name":"𓏛𓐰𓀀","position":{"x":1153,"y":197,"w":41,"h":53}},{"index":2,"name":"𓇋","position":{"x":1199,"y":197,"w":20,"h":51}},{"index":1,"name":"𓊽","position":{"x":1229,"y":189,"w":39,"h":63}},{"index":0,"name":"𓊽","position":{"x":1279,"y":190,"w":34,"h":66}}]},{"index":1,"name":"7,2","points":[{"x":1316,"y":262},{"x":1321,"y":314},{"x":1317,"y":324},{"x":1276,"y":326},{"x":1255,"y":342},{"x":1235,"y":338},{"x":1223,"y":316},{"x":1202,"y":330},{"x":1176,"y":325},{"x":1156,"y":333},{"x":1091,"y":330},{"x":1064,"y":329},{"x":1030,"y":356},{"x":1022,"y":364},{"x":1017,"y":365},{"x":1009,"y":361},{"x":986,"y":343},{"x":930,"y":349},{"x":909,"y":357},{"x":886,"y":365},{"x":874,"y":374},{"x":850,"y":340},{"x":751,"y":338},{"x":625,"y":351},{"x":587,"y":377},{"x":575,"y":381},{"x":557,"y":364},{"x":488,"y":335},{"x":453,"y":354},{"x":425,"y":356},{"x":413,"y":354},{"x":367,"y":337},{"x":266,"y":338},{"x":265,"y":299},{"x":296,"y":276},{"x":400,"y":268},{"x":520,"y":268},{"x":648,"y":273},{"x":731,"y":270},{"x":884,"y":269},{"x":965,"y":271},{"x":1134,"y":259},{"x":1245,"y":256}],"direction":"hrl","glyphs":[{"index":32,"name":"𓅓","position":{"x":270,"y":282,"w":41,"h":51}},{"index":31,"name":"𓏤","position":{"x":329,"y":277,"w":8,"h":47}},{"index":30,"name":"𓃒","position":{"x":346,"y":278,"w":69,"h":46}},{"index":27,"name":"𓈖","position":{"x":406,"y":316,"w":39,"h":12}},{"index":26,"name":"𓄹","position":{"x":417,"y":310,"w":64,"h":45}},{"index":25,"name":"𓂢","position":{"x":433,"y":273,"w":69,"h":39}},{"index":24,"name":"𓏠𓐰𓈖","position":{"x":508,"y":278,"w":46,"h":58}},{"index":23,"name":"𓂋","position":{"x":572,"y":308,"w":36,"h":25}},{"index":22,"name":"𓍫","position":{"x":578,"y":286,"w":74,"h":93}},{"index":19,"name":"𓏒","position":{"x":661,"y":281,"w":32,"h":38}},{"index":18,"name":"𓏥","position":{"x":667,"y":322,"w":33,"h":12}},{"index":17,"name":"𓏏𓐰𓏐","position":{"x":702,"y":275,"w":22,"h":57}},{"index":15,"name":"𓅓𓀁","position":{"x":745,"y":277,"w":70,"h":56}},{"index":14,"name":"𓏶","position":{"x":817,"y":272,"w":57,"h":59}},{"index":13,"name":"𓆑","position":{"x":876,"y":313,"w":89,"h":56}},{"index":12,"name":"𓏤","position":{"x":877,"y":276,"w":11,"h":54}},{"index":11,"name":"𓁷","position":{"x":887,"y":280,"w":28,"h":51}},{"index":33,"name":"𓏲","position":{"x":931,"y":278,"w":30,"h":38}},{"index":10,"name":"𓇋","position":{"x":970,"y":276,"w":28,"h":58}},{"index":9,"name":"𓎆","position":{"x":1011,"y":275,"w":25,"h":52}},{"index":8,"name":"𓍢","position":{"x":1017,"y":308,"w":64,"h":55}},{"index":7,"name":"𓏏","position":{"x":1052,"y":280,"w":26,"h":19}},{"index":6,"name":"𓆳","position":{"x":1093,"y":274,"w":39,"h":54}},{"index":5,"name":"𓈖","position":{"x":1135,"y":315,"w":38,"h":11}},{"index":4,"name":"𓅪","position":{"x":1173,"y":260,"w":71,"h":41}},{"index":3,"name":"𓀀","position":{"x":1185,"y":303,"w":24,"h":21}},{"index":2,"name":"𓋴","position":{"x":1222,"y":272,"w":25,"h":60}},{"index":1,"name":"𓆓","position":{"x":1258,"y":272,"w":56,"h":63}},{"index":0,"name":"𓈖","position":{"x":1266,"y":270,"w":32,"h":10}}]},{"index":2,"name":"7,3","points":[{"x":1316,"y":328},{"x":1320,"y":374},{"x":1305,"y":382},{"x":1245,"y":395},{"x":1224,"y":397},{"x":1207,"y":413},{"x":1194,"y":434},{"x":1190,"y":441},{"x":1183,"y":439},{"x":1188,"y":425},{"x":1207,"y":396},{"x":1180,"y":401},{"x":1113,"y":400},{"x":1052,"y":407},{"x":961,"y":410},{"x":890,"y":412},{"x":836,"y":415},{"x":774,"y":418},{"x":659,"y":413},{"x":576,"y":416},{"x":547,"y":430},{"x":532,"y":439},{"x":525,"y":447},{"x":498,"y":500},{"x":491,"y":514},{"x":480,"y":506},{"x":492,"y":487},{"x":500,"y":473},{"x":506,"y":467},{"x":516,"y":450},{"x":516,"y":442},{"x":501,"y":414},{"x":440,"y":413},{"x":293,"y":410},{"x":250,"y":409},{"x":237,"y":344},{"x":321,"y":345},{"x":400,"y":346},{"x":414,"y":354},{"x":434,"y":357},{"x":490,"y":333},{"x":562,"y":369},{"x":574,"y":381},{"x":590,"y":376},{"x":630,"y":350},{"x":745,"y":340},{"x":854,"y":342},{"x":914,"y":352},{"x":995,"y":339},{"x":1014,"y":365},{"x":1022,"y":364},{"x":1037,"y":350},{"x":1066,"y":330},{"x":1160,"y":334},{"x":1177,"y":324},{"x":1201,"y":330},{"x":1224,"y":318},{"x":1236,"y":340},{"x":1255,"y":342},{"x":1281,"y":325}],"direction":"hrl","glyphs":[{"index":35,"name":"𓏤","position":{"x":251,"y":354,"w":16,"h":48}},{"index":34,"name":"𓇳","position":{"x":267,"y":362,"w":38,"h":33}},{"index":33,"name":"𓏲","position":{"x":296,"y":368,"w":26,"h":29}},{"index":32,"name":"𓂋","position":{"x":316,"y":367,"w":25,"h":33}},{"index":31,"name":"𓅓𓉔","position":{"x":348,"y":349,"w":80,"h":54}},{"index":30,"name":"𓏛","position":{"x":439,"y":370,"w":25,"h":38}},{"index":28,"name":"𓏠𓐰𓈖","position":{"x":468,"y":348,"w":35,"h":60}},{"index":27,"name":"𓍢","position":{"x":487,"y":380,"w":113,"h":127}},{"index":25,"name":"𓂋","position":{"x":517,"y":374,"w":38,"h":25}},{"index":23,"name":"𓏊","position":{"x":601,"y":361,"w":48,"h":44}},{"index":21,"name":"𓂧","position":{"x":663,"y":349,"w":56,"h":34}},{"index":20,"name":"𓊃","position":{"x":667,"y":385,"w":65,"h":20}},{"index":19,"name":"𓏊","position":{"x":731,"y":345,"w":48,"h":41}},{"index":18,"name":"𓏥","position":{"x":743,"y":390,"w":43,"h":16}},{"index":16,"name":"𓈎𓐰𓏏","position":{"x":793,"y":349,"w":29,"h":58}},{"index":15,"name":"𓎛","position":{"x":831,"y":345,"w":21,"h":66}},{"index":14,"name":"𓀁","position":{"x":866,"y":355,"w":40,"h":53}},{"index":13,"name":"𓈗","position":{"x":913,"y":361,"w":43,"h":45}},{"index":11,"name":"𓇋","position":{"x":969,"y":347,"w":26,"h":55}},{"index":8,"name":"𓋴","position":{"x":1078,"y":338,"w":25,"h":58}},{"index":7,"name":"𓈖","position":{"x":1112,"y":349,"w":34,"h":20}},{"index":6,"name":"𓂝","position":{"x":1116,"y":371,"w":38,"h":24}},{"index":5,"name":"𓎛","position":{"x":1160,"y":330,"w":21,"h":59}},{"index":4,"name":"𓆑","position":{"x":1186,"y":365,"w":94,"h":72}},{"index":3,"name":"𓄹","position":{"x":1195,"y":326,"w":32,"h":41}},{"index":2,"name":"𓏥","position":{"x":1200,"y":369,"w":31,"h":12}},{"index":1,"name":"𓏲","position":{"x":1245,"y":336,"w":30,"h":29}},{"index":0,"name":"𓇋","position":{"x":1287,"y":330,"w":30,"h":49}}]},{"index":3,"name":"7,4","points":[{"x":1314,"y":389},{"x":1322,"y":454},{"x":1265,"y":454},{"x":1211,"y":462},{"x":1189,"y":469},{"x":1181,"y":468},{"x":1163,"y":476},{"x":1154,"y":487},{"x":1140,"y":508},{"x":1133,"y":505},{"x":1132,"y":497},{"x":1140,"y":489},{"x":1143,"y":468},{"x":1079,"y":478},{"x":1039,"y":481},{"x":1002,"y":475},{"x":948,"y":482},{"x":898,"y":482},{"x":837,"y":485},{"x":826,"y":474},{"x":814,"y":483},{"x":796,"y":487},{"x":752,"y":490},{"x":625,"y":498},{"x":562,"y":514},{"x":503,"y":494},{"x":470,"y":490},{"x":350,"y":492},{"x":276,"y":491},{"x":257,"y":474},{"x":257,"y":425},{"x":340,"y":414},{"x":501,"y":414},{"x":511,"y":441},{"x":514,"y":447},{"x":547,"y":433},{"x":585,"y":415},{"x":693,"y":417},{"x":806,"y":416},{"x":889,"y":412},{"x":990,"y":409},{"x":1077,"y":402},{"x":1171,"y":399},{"x":1208,"y":394},{"x":1219,"y":405},{"x":1228,"y":396}],"direction":"hrl","glyphs":[{"index":34,"name":"𓂻","position":{"x":265,"y":437,"w":79,"h":32}},{"index":33,"name":"𓅓","position":{"x":330,"y":431,"w":43,"h":48}},{"index":32,"name":"𓈝","position":{"x":380,"y":426,"w":78,"h":55}},{"index":29,"name":"𓂋𓐰𓂝","position":{"x":461,"y":421,"w":48,"h":47}},{"index":28,"name":"𓏏","position":{"x":465,"y":463,"w":31,"h":25}},{"index":27,"name":"𓏛","position":{"x":522,"y":440,"w":32,"h":38}},{"index":25,"name":"𓂋","position":{"x":559,"y":420,"w":47,"h":23}},{"index":24,"name":"𓐍","position":{"x":566,"y":444,"w":39,"h":32}},{"index":23,"name":"𓆑","position":{"x":569,"y":460,"w":90,"h":50}},{"index":21,"name":"𓏲","position":{"x":620,"y":422,"w":32,"h":35}},{"index":20,"name":"𓇋","position":{"x":664,"y":421,"w":26,"h":59}},{"index":19,"name":"𓂡","position":{"x":692,"y":442,"w":54,"h":44}},{"index":18,"name":"𓏴","position":{"x":695,"y":424,"w":30,"h":28}},{"index":17,"name":"𓈎","position":{"x":756,"y":442,"w":31,"h":36}},{"index":16,"name":"𓋴","position":{"x":790,"y":422,"w":25,"h":60}},{"index":15,"name":"𓎛","position":{"x":824,"y":418,"w":22,"h":63}},{"index":14,"name":"𓏤","position":{"x":857,"y":419,"w":18,"h":61}},{"index":13,"name":"𓁶","position":{"x":879,"y":415,"w":63,"h":62}},{"index":11,"name":"𓂡","position":{"x":954,"y":458,"w":48,"h":17}},{"index":10,"name":"𓍢","position":{"x":958,"y":425,"w":24,"h":30}},{"index":9,"name":"𓋭","position":{"x":1013,"y":407,"w":72,"h":41}},{"index":8,"name":"𓊃","position":{"x":1017,"y":447,"w":74,"h":28}},{"index":7,"name":"𓏛","position":{"x":1094,"y":431,"w":33,"h":37}},{"index":6,"name":"𓂋","position":{"x":1129,"y":410,"w":35,"h":22}},{"index":5,"name":"𓆑","position":{"x":1132,"y":440,"w":88,"h":61}},{"index":4,"name":"𓐍","position":{"x":1135,"y":433,"w":36,"h":29}},{"index":3,"name":"𓏲","position":{"x":1180,"y":401,"w":29,"h":34}},{"index":2,"name":"𓇋","position":{"x":1225,"y":399,"w":29,"h":51}},{"index":1,"name":"𓈖","position":{"x":1261,"y":431,"w":49,"h":19}},{"index":0,"name":"𓊪","position":{"x":1265,"y":395,"w":42,"h":34}}]},{"index":5,"name":"7,5","points":[{"x":1327,"y":462},{"x":1330,"y":498},{"x":1314,"y":530},{"x":1287,"y":533},{"x":1193,"y":538},{"x":1093,"y":546},{"x":977,"y":566},{"x":938,"y":600},{"x":819,"y":665},{"x":792,"y":613},{"x":776,"y":555},{"x":749,"y":512},{"x":751,"y":491},{"x":806,"y":487},{"x":818,"y":481},{"x":824,"y":473},{"x":842,"y":488},{"x":926,"y":481},{"x":974,"y":479},{"x":1006,"y":474},{"x":1044,"y":483},{"x":1094,"y":475},{"x":1139,"y":467},{"x":1143,"y":485},{"x":1138,"y":495},{"x":1138,"y":501},{"x":1150,"y":495},{"x":1157,"y":481},{"x":1164,"y":475},{"x":1181,"y":467},{"x":1191,"y":468},{"x":1279,"y":460}],"direction":"hrl","glyphs":[{"index":18,"name":"𓇾","position":{"x":760,"y":480,"w":68,"h":33}},{"index":17,"name":"𓏤","position":{"x":779,"y":519,"w":11,"h":29}},{"index":16,"name":"𓈇","position":{"x":791,"y":518,"w":30,"h":30}},{"index":15,"name":"𓆑","position":{"x":826,"y":521,"w":101,"h":124}},{"index":1,"name":"𓏤","position":{"x":841,"y":490,"w":14,"h":47}},{"index":4,"name":"𓁷","position":{"x":846,"y":494,"w":33,"h":50}},{"index":13,"name":"𓏤","position":{"x":930,"y":486,"w":12,"h":59}},{"index":12,"name":"𓆑","position":{"x":937,"y":517,"w":94,"h":72}},{"index":11,"name":"𓍼","position":{"x":948,"y":479,"w":58,"h":64}},{"index":10,"name":"𓏤","position":{"x":1038,"y":487,"w":10,"h":57}},{"index":9,"name":"𓐟","position":{"x":1054,"y":482,"w":32,"h":58}},{"index":8,"name":"𓏤","position":{"x":1098,"y":482,"w":12,"h":60}},{"index":7,"name":"𓁷","position":{"x":1111,"y":482,"w":29,"h":55}},{"index":6,"name":"𓏤","position":{"x":1158,"y":478,"w":14,"h":55}},{"index":5,"name":"𓄛","position":{"x":1175,"y":467,"w":31,"h":64}},{"index":3,"name":"𓇋","position":{"x":1206,"y":476,"w":26,"h":50}},{"index":2,"name":"𓄿","position":{"x":1239,"y":478,"w":62,"h":47}},{"index":0,"name":"𓌳","position":{"x":1275,"y":468,"w":50,"h":37}}]},{"index":6,"name":"8,5","points":[{"x":809,"y":679},{"x":846,"y":680},{"x":844,"y":732},{"x":846,"y":738},{"x":846,"y":748},{"x":783,"y":759},{"x":735,"y":756},{"x":711,"y":766},{"x":700,"y":757},{"x":648,"y":760},{"x":600,"y":752},{"x":533,"y":748},{"x":468,"y":749},{"x":372,"y":739},{"x":283,"y":736},{"x":229,"y":792},{"x":203,"y":790},{"x":200,"y":700},{"x":232,"y":657},{"x":319,"y":662},{"x":397,"y":662}],"direction":"hrl","glyphs":[{"index":0,"name":"𓆑","position":{"x":224,"y":713,"w":77,"h":70}},{"index":17,"name":"𓀻","position":{"x":233,"y":665,"w":52,"h":55}},{"index":16,"name":"𓂞","position":{"x":307,"y":703,"w":47,"h":23}},{"index":15,"name":"𓂞","position":{"x":310,"y":671,"w":62,"h":31}},{"index":14,"name":"𓅃","position":{"x":358,"y":677,"w":78,"h":57}},{"index":10,"name":"𓅭","position":{"x":423,"y":703,"w":56,"h":38}},{"index":9,"name":"𓏏𓐰𓈖","position":{"x":473,"y":688,"w":32,"h":53}},{"index":8,"name":"𓇓","position":{"x":512,"y":684,"w":43,"h":57}},{"index":7,"name":"𓁹","position":{"x":554,"y":687,"w":120,"h":23}},{"index":6,"name":"𓈖","position":{"x":564,"y":728,"w":67,"h":13}},{"index":5,"name":"𓏲","position":{"x":645,"y":723,"w":22,"h":32}},{"index":4,"name":"𓂻","position":{"x":673,"y":698,"w":63,"h":25}},{"index":3,"name":"𓊪","position":{"x":679,"y":726,"w":40,"h":35}},{"index":2,"name":"𓈎","position":{"x":746,"y":693,"w":26,"h":31}},{"index":1,"name":"𓅧","position":{"x":747,"y":689,"w":99,"h":61}}]},{"index":7,"name":"8,6","points":[{"x":1397,"y":749},{"x":1400,"y":789},{"x":1394,"y":811},{"x":1363,"y":810},{"x":1336,"y":825},{"x":1285,"y":822},{"x":1242,"y":830},{"x":1176,"y":823},{"x":1159,"y":819},{"x":1148,"y":827},{"x":1114,"y":825},{"x":1037,"y":821},{"x":1020,"y":811},{"x":1002,"y":823},{"x":961,"y":821},{"x":925,"y":819},{"x":857,"y":819},{"x":808,"y":824},{"x":771,"y":838},{"x":753,"y":859},{"x":746,"y":858},{"x":751,"y":843},{"x":756,"y":827},{"x":737,"y":827},{"x":701,"y":830},{"x":690,"y":820},{"x":672,"y":828},{"x":635,"y":822},{"x":610,"y":827},{"x":587,"y":819},{"x":569,"y":814},{"x":552,"y":817},{"x":532,"y":811},{"x":521,"y":816},{"x":491,"y":813},{"x":449,"y":815},{"x":379,"y":814},{"x":314,"y":815},{"x":242,"y":810},{"x":238,"y":793},{"x":278,"y":759},{"x":301,"y":738},{"x":400,"y":739},{"x":485,"y":747},{"x":644,"y":759},{"x":700,"y":759},{"x":713,"y":766},{"x":742,"y":752},{"x":813,"y":754},{"x":943,"y":754},{"x":991,"y":749},{"x":1026,"y":757},{"x":1051,"y":753},{"x":1072,"y":744},{"x":1076,"y":743},{"x":1080,"y":746},{"x":1105,"y":767},{"x":1175,"y":759},{"x":1225,"y":766},{"x":1256,"y":755},{"x":1268,"y":757},{"x":1283,"y":756},{"x":1302,"y":755},{"x":1312,"y":749},{"x":1318,"y":748},{"x":1322,"y":752}],"direction":"hrl","glyphs":[{"index":35,"name":"𓅭","position":{"x":248,"y":758,"w":60,"h":43}},{"index":34,"name":"𓏏𓐰𓈖","position":{"x":311,"y":748,"w":32,"h":53}},{"index":33,"name":"𓇓","position":{"x":357,"y":746,"w":43,"h":53}},{"index":32,"name":"𓈖","position":{"x":398,"y":797,"w":45,"h":13}},{"index":31,"name":"𓇋","position":{"x":444,"y":756,"w":27,"h":55}},{"index":30,"name":"𓆓","position":{"x":471,"y":759,"w":63,"h":49}},{"index":29,"name":"𓂧","position":{"x":478,"y":786,"w":57,"h":27}},{"index":28,"name":"𓀁","position":{"x":541,"y":756,"w":48,"h":59}},{"index":26,"name":"𓏲","position":{"x":592,"y":780,"w":17,"h":36}},{"index":25,"name":"𓊤","position":{"x":616,"y":762,"w":29,"h":60}},{"index":24,"name":"𓂝","position":{"x":646,"y":801,"w":40,"h":23}},{"index":23,"name":"𓌳","position":{"x":684,"y":763,"w":35,"h":38}},{"index":22,"name":"𓐙","position":{"x":694,"y":804,"w":31,"h":21}},{"index":21,"name":"𓏲𓍺","position":{"x":734,"y":762,"w":57,"h":59}},{"index":20,"name":"𓆑","position":{"x":749,"y":797,"w":91,"h":60}},{"index":18,"name":"𓐍","position":{"x":801,"y":760,"w":41,"h":27}},{"index":17,"name":"𓍹","position":{"x":859,"y":770,"w":17,"h":43}},{"index":16,"name":"𓇓𓆤","position":{"x":885,"y":756,"w":142,"h":60}},{"index":10,"name":"𓈖","position":{"x":1031,"y":805,"w":41,"h":10}},{"index":11,"name":"𓏤","position":{"x":1035,"y":759,"w":15,"h":34}},{"index":9,"name":"𓍛","position":{"x":1059,"y":744,"w":43,"h":77}},{"index":7,"name":"𓂜","position":{"x":1105,"y":792,"w":50,"h":30}},{"index":5,"name":"𓀁","position":{"x":1163,"y":765,"w":40,"h":53}},{"index":4,"name":"𓏏","position":{"x":1212,"y":792,"w":28,"h":25}},{"index":3,"name":"𓇋","position":{"x":1246,"y":757,"w":32,"h":64}},{"index":2,"name":"𓏇","position":{"x":1272,"y":751,"w":45,"h":65}},{"index":1,"name":"𓋴","position":{"x":1318,"y":756,"w":28,"h":60}},{"index":0,"name":"𓂋","position":{"x":1360,"y":771,"w":33,"h":30}}]},{"index":9,"name":"8,7","points":[{"x":1401,"y":815},{"x":1400,"y":851},{"x":1411,"y":872},{"x":1385,"y":883},{"x":1292,"y":888},{"x":1238,"y":888},{"x":1190,"y":896},{"x":1160,"y":919},{"x":1151,"y":927},{"x":1140,"y":924},{"x":1140,"y":893},{"x":1128,"y":890},{"x":1073,"y":893},{"x":963,"y":893},{"x":900,"y":893},{"x":794,"y":895},{"x":703,"y":889},{"x":660,"y":885},{"x":613,"y":885},{"x":545,"y":886},{"x":493,"y":878},{"x":446,"y":880},{"x":399,"y":877},{"x":352,"y":868},{"x":328,"y":875},{"x":280,"y":866},{"x":268,"y":851},{"x":300,"y":813},{"x":405,"y":816},{"x":468,"y":814},{"x":506,"y":815},{"x":523,"y":816},{"x":533,"y":809},{"x":556,"y":818},{"x":578,"y":816},{"x":597,"y":821},{"x":623,"y":825},{"x":648,"y":823},{"x":672,"y":828},{"x":690,"y":819},{"x":701,"y":830},{"x":755,"y":827},{"x":750,"y":845},{"x":747,"y":858},{"x":753,"y":859},{"x":803,"y":828},{"x":810,"y":822},{"x":912,"y":819},{"x":959,"y":819},{"x":1005,"y":826},{"x":1012,"y":836},{"x":1031,"y":821},{"x":1076,"y":827},{"x":1140,"y":828},{"x":1160,"y":819},{"x":1206,"y":826},{"x":1320,"y":824},{"x":1375,"y":810}],"direction":"hrl","glyphs":[{"index":35,"name":"𓈖","position":{"x":280,"y":854,"w":42,"h":14}},{"index":34,"name":"𓇋","position":{"x":328,"y":819,"w":24,"h":53}},{"index":33,"name":"𓆓","position":{"x":359,"y":821,"w":63,"h":45}},{"index":32,"name":"𓂧","position":{"x":365,"y":846,"w":57,"h":30}},{"index":31,"name":"𓏛𓐰𓀀","position":{"x":432,"y":823,"w":43,"h":52}},{"index":29,"name":"𓇋","position":{"x":486,"y":816,"w":23,"h":60}},{"index":28,"name":"𓊽","position":{"x":510,"y":814,"w":45,"h":67}},{"index":26,"name":"𓊽","position":{"x":557,"y":818,"w":45,"h":65}},{"index":25,"name":"𓈖𓐰𓈖","position":{"x":604,"y":827,"w":45,"h":35}},{"index":24,"name":"𓀀","position":{"x":614,"y":861,"w":38,"h":22}},{"index":22,"name":"𓏎","position":{"x":657,"y":825,"w":37,"h":57}},{"index":21,"name":"𓏲","position":{"x":708,"y":852,"w":18,"h":29}},{"index":20,"name":"𓇋","position":{"x":733,"y":833,"w":18,"h":56}},{"index":19,"name":"𓀀","position":{"x":767,"y":861,"w":32,"h":28}},{"index":17,"name":"𓅆","position":{"x":797,"y":826,"w":23,"h":59}},{"index":15,"name":"𓎟","position":{"x":819,"y":847,"w":58,"h":36}},{"index":14,"name":"𓋴","position":{"x":884,"y":825,"w":26,"h":62}},{"index":13,"name":"𓍒","position":{"x":917,"y":830,"w":22,"h":54}},{"index":12,"name":"𓋹","position":{"x":929,"y":823,"w":32,"h":64}},{"index":11,"name":"𓅆","position":{"x":965,"y":826,"w":16,"h":64}},{"index":10,"name":"𓇋","position":{"x":993,"y":830,"w":22,"h":57}},{"index":9,"name":"𓇋","position":{"x":1018,"y":831,"w":20,"h":55}},{"index":8,"name":"𓍘","position":{"x":1045,"y":829,"w":24,"h":59}},{"index":7,"name":"𓇋𓀁","position":{"x":1082,"y":830,"w":70,"h":55}},{"index":6,"name":"𓆑𓀻","position":{"x":1151,"y":824,"w":89,"h":99}},{"index":4,"name":"𓂞","position":{"x":1253,"y":858,"w":51,"h":24}},{"index":3,"name":"𓂞","position":{"x":1254,"y":830,"w":52,"h":21}},{"index":2,"name":"𓅃","position":{"x":1309,"y":815,"w":90,"h":60}}]},{"index":8,"name":"8,8","points":[{"x":1397,"y":888},{"x":1389,"y":956},{"x":1340,"y":957},{"x":1304,"y":947},{"x":1269,"y":961},{"x":1252,"y":981},{"x":1227,"y":1016},{"x":1220,"y":1021},{"x":1216,"y":1017},{"x":1222,"y":1004},{"x":1235,"y":982},{"x":1239,"y":960},{"x":1222,"y":951},{"x":1201,"y":952},{"x":1157,"y":954},{"x":1135,"y":948},{"x":1114,"y":957},{"x":1010,"y":961},{"x":954,"y":959},{"x":913,"y":955},{"x":868,"y":957},{"x":833,"y":961},{"x":816,"y":967},{"x":794,"y":959},{"x":748,"y":960},{"x":663,"y":956},{"x":630,"y":953},{"x":620,"y":954},{"x":612,"y":949},{"x":596,"y":954},{"x":584,"y":954},{"x":542,"y":963},{"x":520,"y":982},{"x":505,"y":1002},{"x":486,"y":1026},{"x":478,"y":1023},{"x":487,"y":1015},{"x":497,"y":1002},{"x":511,"y":983},{"x":524,"y":967},{"x":528,"y":942},{"x":489,"y":943},{"x":472,"y":952},{"x":449,"y":943},{"x":384,"y":947},{"x":347,"y":942},{"x":284,"y":936},{"x":241,"y":933},{"x":244,"y":866},{"x":326,"y":873},{"x":335,"y":874},{"x":347,"y":869},{"x":378,"y":873},{"x":412,"y":882},{"x":442,"y":879},{"x":494,"y":879},{"x":550,"y":887},{"x":653,"y":886},{"x":787,"y":895},{"x":932,"y":893},{"x":1082,"y":894},{"x":1133,"y":890},{"x":1148,"y":926},{"x":1153,"y":926},{"x":1165,"y":914},{"x":1200,"y":896},{"x":1260,"y":888},{"x":1342,"y":885}],"direction":"hrl","glyphs":[{"index":29,"name":"𓉐𓐰𓈖","position":{"x":249,"y":876,"w":52,"h":57}},{"index":28,"name":"𓇇","position":{"x":321,"y":872,"w":48,"h":65}},{"index":27,"name":"𓐍","position":{"x":370,"y":879,"w":39,"h":30}},{"index":26,"name":"𓏭","position":{"x":384,"y":912,"w":19,"h":26}},{"index":4,"name":"𓄿","position":{"x":424,"y":886,"w":47,"h":54}},{"index":20,"name":"𓍯","position":{"x":470,"y":881,"w":58,"h":67}},{"index":24,"name":"𓆑","position":{"x":485,"y":936,"w":118,"h":87}},{"index":22,"name":"𓂋","position":{"x":524,"y":909,"w":42,"h":24}},{"index":21,"name":"𓅆","position":{"x":608,"y":889,"w":19,"h":63}},{"index":19,"name":"𓏤","position":{"x":631,"y":911,"w":12,"h":38}},{"index":18,"name":"𓍛","position":{"x":639,"y":892,"w":33,"h":60}},{"index":17,"name":"𓁹","position":{"x":677,"y":896,"w":106,"h":26}},{"index":16,"name":"𓈖","position":{"x":689,"y":934,"w":56,"h":14}},{"index":15,"name":"𓏲","position":{"x":775,"y":925,"w":19,"h":30}},{"index":14,"name":"𓂻","position":{"x":781,"y":897,"w":82,"h":23}},{"index":13,"name":"𓊪","position":{"x":801,"y":928,"w":32,"h":34}},{"index":12,"name":"𓄿","position":{"x":849,"y":903,"w":55,"h":49}},{"index":11,"name":"𓍒","position":{"x":902,"y":896,"w":28,"h":57}},{"index":10,"name":"𓏲𓅱","position":{"x":939,"y":902,"w":61,"h":54}},{"index":9,"name":"𓇓","position":{"x":999,"y":898,"w":45,"h":55}},{"index":8,"name":"𓈖𓐰𓈖𓐰𓀀","position":{"x":1045,"y":900,"w":49,"h":49}},{"index":7,"name":"𓏎","position":{"x":1095,"y":893,"w":35,"h":59}},{"index":6,"name":"𓂻","position":{"x":1145,"y":923,"w":54,"h":28}},{"index":5,"name":"𓊃𓐰𓂻","position":{"x":1186,"y":895,"w":69,"h":55}},{"index":3,"name":"𓇋","position":{"x":1259,"y":892,"w":24,"h":55}},{"index":2,"name":"𓅆","position":{"x":1322,"y":892,"w":18,"h":56}},{"index":1,"name":"𓏤","position":{"x":1344,"y":906,"w":11,"h":41}},{"index":0,"name":"𓍛","position":{"x":1355,"y":891,"w":31,"h":62}}]},{"index":10,"name":"8,9","points":[{"x":1384,"y":962},{"x":1381,"y":1003},{"x":1367,"y":1015},{"x":1362,"y":1020},{"x":1358,"y":1022},{"x":1351,"y":1015},{"x":1330,"y":1011},{"x":1309,"y":1013},{"x":1282,"y":1023},{"x":1221,"y":1024},{"x":1184,"y":1035},{"x":1156,"y":1024},{"x":1133,"y":1032},{"x":1088,"y":1036},{"x":1044,"y":1036},{"x":948,"y":1041},{"x":938,"y":1039},{"x":922,"y":1044},{"x":899,"y":1060},{"x":884,"y":1061},{"x":866,"y":1033},{"x":803,"y":1033},{"x":782,"y":1021},{"x":761,"y":1030},{"x":732,"y":1021},{"x":705,"y":1025},{"x":583,"y":1027},{"x":511,"y":1033},{"x":482,"y":1040},{"x":469,"y":1050},{"x":448,"y":1079},{"x":443,"y":1074},{"x":442,"y":1031},{"x":343,"y":1023},{"x":330,"y":1024},{"x":320,"y":1016},{"x":280,"y":1014},{"x":207,"y":1021},{"x":166,"y":1007},{"x":177,"y":941},{"x":224,"y":932},{"x":277,"y":936},{"x":305,"y":937},{"x":386,"y":947},{"x":457,"y":945},{"x":473,"y":952},{"x":499,"y":942},{"x":529,"y":943},{"x":526,"y":964},{"x":538,"y":973},{"x":579,"y":955},{"x":593,"y":952},{"x":608,"y":953},{"x":612,"y":949},{"x":621,"y":954},{"x":644,"y":956},{"x":760,"y":959},{"x":802,"y":960},{"x":820,"y":966},{"x":844,"y":960},{"x":886,"y":954},{"x":927,"y":957},{"x":996,"y":960},{"x":1117,"y":956},{"x":1133,"y":950},{"x":1156,"y":954},{"x":1223,"y":951},{"x":1238,"y":961},{"x":1278,"y":960},{"x":1293,"y":949},{"x":1312,"y":948},{"x":1350,"y":959}],"direction":"hrl","glyphs":[{"index":42,"name":"𓇋𓐱𓐷𓏛𓐰𓀀𓐸","position":{"x":181,"y":940,"w":56,"h":68}},{"index":8,"name":"𓊽","position":{"x":234,"y":938,"w":39,"h":74}},{"index":16,"name":"𓊽","position":{"x":270,"y":938,"w":42,"h":74}},{"index":39,"name":"𓏏","position":{"x":308,"y":987,"w":32,"h":34}},{"index":38,"name":"𓋴","position":{"x":345,"y":950,"w":24,"h":68}},{"index":37,"name":"𓀁","position":{"x":383,"y":955,"w":45,"h":64}},{"index":35,"name":"𓆵","position":{"x":433,"y":951,"w":40,"h":70}},{"index":34,"name":"𓆑","position":{"x":446,"y":991,"w":121,"h":85}},{"index":33,"name":"𓊪𓐰𓏏","position":{"x":477,"y":948,"w":54,"h":67}},{"index":32,"name":"𓏭","position":{"x":482,"y":990,"w":12,"h":23}},{"index":30,"name":"𓅆","position":{"x":570,"y":955,"w":22,"h":64}},{"index":28,"name":"𓏤","position":{"x":606,"y":979,"w":10,"h":40}},{"index":27,"name":"𓍛","position":{"x":610,"y":952,"w":35,"h":65}},{"index":25,"name":"𓈖","position":{"x":643,"y":1004,"w":33,"h":10}},{"index":24,"name":"𓇋","position":{"x":680,"y":966,"w":23,"h":53}},{"index":23,"name":"𓆓","position":{"x":711,"y":967,"w":55,"h":42}},{"index":22,"name":"𓂧","position":{"x":717,"y":994,"w":54,"h":28}},{"index":21,"name":"𓏛","position":{"x":782,"y":965,"w":35,"h":35}},{"index":19,"name":"𓀀","position":{"x":791,"y":999,"w":38,"h":28}},{"index":17,"name":"𓇋","position":{"x":828,"y":967,"w":25,"h":57}},{"index":2,"name":"𓊽","position":{"x":857,"y":959,"w":47,"h":66}},{"index":15,"name":"𓆑","position":{"x":898,"y":1005,"w":81,"h":53}},{"index":6,"name":"𓊽","position":{"x":903,"y":959,"w":44,"h":66}},{"index":14,"name":"𓈖","position":{"x":950,"y":976,"w":33,"h":25}},{"index":13,"name":"𓏲","position":{"x":988,"y":999,"w":24,"h":34}},{"index":12,"name":"𓈖","position":{"x":991,"y":973,"w":48,"h":19}},{"index":11,"name":"𓏏","position":{"x":1006,"y":1004,"w":37,"h":30}},{"index":10,"name":"𓇋","position":{"x":1047,"y":971,"w":32,"h":61}},{"index":9,"name":"𓍬","position":{"x":1079,"y":954,"w":68,"h":79}},{"index":7,"name":"𓂻","position":{"x":1110,"y":1003,"w":41,"h":23}},{"index":5,"name":"𓋴","position":{"x":1155,"y":959,"w":28,"h":65}},{"index":4,"name":"𓍒","position":{"x":1190,"y":962,"w":27,"h":63}},{"index":3,"name":"𓋹","position":{"x":1206,"y":955,"w":26,"h":59}},{"index":1,"name":"𓏤","position":{"x":1311,"y":964,"w":12,"h":45}},{"index":0,"name":"𓉐","position":{"x":1330,"y":969,"w":45,"h":49}}]},{"index":11,"name":"8,10","points":[{"x":1391,"y":1012},{"x":1385,"y":1085},{"x":1306,"y":1089},{"x":1247,"y":1094},{"x":1184,"y":1088},{"x":1123,"y":1093},{"x":1041,"y":1097},{"x":925,"y":1102},{"x":818,"y":1102},{"x":726,"y":1102},{"x":615,"y":1105},{"x":536,"y":1101},{"x":438,"y":1103},{"x":396,"y":1106},{"x":391,"y":1096},{"x":384,"y":1097},{"x":374,"y":1104},{"x":344,"y":1113},{"x":309,"y":1118},{"x":296,"y":1101},{"x":234,"y":1097},{"x":191,"y":1076},{"x":215,"y":1030},{"x":282,"y":1013},{"x":320,"y":1015},{"x":331,"y":1025},{"x":369,"y":1026},{"x":445,"y":1034},{"x":443,"y":1074},{"x":449,"y":1079},{"x":468,"y":1049},{"x":468,"y":1038},{"x":493,"y":1036},{"x":564,"y":1029},{"x":642,"y":1028},{"x":724,"y":1022},{"x":749,"y":1025},{"x":762,"y":1030},{"x":779,"y":1022},{"x":809,"y":1037},{"x":872,"y":1034},{"x":896,"y":1060},{"x":901,"y":1058},{"x":916,"y":1049},{"x":923,"y":1043},{"x":923,"y":1036},{"x":936,"y":1034},{"x":945,"y":1036},{"x":1008,"y":1045},{"x":1069,"y":1037},{"x":1117,"y":1036},{"x":1159,"y":1023},{"x":1189,"y":1036},{"x":1270,"y":1025},{"x":1318,"y":1011},{"x":1349,"y":1011},{"x":1360,"y":1012},{"x":1366,"y":1017},{"x":1381,"y":1003}],"direction":"hrl","glyphs":[{"index":28,"name":"𓇋","position":{"x":278,"y":1018,"w":26,"h":65}},{"index":26,"name":"𓏲","position":{"x":303,"y":1051,"w":98,"h":63}},{"index":25,"name":"𓇋","position":{"x":305,"y":1020,"w":23,"h":64}},{"index":24,"name":"𓇍","position":{"x":331,"y":1029,"w":54,"h":55}},{"index":22,"name":"𓊪","position":{"x":394,"y":1054,"w":51,"h":50}},{"index":21,"name":"𓏲𓀁","position":{"x":457,"y":1041,"w":71,"h":52}},{"index":20,"name":"𓋴","position":{"x":541,"y":1033,"w":25,"h":60}},{"index":19,"name":"𓇋","position":{"x":576,"y":1034,"w":25,"h":59}},{"index":18,"name":"𓈖","position":{"x":602,"y":1080,"w":40,"h":18}},{"index":17,"name":"𓏛𓐰𓀀","position":{"x":638,"y":1034,"w":51,"h":62}},{"index":15,"name":"𓇋","position":{"x":692,"y":1034,"w":23,"h":61}},{"index":14,"name":"𓊽","position":{"x":714,"y":1025,"w":50,"h":70}},{"index":13,"name":"𓈖𓊽","position":{"x":767,"y":1026,"w":78,"h":70}},{"index":11,"name":"𓇋","position":{"x":847,"y":1045,"w":29,"h":53}},{"index":10,"name":"𓆓","position":{"x":877,"y":1036,"w":66,"h":51}},{"index":9,"name":"𓏲𓂧","position":{"x":883,"y":1054,"w":97,"h":45}},{"index":8,"name":"𓏏","position":{"x":970,"y":1054,"w":33,"h":36}},{"index":7,"name":"𓈖𓐰𓀀","position":{"x":1012,"y":1043,"w":52,"h":48}},{"index":6,"name":"𓁹𓄿","position":{"x":1071,"y":1042,"w":145,"h":48}},{"index":5,"name":"𓌳","position":{"x":1136,"y":1032,"w":58,"h":28}},{"index":4,"name":"𓂋","position":{"x":1212,"y":1033,"w":44,"h":32}},{"index":3,"name":"𓅓𓂝","position":{"x":1218,"y":1034,"w":79,"h":53}}]},{"index":12,"name":"8,11","points":[{"x":1379,"y":1088},{"x":1378,"y":1149},{"x":1334,"y":1154},{"x":1265,"y":1159},{"x":1194,"y":1164},{"x":1134,"y":1175},{"x":1014,"y":1176},{"x":903,"y":1175},{"x":892,"y":1182},{"x":878,"y":1185},{"x":847,"y":1171},{"x":775,"y":1172},{"x":711,"y":1173},{"x":668,"y":1175},{"x":661,"y":1190},{"x":650,"y":1191},{"x":640,"y":1182},{"x":609,"y":1172},{"x":560,"y":1176},{"x":513,"y":1174},{"x":469,"y":1170},{"x":440,"y":1174},{"x":390,"y":1176},{"x":339,"y":1180},{"x":279,"y":1192},{"x":258,"y":1202},{"x":246,"y":1229},{"x":220,"y":1274},{"x":204,"y":1281},{"x":202,"y":1259},{"x":223,"y":1180},{"x":253,"y":1125},{"x":276,"y":1101},{"x":299,"y":1101},{"x":307,"y":1104},{"x":312,"y":1112},{"x":319,"y":1119},{"x":347,"y":1112},{"x":361,"y":1108},{"x":379,"y":1101},{"x":386,"y":1097},{"x":392,"y":1096},{"x":393,"y":1104},{"x":424,"y":1107},{"x":523,"y":1103},{"x":662,"y":1104},{"x":780,"y":1102},{"x":918,"y":1103},{"x":1033,"y":1095},{"x":1138,"y":1093},{"x":1184,"y":1089},{"x":1249,"y":1095},{"x":1337,"y":1087}],"direction":"hrl","glyphs":[{"index":35,"name":"𓆑","position":{"x":213,"y":1155,"w":120,"h":113}},{"index":34,"name":"𓇋𓈖","position":{"x":246,"y":1105,"w":63,"h":62}},{"index":33,"name":"𓅆","position":{"x":340,"y":1111,"w":18,"h":65}},{"index":32,"name":"𓏤","position":{"x":370,"y":1127,"w":11,"h":39}},{"index":31,"name":"𓍛","position":{"x":381,"y":1098,"w":34,"h":72}},{"index":30,"name":"𓈖","position":{"x":409,"y":1153,"w":39,"h":12}},{"index":29,"name":"𓇋","position":{"x":443,"y":1115,"w":32,"h":53}},{"index":28,"name":"𓂧","position":{"x":473,"y":1140,"w":69,"h":29}},{"index":27,"name":"𓆓","position":{"x":476,"y":1108,"w":64,"h":37}},{"index":26,"name":"𓏲","position":{"x":542,"y":1109,"w":37,"h":37}},{"index":25,"name":"𓀀","position":{"x":561,"y":1150,"w":30,"h":19}},{"index":23,"name":"𓎡","position":{"x":593,"y":1142,"w":67,"h":47}},{"index":22,"name":"𓂻","position":{"x":649,"y":1143,"w":57,"h":24}},{"index":21,"name":"𓏭","position":{"x":672,"y":1113,"w":22,"h":29}},{"index":19,"name":"𓇍","position":{"x":709,"y":1116,"w":58,"h":53}},{"index":17,"name":"𓏲","position":{"x":761,"y":1108,"w":41,"h":41}},{"index":16,"name":"𓐷𓂝𓐰𓎡𓐸𓐱𓀀","position":{"x":783,"y":1115,"w":108,"h":68}},{"index":15,"name":"𓅓","position":{"x":877,"y":1117,"w":26,"h":48}},{"index":14,"name":"𓀁𓐱𓐷𓂋𓐰𓀀𓐸","position":{"x":912,"y":1111,"w":98,"h":56}},{"index":13,"name":"𓋴","position":{"x":998,"y":1108,"w":32,"h":62}},{"index":12,"name":"𓇋","position":{"x":1029,"y":1112,"w":32,"h":52}},{"index":11,"name":"𓈖","position":{"x":1061,"y":1151,"w":42,"h":13}},{"index":10,"name":"𓋴","position":{"x":1096,"y":1103,"w":27,"h":66}},{"index":9,"name":"𓍒","position":{"x":1127,"y":1098,"w":26,"h":70}},{"index":8,"name":"𓋹","position":{"x":1142,"y":1094,"w":25,"h":65}},{"index":7,"name":"𓅆","position":{"x":1175,"y":1094,"w":24,"h":66}},{"index":5,"name":"𓇋","position":{"x":1215,"y":1096,"w":30,"h":62}},{"index":4,"name":"𓇋","position":{"x":1243,"y":1100,"w":21,"h":56}},{"index":3,"name":"𓍘","position":{"x":1272,"y":1096,"w":23,"h":58}},{"index":2,"name":"𓀁","position":{"x":1300,"y":1099,"w":40,"h":51}},{"index":0,"name":"𓇋","position":{"x":1346,"y":1093,"w":25,"h":53}}]},{"index":13,"name":"8,12","points":[{"x":1376,"y":1156},{"x":1373,"y":1223},{"x":1298,"y":1230},{"x":1220,"y":1238},{"x":1200,"y":1241},{"x":1197,"y":1247},{"x":1194,"y":1250},{"x":1190,"y":1251},{"x":1189,"y":1241},{"x":1181,"y":1231},{"x":1158,"y":1233},{"x":1119,"y":1241},{"x":1096,"y":1242},{"x":1046,"y":1249},{"x":980,"y":1246},{"x":907,"y":1241},{"x":890,"y":1260},{"x":885,"y":1267},{"x":881,"y":1266},{"x":876,"y":1259},{"x":859,"y":1253},{"x":803,"y":1254},{"x":741,"y":1257},{"x":640,"y":1253},{"x":556,"y":1256},{"x":474,"y":1244},{"x":429,"y":1251},{"x":376,"y":1257},{"x":282,"y":1261},{"x":249,"y":1258},{"x":249,"y":1231},{"x":259,"y":1202},{"x":277,"y":1193},{"x":327,"y":1183},{"x":384,"y":1178},{"x":450,"y":1173},{"x":473,"y":1169},{"x":550,"y":1177},{"x":618,"y":1172},{"x":641,"y":1182},{"x":663,"y":1173},{"x":720,"y":1174},{"x":855,"y":1172},{"x":877,"y":1185},{"x":896,"y":1181},{"x":917,"y":1173},{"x":1003,"y":1176},{"x":1133,"y":1176},{"x":1194,"y":1163},{"x":1262,"y":1160},{"x":1310,"y":1154},{"x":1370,"y":1150}],"direction":"hrl","glyphs":[{"index":33,"name":"𓏴","position":{"x":258,"y":1195,"w":34,"h":25}},{"index":32,"name":"𓂡","position":{"x":259,"y":1200,"w":62,"h":50}},{"index":30,"name":"𓈎","position":{"x":322,"y":1205,"w":30,"h":44}},{"index":29,"name":"𓋴","position":{"x":359,"y":1188,"w":26,"h":60}},{"index":28,"name":"𓎛","position":{"x":386,"y":1179,"w":29,"h":68}},{"index":27,"name":"𓏤","position":{"x":423,"y":1181,"w":17,"h":61}},{"index":26,"name":"𓁶","position":{"x":442,"y":1174,"w":69,"h":66}},{"index":24,"name":"𓂡","position":{"x":525,"y":1205,"w":50,"h":43}},{"index":23,"name":"𓍢","position":{"x":526,"y":1189,"w":27,"h":32}},{"index":22,"name":"𓋭","position":{"x":587,"y":1178,"w":74,"h":45}},{"index":21,"name":"𓊃","position":{"x":588,"y":1220,"w":72,"h":24}},{"index":20,"name":"𓇋","position":{"x":666,"y":1181,"w":35,"h":67}},{"index":19,"name":"𓍘","position":{"x":699,"y":1180,"w":27,"h":63}},{"index":18,"name":"𓏛","position":{"x":742,"y":1210,"w":29,"h":44}},{"index":16,"name":"𓂋𓐰𓐍","position":{"x":777,"y":1181,"w":42,"h":62}},{"index":15,"name":"𓎡","position":{"x":826,"y":1218,"w":59,"h":48}},{"index":14,"name":"𓏲","position":{"x":836,"y":1181,"w":23,"h":36}},{"index":13,"name":"𓇋","position":{"x":877,"y":1184,"w":32,"h":53}},{"index":12,"name":"𓆓","position":{"x":910,"y":1184,"w":54,"h":45}},{"index":11,"name":"𓂧","position":{"x":914,"y":1210,"w":47,"h":22}},{"index":10,"name":"𓄿","position":{"x":967,"y":1183,"w":52,"h":52}},{"index":9,"name":"𓏲𓅯","position":{"x":1011,"y":1183,"w":90,"h":58}},{"index":6,"name":"𓊪","position":{"x":1101,"y":1193,"w":49,"h":47}},{"index":5,"name":"𓏛𓐰𓏥","position":{"x":1159,"y":1174,"w":39,"h":53}},{"index":4,"name":"𓏯","position":{"x":1190,"y":1200,"w":37,"h":49}},{"index":3,"name":"𓂝","position":{"x":1209,"y":1169,"w":47,"h":28}},{"index":2,"name":"𓏏","position":{"x":1236,"y":1193,"w":25,"h":28}},{"index":1,"name":"𓏲𓐱𓐷𓌳𓐰𓐙𓐸","position":{"x":1271,"y":1160,"w":64,"h":59}},{"index":0,"name":"𓇋","position":{"x":1341,"y":1156,"w":25,"h":61}}]},{"index":14,"name":"8,13","points":[{"x":1366,"y":1232},{"x":1365,"y":1295},{"x":1337,"y":1298},{"x":1256,"y":1306},{"x":1195,"y":1306},{"x":1187,"y":1306},{"x":1169,"y":1310},{"x":1153,"y":1312},{"x":1127,"y":1312},{"x":1079,"y":1315},{"x":991,"y":1319},{"x":948,"y":1316},{"x":861,"y":1316},{"x":812,"y":1331},{"x":810,"y":1341},{"x":802,"y":1346},{"x":777,"y":1333},{"x":708,"y":1323},{"x":678,"y":1325},{"x":667,"y":1330},{"x":650,"y":1333},{"x":610,"y":1339},{"x":517,"y":1334},{"x":419,"y":1331},{"x":390,"y":1337},{"x":337,"y":1332},{"x":270,"y":1335},{"x":249,"y":1309},{"x":268,"y":1264},{"x":337,"y":1258},{"x":447,"y":1246},{"x":503,"y":1248},{"x":560,"y":1253},{"x":686,"y":1255},{"x":776,"y":1256},{"x":857,"y":1252},{"x":877,"y":1258},{"x":893,"y":1258},{"x":913,"y":1243},{"x":1041,"y":1247},{"x":1107,"y":1242},{"x":1123,"y":1240},{"x":1153,"y":1235},{"x":1184,"y":1231},{"x":1194,"y":1241},{"x":1212,"y":1243},{"x":1297,"y":1228}],"direction":"hrl","glyphs":[{"index":33,"name":"𓅆","position":{"x":310,"y":1266,"w":24,"h":62}},{"index":31,"name":"𓎟","position":{"x":327,"y":1278,"w":61,"h":43}},{"index":29,"name":"𓋴","position":{"x":391,"y":1264,"w":28,"h":63}},{"index":28,"name":"𓍒","position":{"x":432,"y":1262,"w":25,"h":55}},{"index":27,"name":"𓋹","position":{"x":446,"y":1256,"w":33,"h":64}},{"index":26,"name":"𓅆","position":{"x":482,"y":1257,"w":20,"h":65}},{"index":24,"name":"𓇋","position":{"x":516,"y":1264,"w":25,"h":61}},{"index":23,"name":"𓇋","position":{"x":542,"y":1264,"w":24,"h":58}},{"index":22,"name":"𓍘","position":{"x":569,"y":1264,"w":29,"h":57}},{"index":21,"name":"𓀁","position":{"x":602,"y":1265,"w":48,"h":65}},{"index":20,"name":"𓇋","position":{"x":649,"y":1266,"w":29,"h":62}},{"index":19,"name":"𓏲","position":{"x":681,"y":1261,"w":34,"h":38}},{"index":18,"name":"𓀀","position":{"x":694,"y":1297,"w":37,"h":22}},{"index":17,"name":"𓎡","position":{"x":733,"y":1297,"w":76,"h":45}},{"index":16,"name":"𓏛","position":{"x":738,"y":1260,"w":40,"h":41}},{"index":15,"name":"𓂋𓐰𓐍","position":{"x":795,"y":1258,"w":47,"h":61}},{"index":14,"name":"𓏲","position":{"x":843,"y":1260,"w":42,"h":32}},{"index":13,"name":"𓇋𓀀","position":{"x":863,"y":1257,"w":63,"h":57}},{"index":12,"name":"𓀁","position":{"x":923,"y":1260,"w":44,"h":52}},{"index":11,"name":"𓏲","position":{"x":969,"y":1273,"w":24,"h":33}},{"index":10,"name":"𓍘","position":{"x":996,"y":1254,"w":31,"h":60}},{"index":9,"name":"𓏛𓐰𓀁","position":{"x":1037,"y":1254,"w":55,"h":59}},{"index":8,"name":"𓇋","position":{"x":1089,"y":1250,"w":29,"h":62}},{"index":7,"name":"𓊽","position":{"x":1116,"y":1241,"w":44,"h":70}},{"index":5,"name":"𓊽","position":{"x":1161,"y":1233,"w":53,"h":73}},{"index":3,"name":"𓈖","position":{"x":1216,"y":1287,"w":40,"h":12}},{"index":2,"name":"𓇋","position":{"x":1250,"y":1244,"w":32,"h":57}},{"index":1,"name":"𓆓","position":{"x":1287,"y":1235,"w":66,"h":54}},{"index":0,"name":"𓂧","position":{"x":1296,"y":1262,"w":59,"h":29}}]},{"index":15,"name":"8,14","points":[{"x":1365,"y":1303},{"x":1363,"y":1356},{"x":1290,"y":1360},{"x":1277,"y":1371},{"x":1244,"y":1374},{"x":1174,"y":1383},{"x":1154,"y":1378},{"x":1126,"y":1386},{"x":1079,"y":1392},{"x":1064,"y":1398},{"x":1044,"y":1434},{"x":1031,"y":1438},{"x":1021,"y":1393},{"x":991,"y":1390},{"x":977,"y":1393},{"x":934,"y":1389},{"x":864,"y":1391},{"x":792,"y":1401},{"x":700,"y":1402},{"x":592,"y":1405},{"x":504,"y":1401},{"x":443,"y":1406},{"x":424,"y":1400},{"x":404,"y":1402},{"x":382,"y":1398},{"x":340,"y":1401},{"x":249,"y":1396},{"x":242,"y":1356},{"x":266,"y":1337},{"x":370,"y":1332},{"x":463,"y":1334},{"x":611,"y":1338},{"x":667,"y":1330},{"x":687,"y":1321},{"x":731,"y":1328},{"x":781,"y":1331},{"x":805,"y":1326},{"x":845,"y":1331},{"x":960,"y":1316},{"x":1032,"y":1322},{"x":1098,"y":1314},{"x":1135,"y":1314},{"x":1160,"y":1312},{"x":1186,"y":1306},{"x":1258,"y":1304},{"x":1345,"y":1297}],"direction":"hrl","glyphs":[{"index":33,"name":"𓀜","position":{"x":255,"y":1346,"w":55,"h":47}},{"index":32,"name":"𓂧","position":{"x":291,"y":1340,"w":77,"h":32}},{"index":31,"name":"𓏴","position":{"x":315,"y":1372,"w":30,"h":21}},{"index":30,"name":"𓏲","position":{"x":358,"y":1357,"w":41,"h":39}},{"index":29,"name":"𓏏𓐰𓉔","position":{"x":407,"y":1340,"w":42,"h":61}},{"index":6,"name":"𓍕","position":{"x":459,"y":1347,"w":46,"h":52}},{"index":21,"name":"𓅓","position":{"x":498,"y":1345,"w":41,"h":51}},{"index":27,"name":"𓈖𓐰𓏏","position":{"x":546,"y":1345,"w":56,"h":51}},{"index":26,"name":"𓏭","position":{"x":552,"y":1373,"w":19,"h":21}},{"index":24,"name":"𓅪","position":{"x":609,"y":1328,"w":76,"h":40}},{"index":23,"name":"𓀀","position":{"x":617,"y":1371,"w":37,"h":19}},{"index":22,"name":"𓍕","position":{"x":649,"y":1342,"w":57,"h":53}},{"index":20,"name":"𓇋","position":{"x":706,"y":1331,"w":29,"h":62}},{"index":19,"name":"𓂋","position":{"x":741,"y":1364,"w":37,"h":27}},{"index":18,"name":"𓐍","position":{"x":780,"y":1332,"w":49,"h":36}},{"index":17,"name":"𓈖","position":{"x":787,"y":1371,"w":48,"h":22}},{"index":16,"name":"𓈖","position":{"x":844,"y":1334,"w":43,"h":26}},{"index":15,"name":"𓀀","position":{"x":852,"y":1358,"w":46,"h":24}},{"index":14,"name":"𓏲","position":{"x":897,"y":1354,"w":25,"h":33}},{"index":13,"name":"𓈖","position":{"x":909,"y":1330,"w":45,"h":17}},{"index":12,"name":"𓏏","position":{"x":930,"y":1361,"w":24,"h":23}},{"index":11,"name":"𓏎","position":{"x":957,"y":1322,"w":30,"h":68}},{"index":10,"name":"𓅓𓐱𓐷𓅓𓐰𓂝𓐸","position":{"x":990,"y":1328,"w":77,"h":60}},{"index":9,"name":"𓆑","position":{"x":1033,"y":1356,"w":100,"h":78}},{"index":8,"name":"𓇋","position":{"x":1075,"y":1319,"w":26,"h":56}},{"index":7,"name":"𓅆","position":{"x":1137,"y":1314,"w":19,"h":61}},{"index":5,"name":"𓏤","position":{"x":1167,"y":1334,"w":10,"h":43}},{"index":4,"name":"𓍛","position":{"x":1178,"y":1308,"w":30,"h":67}},{"index":3,"name":"𓈖","position":{"x":1212,"y":1351,"w":48,"h":16}},{"index":2,"name":"𓇋","position":{"x":1259,"y":1309,"w":28,"h":56}},{"index":1,"name":"𓆓","position":{"x":1297,"y":1304,"w":56,"h":38}},{"index":0,"name":"𓂧","position":{"x":1300,"y":1330,"w":55,"h":24}}]},{"index":16,"name":"8,15","points":[{"x":1382,"y":1362},{"x":1383,"y":1418},{"x":1354,"y":1440},{"x":1249,"y":1448},{"x":1215,"y":1444},{"x":1198,"y":1429},{"x":1186,"y":1439},{"x":1159,"y":1455},{"x":1128,"y":1461},{"x":1123,"y":1463},{"x":1114,"y":1470},{"x":1107,"y":1477},{"x":1106,"y":1481},{"x":1100,"y":1483},{"x":1089,"y":1473},{"x":1023,"y":1463},{"x":994,"y":1470},{"x":953,"y":1477},{"x":914,"y":1470},{"x":862,"y":1476},{"x":772,"y":1479},{"x":737,"y":1478},{"x":629,"y":1474},{"x":572,"y":1482},{"x":487,"y":1479},{"x":469,"y":1473},{"x":437,"y":1475},{"x":397,"y":1479},{"x":350,"y":1472},{"x":333,"y":1474},{"x":252,"y":1477},{"x":210,"y":1476},{"x":202,"y":1449},{"x":217,"y":1413},{"x":234,"y":1393},{"x":297,"y":1400},{"x":343,"y":1400},{"x":387,"y":1397},{"x":411,"y":1402},{"x":432,"y":1402},{"x":452,"y":1406},{"x":503,"y":1400},{"x":599,"y":1403},{"x":735,"y":1402},{"x":828,"y":1400},{"x":937,"y":1388},{"x":980,"y":1393},{"x":994,"y":1390},{"x":1019,"y":1394},{"x":1030,"y":1440},{"x":1055,"y":1427},{"x":1063,"y":1397},{"x":1091,"y":1390},{"x":1150,"y":1379},{"x":1184,"y":1382},{"x":1263,"y":1371},{"x":1279,"y":1371},{"x":1291,"y":1359},{"x":1357,"y":1362}],"direction":"hrl","glyphs":[{"index":38,"name":"𓀀","position":{"x":212,"y":1444,"w":28,"h":22}},{"index":37,"name":"𓅆","position":{"x":236,"y":1402,"w":23,"h":68}},{"index":13,"name":"𓎟","position":{"x":250,"y":1421,"w":62,"h":40}},{"index":35,"name":"𓋴","position":{"x":316,"y":1403,"w":28,"h":67}},{"index":34,"name":"𓍒","position":{"x":358,"y":1408,"w":23,"h":61}},{"index":33,"name":"𓋹","position":{"x":371,"y":1401,"w":27,"h":68}},{"index":32,"name":"𓅆","position":{"x":409,"y":1405,"w":23,"h":68}},{"index":30,"name":"𓇋","position":{"x":439,"y":1409,"w":31,"h":62}},{"index":29,"name":"𓇋","position":{"x":467,"y":1408,"w":28,"h":68}},{"index":28,"name":"𓍘","position":{"x":494,"y":1411,"w":24,"h":63}},{"index":27,"name":"𓀁","position":{"x":528,"y":1412,"w":47,"h":61}},{"index":26,"name":"𓇋","position":{"x":568,"y":1413,"w":25,"h":59}},{"index":25,"name":"𓁐","position":{"x":601,"y":1421,"w":30,"h":23}},{"index":24,"name":"𓏥","position":{"x":616,"y":1453,"w":41,"h":17}},{"index":23,"name":"𓀀","position":{"x":635,"y":1418,"w":32,"h":26}},{"index":22,"name":"𓂋","position":{"x":667,"y":1415,"w":42,"h":33}},{"index":21,"name":"𓏏","position":{"x":671,"y":1447,"w":23,"h":19}},{"index":20,"name":"𓂜","position":{"x":709,"y":1442,"w":50,"h":30}},{"index":19,"name":"𓋴","position":{"x":755,"y":1412,"w":25,"h":63}},{"index":18,"name":"𓇋","position":{"x":781,"y":1411,"w":25,"h":58}},{"index":17,"name":"𓂜","position":{"x":811,"y":1435,"w":49,"h":31}},{"index":15,"name":"𓏛𓐰𓀀","position":{"x":860,"y":1405,"w":43,"h":61}},{"index":12,"name":"𓇋","position":{"x":909,"y":1403,"w":34,"h":62}},{"index":11,"name":"𓊽","position":{"x":937,"y":1394,"w":38,"h":77}},{"index":10,"name":"𓊽","position":{"x":972,"y":1392,"w":47,"h":71}},{"index":8,"name":"𓈖","position":{"x":1031,"y":1437,"w":40,"h":11}},{"index":7,"name":"𓇋","position":{"x":1064,"y":1397,"w":30,"h":56}},{"index":6,"name":"𓆓","position":{"x":1096,"y":1382,"w":65,"h":54}},{"index":5,"name":"𓆑","position":{"x":1102,"y":1417,"w":100,"h":62}},{"index":4,"name":"𓂧","position":{"x":1106,"y":1410,"w":60,"h":26}},{"index":3,"name":"𓂿","position":{"x":1212,"y":1363,"w":90,"h":78}},{"index":2,"name":"𓎡","position":{"x":1301,"y":1392,"w":77,"h":19}},{"index":0,"name":"𓈖","position":{"x":1310,"y":1414,"w":49,"h":13}},{"index":1,"name":"𓈖","position":{"x":1310,"y":1370,"w":50,"h":17}}]},{"index":17,"name":"8,16","points":[{"x":1373,"y":1442},{"x":1375,"y":1491},{"x":1357,"y":1510},{"x":1353,"y":1511},{"x":1350,"y":1513},{"x":1335,"y":1513},{"x":1305,"y":1511},{"x":1263,"y":1507},{"x":1202,"y":1519},{"x":1102,"y":1536},{"x":1028,"y":1528},{"x":969,"y":1547},{"x":872,"y":1542},{"x":779,"y":1543},{"x":701,"y":1551},{"x":566,"y":1555},{"x":488,"y":1552},{"x":426,"y":1556},{"x":320,"y":1549},{"x":276,"y":1538},{"x":276,"y":1485},{"x":339,"y":1474},{"x":361,"y":1472},{"x":418,"y":1478},{"x":471,"y":1474},{"x":492,"y":1480},{"x":578,"y":1485},{"x":638,"y":1473},{"x":762,"y":1481},{"x":888,"y":1474},{"x":933,"y":1475},{"x":978,"y":1473},{"x":1077,"y":1466},{"x":1097,"y":1475},{"x":1110,"y":1477},{"x":1120,"y":1463},{"x":1155,"y":1455},{"x":1183,"y":1441},{"x":1198,"y":1431},{"x":1219,"y":1450},{"x":1318,"y":1443}],"direction":"hrl","glyphs":[{"index":33,"name":"𓂝","position":{"x":291,"y":1489,"w":40,"h":30}},{"index":32,"name":"𓈖","position":{"x":293,"y":1522,"w":50,"h":13}},{"index":31,"name":"𓊢","position":{"x":337,"y":1476,"w":36,"h":67}},{"index":30,"name":"𓏛","position":{"x":383,"y":1508,"w":39,"h":41}},{"index":29,"name":"𓏏","position":{"x":385,"y":1484,"w":33,"h":24}},{"index":27,"name":"𓋴","position":{"x":431,"y":1480,"w":26,"h":67}},{"index":26,"name":"𓀻","position":{"x":466,"y":1477,"w":76,"h":67}},{"index":25,"name":"𓏫","position":{"x":538,"y":1490,"w":17,"h":46}},{"index":24,"name":"𓃙","position":{"x":567,"y":1488,"w":49,"h":55}},{"index":23,"name":"𓏲","position":{"x":619,"y":1487,"w":41,"h":37}},{"index":22,"name":"𓏏","position":{"x":640,"y":1519,"w":26,"h":22}},{"index":21,"name":"𓋿","position":{"x":667,"y":1483,"w":24,"h":61}},{"index":20,"name":"𓄿","position":{"x":697,"y":1491,"w":73,"h":53}},{"index":18,"name":"𓏏","position":{"x":731,"y":1483,"w":23,"h":26}},{"index":17,"name":"𓂜","position":{"x":773,"y":1511,"w":55,"h":27}},{"index":15,"name":"𓂋","position":{"x":827,"y":1484,"w":42,"h":24}},{"index":14,"name":"𓏭","position":{"x":837,"y":1515,"w":21,"h":23}},{"index":12,"name":"𓇋","position":{"x":873,"y":1478,"w":32,"h":59}},{"index":11,"name":"𓏏","position":{"x":905,"y":1476,"w":35,"h":23}},{"index":10,"name":"𓏛","position":{"x":913,"y":1501,"w":33,"h":33}},{"index":9,"name":"𓏠𓐰𓈖","position":{"x":954,"y":1479,"w":46,"h":58}},{"index":8,"name":"𓁹","position":{"x":1007,"y":1477,"w":102,"h":22}},{"index":7,"name":"𓏏","position":{"x":1029,"y":1502,"w":34,"h":20}},{"index":2,"name":"𓏲","position":{"x":1107,"y":1496,"w":25,"h":35}},{"index":6,"name":"𓏛𓐰𓏏","position":{"x":1112,"y":1462,"w":41,"h":62}},{"index":5,"name":"𓏲","position":{"x":1158,"y":1477,"w":35,"h":37}},{"index":4,"name":"𓎗","position":{"x":1187,"y":1438,"w":27,"h":76}},{"index":3,"name":"𓂜","position":{"x":1218,"y":1475,"w":60,"h":27}},{"index":1,"name":"𓂝","position":{"x":1284,"y":1451,"w":46,"h":23}},{"index":0,"name":"𓅓𓎡","position":{"x":1288,"y":1449,"w":80,"h":63}}]},{"index":18,"name":"8,17","points":[{"x":1376,"y":1516},{"x":1373,"y":1583},{"x":1316,"y":1590},{"x":1272,"y":1589},{"x":1253,"y":1592},{"x":1243,"y":1598},{"x":1229,"y":1609},{"x":1222,"y":1619},{"x":1219,"y":1624},{"x":1216,"y":1627},{"x":1210,"y":1625},{"x":1222,"y":1603},{"x":1208,"y":1584},{"x":1197,"y":1585},{"x":1185,"y":1590},{"x":1171,"y":1588},{"x":1122,"y":1586},{"x":1094,"y":1599},{"x":1077,"y":1602},{"x":1023,"y":1598},{"x":969,"y":1607},{"x":938,"y":1613},{"x":924,"y":1617},{"x":872,"y":1606},{"x":852,"y":1612},{"x":838,"y":1605},{"x":831,"y":1604},{"x":815,"y":1616},{"x":762,"y":1635},{"x":744,"y":1658},{"x":734,"y":1662},{"x":725,"y":1659},{"x":744,"y":1634},{"x":736,"y":1618},{"x":655,"y":1618},{"x":570,"y":1627},{"x":517,"y":1629},{"x":448,"y":1637},{"x":410,"y":1619},{"x":402,"y":1619},{"x":385,"y":1629},{"x":349,"y":1624},{"x":332,"y":1633},{"x":250,"y":1619},{"x":252,"y":1552},{"x":334,"y":1546},{"x":418,"y":1559},{"x":489,"y":1551},{"x":633,"y":1554},{"x":739,"y":1549},{"x":778,"y":1542},{"x":811,"y":1544},{"x":873,"y":1541},{"x":922,"y":1540},{"x":972,"y":1544},{"x":1026,"y":1525},{"x":1102,"y":1535},{"x":1145,"y":1531},{"x":1205,"y":1520},{"x":1238,"y":1511},{"x":1275,"y":1507},{"x":1340,"y":1510},{"x":1349,"y":1506},{"x":1355,"y":1506},{"x":1365,"y":1510}],"direction":"hrl","glyphs":[{"index":25,"name":"𓎼𓃀","position":{"x":266,"y":1556,"w":86,"h":69}},{"index":24,"name":"𓂋","position":{"x":359,"y":1592,"w":42,"h":30}},{"index":23,"name":"𓐷𓏠𓐰𓈖𓐸𓐱𓅭","position":{"x":409,"y":1558,"w":98,"h":72}},{"index":22,"name":"𓋴","position":{"x":514,"y":1559,"w":26,"h":65}},{"index":21,"name":"𓄿","position":{"x":548,"y":1567,"w":48,"h":53}},{"index":20,"name":"𓅯","position":{"x":594,"y":1561,"w":63,"h":52}},{"index":19,"name":"𓂋","position":{"x":658,"y":1565,"w":46,"h":23}},{"index":18,"name":"𓂝","position":{"x":665,"y":1591,"w":49,"h":19}},{"index":17,"name":"𓂝","position":{"x":717,"y":1562,"w":45,"h":25}},{"index":16,"name":"𓈖","position":{"x":724,"y":1592,"w":51,"h":13}},{"index":15,"name":"𓆑","position":{"x":736,"y":1589,"w":100,"h":67}},{"index":14,"name":"𓊢","position":{"x":772,"y":1547,"w":34,"h":59}},{"index":13,"name":"𓏤","position":{"x":849,"y":1550,"w":11,"h":57}},{"index":12,"name":"𓁶","position":{"x":865,"y":1545,"w":65,"h":65}},{"index":10,"name":"𓀜","position":{"x":940,"y":1551,"w":68,"h":55}},{"index":9,"name":"𓐣","position":{"x":997,"y":1539,"w":50,"h":58}},{"index":8,"name":"𓆓","position":{"x":1042,"y":1537,"w":53,"h":41}},{"index":7,"name":"𓂝","position":{"x":1050,"y":1574,"w":56,"h":21}},{"index":6,"name":"𓏲","position":{"x":1109,"y":1547,"w":24,"h":35}},{"index":5,"name":"𓅡","position":{"x":1133,"y":1547,"w":54,"h":40}},{"index":4,"name":"𓏠𓐰𓈖","position":{"x":1198,"y":1522,"w":39,"h":60}},{"index":3,"name":"𓆑","position":{"x":1215,"y":1561,"w":106,"h":64}},{"index":2,"name":"𓋴","position":{"x":1248,"y":1513,"w":29,"h":64}},{"index":1,"name":"𓈖𓐰𓈖","position":{"x":1286,"y":1525,"w":40,"h":27}},{"index":0,"name":"𓏎","position":{"x":1336,"y":1507,"w":26,"h":69}}]},{"index":19,"name":"8,18","points":[{"x":1370,"y":1588},{"x":1376,"y":1628},{"x":1366,"y":1641},{"x":1348,"y":1649},{"x":1310,"y":1643},{"x":1259,"y":1653},{"x":1216,"y":1663},{"x":1144,"y":1662},{"x":1103,"y":1661},{"x":1092,"y":1666},{"x":1055,"y":1667},{"x":984,"y":1668},{"x":957,"y":1675},{"x":938,"y":1672},{"x":911,"y":1677},{"x":856,"y":1683},{"x":812,"y":1687},{"x":741,"y":1693},{"x":663,"y":1698},{"x":614,"y":1696},{"x":590,"y":1705},{"x":559,"y":1701},{"x":495,"y":1701},{"x":462,"y":1718},{"x":428,"y":1721},{"x":411,"y":1720},{"x":393,"y":1726},{"x":373,"y":1742},{"x":365,"y":1736},{"x":363,"y":1701},{"x":298,"y":1697},{"x":233,"y":1702},{"x":224,"y":1659},{"x":237,"y":1625},{"x":325,"y":1633},{"x":348,"y":1625},{"x":385,"y":1629},{"x":409,"y":1619},{"x":458,"y":1640},{"x":541,"y":1626},{"x":602,"y":1628},{"x":685,"y":1618},{"x":739,"y":1619},{"x":745,"y":1654},{"x":771,"y":1633},{"x":815,"y":1616},{"x":831,"y":1604},{"x":855,"y":1610},{"x":892,"y":1613},{"x":925,"y":1617},{"x":971,"y":1608},{"x":1029,"y":1597},{"x":1092,"y":1598},{"x":1119,"y":1587},{"x":1184,"y":1590},{"x":1205,"y":1584},{"x":1222,"y":1604},{"x":1242,"y":1600},{"x":1253,"y":1591},{"x":1289,"y":1593}],"direction":"hrl","glyphs":[{"index":26,"name":"𓅡𓄿","position":{"x":234,"y":1634,"w":106,"h":59}},{"index":25,"name":"𓎼𓃀","position":{"x":343,"y":1623,"w":77,"h":64}},{"index":24,"name":"𓆑","position":{"x":372,"y":1677,"w":131,"h":63}},{"index":23,"name":"𓂋","position":{"x":431,"y":1661,"w":38,"h":27}},{"index":22,"name":"𓏤","position":{"x":506,"y":1638,"w":14,"h":59}},{"index":21,"name":"𓁶","position":{"x":519,"y":1633,"w":71,"h":66}},{"index":19,"name":"𓄿","position":{"x":595,"y":1639,"w":59,"h":54}},{"index":18,"name":"𓍒","position":{"x":650,"y":1629,"w":31,"h":64}},{"index":17,"name":"𓍒𓄿","position":{"x":682,"y":1627,"w":79,"h":64}},{"index":16,"name":"𓉐","position":{"x":763,"y":1630,"w":43,"h":47}},{"index":15,"name":"𓇇","position":{"x":809,"y":1608,"w":52,"h":74}},{"index":13,"name":"𓐍","position":{"x":854,"y":1614,"w":42,"h":34}},{"index":11,"name":"𓏭","position":{"x":873,"y":1650,"w":23,"h":23}},{"index":9,"name":"𓍯𓄿","position":{"x":909,"y":1609,"w":97,"h":64}},{"index":8,"name":"𓈖","position":{"x":1019,"y":1645,"w":55,"h":15}},{"index":7,"name":"𓈇","position":{"x":1022,"y":1604,"w":32,"h":32}},{"index":6,"name":"𓏏","position":{"x":1079,"y":1601,"w":32,"h":29}},{"index":5,"name":"𓏭","position":{"x":1089,"y":1636,"w":17,"h":27}},{"index":4,"name":"𓋀","position":{"x":1123,"y":1591,"w":54,"h":67}},{"index":3,"name":"𓂢","position":{"x":1183,"y":1587,"w":78,"h":36}},{"index":2,"name":"𓏤","position":{"x":1188,"y":1623,"w":14,"h":34}},{"index":1,"name":"𓈇","position":{"x":1213,"y":1624,"w":24,"h":33}},{"index":0,"name":"𓅡𓄿","position":{"x":1256,"y":1596,"w":110,"h":49}}]},{"index":20,"name":"8,19","points":[{"x":1380,"y":1644},{"x":1370,"y":1724},{"x":1331,"y":1729},{"x":1254,"y":1726},{"x":1178,"y":1732},{"x":1163,"y":1737},{"x":1114,"y":1735},{"x":1070,"y":1742},{"x":1001,"y":1745},{"x":959,"y":1750},{"x":907,"y":1764},{"x":849,"y":1759},{"x":838,"y":1753},{"x":786,"y":1764},{"x":751,"y":1765},{"x":694,"y":1767},{"x":678,"y":1775},{"x":653,"y":1770},{"x":639,"y":1777},{"x":607,"y":1779},{"x":525,"y":1782},{"x":475,"y":1782},{"x":397,"y":1781},{"x":321,"y":1794},{"x":306,"y":1802},{"x":292,"y":1821},{"x":280,"y":1841},{"x":280,"y":1848},{"x":273,"y":1848},{"x":274,"y":1829},{"x":290,"y":1807},{"x":310,"y":1786},{"x":297,"y":1775},{"x":221,"y":1781},{"x":201,"y":1757},{"x":210,"y":1704},{"x":295,"y":1696},{"x":361,"y":1701},{"x":365,"y":1745},{"x":382,"y":1744},{"x":394,"y":1724},{"x":415,"y":1720},{"x":452,"y":1720},{"x":476,"y":1715},{"x":493,"y":1700},{"x":575,"y":1704},{"x":594,"y":1706},{"x":613,"y":1696},{"x":688,"y":1698},{"x":802,"y":1688},{"x":873,"y":1681},{"x":940,"y":1671},{"x":962,"y":1677},{"x":992,"y":1670},{"x":1098,"y":1666},{"x":1161,"y":1663},{"x":1221,"y":1663},{"x":1283,"y":1648},{"x":1325,"y":1642},{"x":1346,"y":1648}],"direction":"hrl","glyphs":[{"index":36,"name":"𓂓𓄿","position":{"x":216,"y":1717,"w":83,"h":55}},{"index":35,"name":"𓆑","position":{"x":275,"y":1754,"w":112,"h":91}},{"index":34,"name":"𓅓𓎛","position":{"x":292,"y":1702,"w":63,"h":70}},{"index":33,"name":"𓏏","position":{"x":391,"y":1721,"w":37,"h":35}},{"index":32,"name":"𓏥","position":{"x":393,"y":1754,"w":40,"h":20}},{"index":31,"name":"𓆓","position":{"x":440,"y":1708,"w":68,"h":55}},{"index":30,"name":"𓂧","position":{"x":446,"y":1744,"w":62,"h":31}},{"index":29,"name":"𓏛𓐰𓀀","position":{"x":522,"y":1712,"w":53,"h":62}},{"index":28,"name":"𓇋","position":{"x":570,"y":1709,"w":29,"h":63}},{"index":27,"name":"𓊽","position":{"x":603,"y":1700,"w":43,"h":74}},{"index":24,"name":"𓊽","position":{"x":647,"y":1702,"w":44,"h":67}},{"index":22,"name":"𓆓","position":{"x":688,"y":1700,"w":66,"h":41}},{"index":21,"name":"𓂧𓐰𓈖","position":{"x":700,"y":1724,"w":70,"h":38}},{"index":20,"name":"𓂝","position":{"x":776,"y":1706,"w":43,"h":30}},{"index":19,"name":"𓈖","position":{"x":777,"y":1741,"w":50,"h":15}},{"index":18,"name":"𓊢","position":{"x":825,"y":1690,"w":34,"h":64}},{"index":16,"name":"𓉐","position":{"x":866,"y":1693,"w":40,"h":52}},{"index":15,"name":"𓇇","position":{"x":917,"y":1676,"w":60,"h":80}},{"index":12,"name":"𓐍","position":{"x":969,"y":1676,"w":41,"h":32}},{"index":11,"name":"𓏭","position":{"x":986,"y":1716,"w":16,"h":21}},{"index":10,"name":"𓍯𓄿","position":{"x":1018,"y":1669,"w":109,"h":66}},{"index":8,"name":"𓈖","position":{"x":1128,"y":1712,"w":50,"h":22}},{"index":7,"name":"𓈇","position":{"x":1132,"y":1668,"w":29,"h":41}},{"index":6,"name":"𓏏","position":{"x":1174,"y":1672,"w":44,"h":24}},{"index":5,"name":"𓏭","position":{"x":1189,"y":1697,"w":19,"h":26}},{"index":3,"name":"𓋁𓃀","position":{"x":1225,"y":1655,"w":85,"h":66}},{"index":2,"name":"𓂢","position":{"x":1304,"y":1651,"w":71,"h":34}},{"index":1,"name":"𓏤","position":{"x":1314,"y":1691,"w":10,"h":29}},{"index":0,"name":"𓈇","position":{"x":1338,"y":1692,"w":23,"h":26}}]},{"index":21,"name":"8,20","points":[{"x":1356,"y":1729},{"x":1353,"y":1797},{"x":1323,"y":1793},{"x":1291,"y":1796},{"x":1228,"y":1801},{"x":1183,"y":1802},{"x":1130,"y":1805},{"x":1111,"y":1812},{"x":1101,"y":1801},{"x":1037,"y":1804},{"x":991,"y":1822},{"x":950,"y":1824},{"x":923,"y":1821},{"x":887,"y":1824},{"x":834,"y":1837},{"x":761,"y":1836},{"x":728,"y":1840},{"x":687,"y":1845},{"x":618,"y":1852},{"x":481,"y":1852},{"x":417,"y":1847},{"x":361,"y":1849},{"x":302,"y":1858},{"x":273,"y":1852},{"x":224,"y":1856},{"x":212,"y":1816},{"x":245,"y":1786},{"x":300,"y":1776},{"x":339,"y":1793},{"x":413,"y":1779},{"x":511,"y":1782},{"x":611,"y":1784},{"x":655,"y":1773},{"x":679,"y":1774},{"x":700,"y":1766},{"x":790,"y":1766},{"x":826,"y":1756},{"x":837,"y":1752},{"x":847,"y":1761},{"x":920,"y":1763},{"x":941,"y":1754},{"x":1006,"y":1745},{"x":1090,"y":1739},{"x":1167,"y":1738},{"x":1182,"y":1729},{"x":1265,"y":1732},{"x":1329,"y":1726}],"direction":"hrl","glyphs":[{"index":6,"name":"𓄿","position":{"x":229,"y":1796,"w":54,"h":55}},{"index":16,"name":"𓍒","position":{"x":287,"y":1781,"w":32,"h":67}},{"index":15,"name":"𓅡𓄿𓂻","position":{"x":325,"y":1784,"w":166,"h":60}},{"index":14,"name":"𓅡𓄿𓃀","position":{"x":493,"y":1786,"w":147,"h":59}},{"index":13,"name":"𓃀","position":{"x":646,"y":1777,"w":47,"h":57}},{"index":12,"name":"𓎛","position":{"x":679,"y":1772,"w":29,"h":67}},{"index":11,"name":"𓁷𓏤","position":{"x":721,"y":1775,"w":44,"h":60}},{"index":10,"name":"𓊢𓐱𓐷𓂝𓐰𓂻𓐸","position":{"x":773,"y":1757,"w":84,"h":74}},{"index":9,"name":"𓅭","position":{"x":861,"y":1773,"w":60,"h":45}},{"index":8,"name":"𓏠𓐰𓈖","position":{"x":919,"y":1760,"w":48,"h":59}},{"index":7,"name":"𓋴","position":{"x":969,"y":1753,"w":31,"h":58}},{"index":1,"name":"𓄿","position":{"x":1006,"y":1754,"w":64,"h":45}},{"index":2,"name":"𓅯","position":{"x":1053,"y":1745,"w":69,"h":60}},{"index":5,"name":"𓇋𓈖","position":{"x":1130,"y":1736,"w":66,"h":62}},{"index":4,"name":"𓃹𓐰𓈖","position":{"x":1199,"y":1736,"w":59,"h":60}},{"index":3,"name":"𓏫","position":{"x":1271,"y":1737,"w":16,"h":52}},{"index":0,"name":"𓀁","position":{"x":1297,"y":1733,"w":51,"h":57}}]},{"index":22,"name":"8,21","points":[{"x":1345,"y":1800},{"x":1344,"y":1868},{"x":1328,"y":1870},{"x":1321,"y":1861},{"x":1302,"y":1865},{"x":1236,"y":1879},{"x":1168,"y":1881},{"x":1130,"y":1886},{"x":1099,"y":1914},{"x":1087,"y":1930},{"x":1074,"y":1961},{"x":1063,"y":1962},{"x":1071,"y":1947},{"x":1079,"y":1937},{"x":1096,"y":1897},{"x":1103,"y":1886},{"x":1065,"y":1882},{"x":1014,"y":1895},{"x":972,"y":1894},{"x":964,"y":1881},{"x":961,"y":1854},{"x":975,"y":1834},{"x":1042,"y":1809},{"x":1098,"y":1802},{"x":1111,"y":1813},{"x":1163,"y":1802},{"x":1231,"y":1801},{"x":1313,"y":1794}],"direction":"hrl","glyphs":[{"index":9,"name":"𓏛","position":{"x":966,"y":1839,"w":40,"h":49}},{"index":7,"name":"𓏏𓐰𓏏","position":{"x":1012,"y":1820,"w":34,"h":63}},{"index":6,"name":"𓅓𓏇","position":{"x":1051,"y":1806,"w":89,"h":68}},{"index":5,"name":"𓆑","position":{"x":1071,"y":1846,"w":106,"h":113}},{"index":4,"name":"𓁶","position":{"x":1168,"y":1805,"w":78,"h":68}},{"index":2,"name":"𓄿","position":{"x":1254,"y":1807,"w":57,"h":55}},{"index":0,"name":"𓍒","position":{"x":1309,"y":1798,"w":27,"h":65}}]},{"index":23,"name":"8,22","points":[{"x":1340,"y":1871},{"x":1337,"y":1938},{"x":1284,"y":1933},{"x":1250,"y":1934},{"x":1226,"y":1944},{"x":1189,"y":1944},{"x":1092,"y":1952},{"x":1070,"y":1937},{"x":1058,"y":1958},{"x":1005,"y":1970},{"x":909,"y":1969},{"x":870,"y":1967},{"x":819,"y":1976},{"x":717,"y":1981},{"x":632,"y":1986},{"x":501,"y":2001},{"x":373,"y":2006},{"x":309,"y":2029},{"x":280,"y":2036},{"x":250,"y":2016},{"x":216,"y":1992},{"x":229,"y":1938},{"x":293,"y":1928},{"x":412,"y":1923},{"x":426,"y":1930},{"x":428,"y":1954},{"x":452,"y":1935},{"x":514,"y":1917},{"x":586,"y":1921},{"x":640,"y":1919},{"x":675,"y":1913},{"x":693,"y":1909},{"x":714,"y":1916},{"x":767,"y":1910},{"x":781,"y":1908},{"x":797,"y":1915},{"x":838,"y":1908},{"x":914,"y":1897},{"x":937,"y":1894},{"x":954,"y":1901},{"x":1014,"y":1898},{"x":1038,"y":1889},{"x":1099,"y":1881},{"x":1099,"y":1916},{"x":1134,"y":1884},{"x":1210,"y":1879},{"x":1270,"y":1875},{"x":1303,"y":1863},{"x":1320,"y":1861},{"x":1329,"y":1870}],"direction":"hrl","glyphs":[{"index":23,"name":"𓈖","position":{"x":230,"y":1937,"w":45,"h":25}},{"index":22,"name":"𓏲","position":{"x":236,"y":1965,"w":17,"h":35}},{"index":21,"name":"𓏏","position":{"x":257,"y":1966,"w":18,"h":37}},{"index":20,"name":"𓏎","position":{"x":285,"y":1932,"w":35,"h":65}},{"index":19,"name":"𓆑","position":{"x":286,"y":1974,"w":86,"h":53}},{"index":18,"name":"𓈖","position":{"x":325,"y":1945,"w":44,"h":17}},{"index":17,"name":"𓂋","position":{"x":376,"y":1936,"w":49,"h":28}},{"index":16,"name":"𓂝","position":{"x":385,"y":1970,"w":44,"h":24}},{"index":15,"name":"𓂝𓐰𓈖","position":{"x":445,"y":1937,"w":53,"h":45}},{"index":14,"name":"𓊢","position":{"x":498,"y":1921,"w":33,"h":67}},{"index":13,"name":"𓀁","position":{"x":544,"y":1925,"w":50,"h":63}},{"index":12,"name":"𓄿","position":{"x":600,"y":1926,"w":63,"h":55}},{"index":11,"name":"𓎼","position":{"x":657,"y":1914,"w":47,"h":59}},{"index":10,"name":"𓎼𓄿","position":{"x":710,"y":1912,"w":96,"h":62}},{"index":9,"name":"𓁷𓏤","position":{"x":813,"y":1913,"w":40,"h":54}},{"index":8,"name":"𓊢𓐱𓐷𓂝𓐰𓂻𓐸","position":{"x":864,"y":1898,"w":83,"h":66}},{"index":7,"name":"𓅭","position":{"x":948,"y":1918,"w":70,"h":46}},{"index":6,"name":"𓏠𓐰𓈖","position":{"x":1022,"y":1895,"w":42,"h":60}},{"index":5,"name":"𓋴","position":{"x":1071,"y":1888,"w":26,"h":59}},{"index":4,"name":"𓄿","position":{"x":1112,"y":1892,"w":62,"h":48}},{"index":3,"name":"𓅯","position":{"x":1170,"y":1891,"w":70,"h":47}},{"index":2,"name":"𓂝","position":{"x":1245,"y":1883,"w":48,"h":32}},{"index":1,"name":"𓈖","position":{"x":1249,"y":1916,"w":48,"h":13}},{"index":0,"name":"𓊢","position":{"x":1297,"y":1865,"w":33,"h":66}}]},{"index":24,"name":"8,23","points":[{"x":1328,"y":1943},{"x":1325,"y":2006},{"x":1272,"y":2016},{"x":1234,"y":2060},{"x":1206,"y":2070},{"x":1181,"y":2023},{"x":1001,"y":2035},{"x":910,"y":2052},{"x":880,"y":2096},{"x":854,"y":2066},{"x":747,"y":2058},{"x":744,"y":1996},{"x":819,"y":1975},{"x":866,"y":1965},{"x":951,"y":1969},{"x":1011,"y":1972},{"x":1057,"y":1963},{"x":1075,"y":1960},{"x":1090,"y":1955},{"x":1212,"y":1942},{"x":1229,"y":1943},{"x":1253,"y":1935},{"x":1309,"y":1940}],"direction":"hrl","glyphs":[{"index":12,"name":"𓏛","position":{"x":757,"y":2003,"w":31,"h":43}},{"index":10,"name":"𓏏𓐰𓏏","position":{"x":787,"y":1987,"w":37,"h":59}},{"index":9,"name":"𓅓𓏇","position":{"x":828,"y":1971,"w":90,"h":74}},{"index":8,"name":"𓂋𓐰𓆑","position":{"x":873,"y":1980,"w":100,"h":104}},{"index":7,"name":"𓏏𓏲","position":{"x":977,"y":1978,"w":57,"h":44}},{"index":6,"name":"𓁹","position":{"x":1040,"y":1960,"w":117,"h":25}},{"index":5,"name":"𓈖","position":{"x":1056,"y":1996,"w":59,"h":17}},{"index":4,"name":"𓅭","position":{"x":1131,"y":1972,"w":65,"h":40}},{"index":3,"name":"𓆱","position":{"x":1190,"y":1939,"w":79,"h":42}},{"index":2,"name":"𓉻","position":{"x":1200,"y":1978,"w":77,"h":24}},{"index":1,"name":"𓆑","position":{"x":1211,"y":1979,"w":105,"h":84}},{"index":0,"name":"𓈖","position":{"x":1282,"y":1950,"w":39,"h":18}}]}]}],"history":[{"username":"noname","date":"2023-08-14T20:42:01.495Z"}]}