{"name":"Prisse","creator":"Möller","provenance":"Thebes","period":"12 dyn","genre":"instruction","notes":"","pages":[{"index":0,"name":"4,1-4 and 9,7-12","type":"","images":[],"lines":[{"index":0,"name":"4,1","points":[{"x":1049,"y":310},{"x":931,"y":318},{"x":788,"y":329},{"x":630,"y":310},{"x":466,"y":316},{"x":312,"y":322},{"x":258,"y":363},{"x":258,"y":410},{"x":325,"y":419},{"x":386,"y":414},{"x":486,"y":405},{"x":531,"y":412},{"x":571,"y":427},{"x":611,"y":401},{"x":637,"y":399},{"x":650,"y":419},{"x":682,"y":416},{"x":702,"y":408},{"x":722,"y":419},{"x":778,"y":419},{"x":818,"y":410},{"x":857,"y":424},{"x":929,"y":405},{"x":949,"y":415},{"x":967,"y":424},{"x":1006,"y":423},{"x":1019,"y":423},{"x":1061,"y":403},{"x":1106,"y":412},{"x":1157,"y":415},{"x":1185,"y":414},{"x":1191,"y":365},{"x":1175,"y":316}],"direction":"hrl","glyphs":[{"index":22,"name":"𓇳","position":{"x":273,"y":356,"w":45,"h":33}},{"index":21,"name":"𓎛","position":{"x":312,"y":330,"w":35,"h":80}},{"index":20,"name":"𓎛","position":{"x":357,"y":329,"w":31,"h":80}},{"index":19,"name":"𓅘","position":{"x":396,"y":329,"w":80,"h":69}},{"index":18,"name":"𓈖","position":{"x":477,"y":376,"w":76,"h":30}},{"index":17,"name":"𓂋","position":{"x":481,"y":336,"w":66,"h":41}},{"index":16,"name":"𓆓","position":{"x":548,"y":324,"w":79,"h":93}},{"index":15,"name":"𓏏𓐰𓇿","position":{"x":577,"y":359,"w":62,"h":35}},{"index":14,"name":"𓋹","position":{"x":629,"y":323,"w":40,"h":83}},{"index":3,"name":"𓍺","position":{"x":675,"y":333,"w":45,"h":78}},{"index":4,"name":"𓇋","position":{"x":713,"y":339,"w":29,"h":74}},{"index":12,"name":"𓋴","position":{"x":750,"y":345,"w":28,"h":66}},{"index":11,"name":"𓋴","position":{"x":787,"y":343,"w":24,"h":66}},{"index":10,"name":"𓇋","position":{"x":826,"y":342,"w":25,"h":66}},{"index":9,"name":"𓍹","position":{"x":842,"y":345,"w":37,"h":62}},{"index":2,"name":"𓆤","position":{"x":892,"y":326,"w":134,"h":75}},{"index":5,"name":"𓏏","position":{"x":958,"y":396,"w":39,"h":22}},{"index":7,"name":"𓏏","position":{"x":999,"y":393,"w":34,"h":24}},{"index":6,"name":"𓇓","position":{"x":1005,"y":326,"w":74,"h":79}},{"index":8,"name":"𓈖","position":{"x":1063,"y":377,"w":75,"h":30}},{"index":1,"name":"𓏤","position":{"x":1101,"y":327,"w":15,"h":47}},{"index":0,"name":"𓍛","position":{"x":1144,"y":325,"w":40,"h":82}}]},{"index":1,"name":"4,2","points":[{"x":2197,"y":445},{"x":2226,"y":449},{"x":2238,"y":456},{"x":2261,"y":450},{"x":2278,"y":487},{"x":2271,"y":532},{"x":2229,"y":538},{"x":2162,"y":535},{"x":2131,"y":535},{"x":2075,"y":532},{"x":1999,"y":533},{"x":1942,"y":518},{"x":1922,"y":501},{"x":1883,"y":505},{"x":1845,"y":490},{"x":1803,"y":488},{"x":1706,"y":485},{"x":1607,"y":480},{"x":1584,"y":482},{"x":1559,"y":499},{"x":1546,"y":474},{"x":1438,"y":473},{"x":1356,"y":469},{"x":1311,"y":473},{"x":1299,"y":485},{"x":1284,"y":461},{"x":1212,"y":466},{"x":1130,"y":476},{"x":1093,"y":489},{"x":1020,"y":495},{"x":932,"y":492},{"x":860,"y":486},{"x":828,"y":485},{"x":793,"y":498},{"x":763,"y":491},{"x":699,"y":492},{"x":660,"y":494},{"x":596,"y":500},{"x":526,"y":492},{"x":451,"y":483},{"x":406,"y":480},{"x":334,"y":469},{"x":317,"y":466},{"x":316,"y":435},{"x":362,"y":412},{"x":480,"y":404},{"x":534,"y":413},{"x":577,"y":413},{"x":625,"y":401},{"x":663,"y":421},{"x":697,"y":406},{"x":718,"y":418},{"x":783,"y":412},{"x":833,"y":416},{"x":896,"y":413},{"x":931,"y":408},{"x":971,"y":425},{"x":1015,"y":420},{"x":1035,"y":414},{"x":1073,"y":405},{"x":1129,"y":415},{"x":1201,"y":416},{"x":1281,"y":409},{"x":1299,"y":407},{"x":1323,"y":412},{"x":1433,"y":410},{"x":1457,"y":426},{"x":1520,"y":431},{"x":1547,"y":406},{"x":1576,"y":415},{"x":1582,"y":428},{"x":1621,"y":411},{"x":1644,"y":417},{"x":1693,"y":410},{"x":1761,"y":416},{"x":1794,"y":407},{"x":1851,"y":425},{"x":1884,"y":419},{"x":1913,"y":418},{"x":1927,"y":429},{"x":1959,"y":423},{"x":1984,"y":436},{"x":2024,"y":444},{"x":2066,"y":451},{"x":2109,"y":446},{"x":2150,"y":451}],"direction":"hrl","glyphs":[{"index":31,"name":"𓂻","position":{"x":324,"y":420,"w":79,"h":43}},{"index":30,"name":"𓏲","position":{"x":392,"y":414,"w":44,"h":55}},{"index":29,"name":"𓄿","position":{"x":432,"y":414,"w":66,"h":64}},{"index":28,"name":"𓉔","position":{"x":506,"y":413,"w":63,"h":65}},{"index":23,"name":"𓀗","position":{"x":572,"y":405,"w":75,"h":88}},{"index":27,"name":"𓅱","position":{"x":643,"y":411,"w":75,"h":75}},{"index":26,"name":"𓄿","position":{"x":724,"y":422,"w":62,"h":64}},{"index":25,"name":"𓇋","position":{"x":794,"y":415,"w":27,"h":77}},{"index":24,"name":"𓂋","position":{"x":819,"y":440,"w":63,"h":36}},{"index":13,"name":"𓆣","position":{"x":885,"y":415,"w":74,"h":70}},{"index":16,"name":"𓀗","position":{"x":956,"y":426,"w":67,"h":57}},{"index":22,"name":"𓇋","position":{"x":1022,"y":416,"w":28,"h":75}},{"index":21,"name":"𓈖","position":{"x":1054,"y":450,"w":72,"h":27}},{"index":20,"name":"𓏏","position":{"x":1056,"y":414,"w":71,"h":32}},{"index":19,"name":"𓀀","position":{"x":1132,"y":418,"w":47,"h":38}},{"index":18,"name":"𓎟","position":{"x":1182,"y":422,"w":104,"h":35}},{"index":17,"name":"𓅆","position":{"x":1291,"y":409,"w":22,"h":70}},{"index":14,"name":"𓆊","position":{"x":1304,"y":419,"w":143,"h":48}},{"index":15,"name":"𓆊","position":{"x":1430,"y":416,"w":139,"h":45}},{"index":12,"name":"𓆑","position":{"x":1564,"y":415,"w":64,"h":74}},{"index":9,"name":"𓂧","position":{"x":1603,"y":448,"w":97,"h":33}},{"index":11,"name":"𓆓","position":{"x":1604,"y":414,"w":92,"h":53}},{"index":10,"name":"𓀻","position":{"x":1714,"y":415,"w":78,"h":70}},{"index":0,"name":"𓊪","position":{"x":1797,"y":427,"w":72,"h":57}},{"index":8,"name":"𓊵𓐰𓏏","position":{"x":1867,"y":423,"w":67,"h":75}},{"index":32,"name":"𓎛","position":{"x":1927,"y":432,"w":42,"h":83}},{"index":7,"name":"𓊪𓐰𓏏","position":{"x":1964,"y":443,"w":57,"h":82}},{"index":6,"name":"𓏏𓐰𓏤","position":{"x":2027,"y":454,"w":36,"h":74}},{"index":5,"name":"𓅷","position":{"x":2063,"y":451,"w":80,"h":78}},{"index":3,"name":"𓊖","position":{"x":2134,"y":450,"w":63,"h":33}},{"index":4,"name":"𓏤","position":{"x":2142,"y":490,"w":13,"h":44}},{"index":2,"name":"𓏏","position":{"x":2162,"y":491,"w":31,"h":34}},{"index":1,"name":"𓅓𓐰𓂋","position":{"x":2191,"y":454,"w":77,"h":80}}]},{"index":2,"name":"4,3","points":[{"x":2268,"y":538},{"x":2261,"y":526},{"x":2229,"y":537},{"x":2157,"y":537},{"x":2114,"y":532},{"x":2070,"y":532},{"x":1967,"y":528},{"x":1931,"y":512},{"x":1925,"y":496},{"x":1877,"y":505},{"x":1819,"y":488},{"x":1619,"y":482},{"x":1590,"y":481},{"x":1558,"y":500},{"x":1544,"y":472},{"x":1400,"y":470},{"x":1320,"y":472},{"x":1301,"y":484},{"x":1298,"y":486},{"x":1283,"y":462},{"x":1195,"y":468},{"x":1128,"y":475},{"x":1088,"y":491},{"x":1004,"y":497},{"x":934,"y":491},{"x":832,"y":484},{"x":787,"y":500},{"x":759,"y":491},{"x":590,"y":502},{"x":427,"y":481},{"x":300,"y":473},{"x":245,"y":500},{"x":238,"y":557},{"x":304,"y":575},{"x":343,"y":574},{"x":382,"y":563},{"x":435,"y":566},{"x":669,"y":572},{"x":764,"y":575},{"x":859,"y":568},{"x":974,"y":578},{"x":1043,"y":551},{"x":1097,"y":565},{"x":1128,"y":553},{"x":1147,"y":563},{"x":1308,"y":547},{"x":1368,"y":557},{"x":1501,"y":544},{"x":1571,"y":564},{"x":1642,"y":575},{"x":1781,"y":582},{"x":1824,"y":580},{"x":1843,"y":590},{"x":1867,"y":588},{"x":1916,"y":578},{"x":1939,"y":581},{"x":1979,"y":584},{"x":2020,"y":599},{"x":2125,"y":593},{"x":2184,"y":592},{"x":2206,"y":603},{"x":2260,"y":602},{"x":2274,"y":582}],"direction":"hrl","glyphs":[{"index":27,"name":"𓅪","position":{"x":248,"y":480,"w":65,"h":61}},{"index":26,"name":"𓏲","position":{"x":285,"y":492,"w":44,"h":66}},{"index":25,"name":"𓋴","position":{"x":333,"y":491,"w":25,"h":77}},{"index":33,"name":"𓆓","position":{"x":343,"y":505,"w":92,"h":65}},{"index":34,"name":"𓈖","position":{"x":365,"y":485,"w":70,"h":33}},{"index":11,"name":"𓁹","position":{"x":417,"y":517,"w":114,"h":40}},{"index":24,"name":"𓁹","position":{"x":520,"y":511,"w":123,"h":32}},{"index":31,"name":"𓎟","position":{"x":603,"y":520,"w":92,"h":38}},{"index":32,"name":"𓇳","position":{"x":638,"y":499,"w":50,"h":30}},{"index":23,"name":"𓂋","position":{"x":699,"y":499,"w":73,"h":34}},{"index":22,"name":"𓂝","position":{"x":711,"y":527,"w":56,"h":40}},{"index":21,"name":"𓅪","position":{"x":785,"y":504,"w":86,"h":64}},{"index":20,"name":"𓂋","position":{"x":789,"y":491,"w":66,"h":38}},{"index":19,"name":"𓄡","position":{"x":873,"y":496,"w":103,"h":25}},{"index":18,"name":"𓂧","position":{"x":874,"y":523,"w":90,"h":37}},{"index":17,"name":"𓈖𓐰𓆑","position":{"x":983,"y":497,"w":78,"h":72}},{"index":16,"name":"𓁀","position":{"x":1068,"y":475,"w":96,"h":81}},{"index":15,"name":"𓇥𓐰𓂋","position":{"x":1180,"y":470,"w":65,"h":81}},{"index":14,"name":"𓋴","position":{"x":1257,"y":475,"w":31,"h":74}},{"index":13,"name":"𓏛","position":{"x":1289,"y":481,"w":75,"h":65}},{"index":12,"name":"𓅱","position":{"x":1359,"y":475,"w":82,"h":72}},{"index":30,"name":"𓄿","position":{"x":1437,"y":479,"w":59,"h":61}},{"index":10,"name":"𓌳","position":{"x":1501,"y":484,"w":63,"h":53}},{"index":9,"name":"𓏤","position":{"x":1575,"y":488,"w":13,"h":70}},{"index":8,"name":"𓁷","position":{"x":1589,"y":486,"w":40,"h":78}},{"index":7,"name":"𓅪","position":{"x":1636,"y":493,"w":82,"h":59}},{"index":6,"name":"𓅱","position":{"x":1697,"y":491,"w":89,"h":78}},{"index":5,"name":"𓎛","position":{"x":1777,"y":494,"w":36,"h":82}},{"index":4,"name":"𓇋","position":{"x":1821,"y":495,"w":39,"h":82}},{"index":3,"name":"𓅱","position":{"x":1855,"y":503,"w":75,"h":82}},{"index":28,"name":"𓂻","position":{"x":1922,"y":533,"w":99,"h":48}},{"index":29,"name":"𓅪","position":{"x":2013,"y":534,"w":82,"h":56}},{"index":2,"name":"𓎤","position":{"x":2097,"y":537,"w":39,"h":50}},{"index":1,"name":"𓎤","position":{"x":2150,"y":542,"w":40,"h":46}},{"index":0,"name":"𓅱","position":{"x":2197,"y":531,"w":72,"h":67}}]},{"index":3,"name":"4,4","points":[{"x":2257,"y":609},{"x":2221,"y":603},{"x":2201,"y":602},{"x":2179,"y":590},{"x":2121,"y":597},{"x":2009,"y":595},{"x":1963,"y":583},{"x":1916,"y":577},{"x":1849,"y":593},{"x":1821,"y":578},{"x":1755,"y":582},{"x":1599,"y":570},{"x":1500,"y":543},{"x":1353,"y":556},{"x":1269,"y":553},{"x":1156,"y":565},{"x":1122,"y":552},{"x":1081,"y":566},{"x":1026,"y":556},{"x":976,"y":578},{"x":850,"y":571},{"x":743,"y":578},{"x":622,"y":570},{"x":477,"y":568},{"x":401,"y":561},{"x":324,"y":579},{"x":265,"y":581},{"x":226,"y":613},{"x":222,"y":622},{"x":199,"y":676},{"x":216,"y":723},{"x":339,"y":718},{"x":580,"y":664},{"x":765,"y":695},{"x":873,"y":670},{"x":1045,"y":683},{"x":1294,"y":660},{"x":1579,"y":672},{"x":1794,"y":669},{"x":1941,"y":691},{"x":2115,"y":677},{"x":2198,"y":698},{"x":2252,"y":697}],"direction":"hrl","glyphs":[{"index":32,"name":"𓈖𓐰𓆑","position":{"x":216,"y":638,"w":61,"h":78}},{"index":31,"name":"𓂧","position":{"x":245,"y":590,"w":84,"h":49}},{"index":35,"name":"𓀁","position":{"x":256,"y":633,"w":68,"h":75}},{"index":34,"name":"𓅱","position":{"x":307,"y":629,"w":77,"h":68}},{"index":30,"name":"𓌃","position":{"x":327,"y":576,"w":45,"h":48}},{"index":38,"name":"𓂜","position":{"x":371,"y":634,"w":84,"h":57}},{"index":29,"name":"𓀁","position":{"x":379,"y":569,"w":74,"h":65}},{"index":28,"name":"𓎼𓐰𓂋","position":{"x":444,"y":574,"w":82,"h":104}},{"index":27,"name":"𓏤","position":{"x":534,"y":584,"w":15,"h":67}},{"index":26,"name":"𓂋","position":{"x":550,"y":591,"w":71,"h":35}},{"index":25,"name":"𓀀","position":{"x":624,"y":590,"w":55,"h":47}},{"index":24,"name":"𓏤","position":{"x":682,"y":580,"w":20,"h":72}},{"index":33,"name":"𓄣","position":{"x":699,"y":580,"w":80,"h":70}},{"index":21,"name":"𓀉","position":{"x":764,"y":575,"w":92,"h":101}},{"index":23,"name":"𓂧","position":{"x":855,"y":593,"w":93,"h":53}},{"index":22,"name":"𓅨𓐰𓂋","position":{"x":951,"y":567,"w":96,"h":107}},{"index":20,"name":"𓅪","position":{"x":1055,"y":558,"w":80,"h":46}},{"index":19,"name":"𓂜","position":{"x":1056,"y":599,"w":81,"h":45}},{"index":18,"name":"𓈎","position":{"x":1138,"y":570,"w":57,"h":54}},{"index":17,"name":"𓄿","position":{"x":1205,"y":563,"w":76,"h":73}},{"index":16,"name":"𓏤","position":{"x":1280,"y":559,"w":14,"h":75}},{"index":15,"name":"𓁷","position":{"x":1299,"y":565,"w":41,"h":82}},{"index":14,"name":"𓀜","position":{"x":1360,"y":562,"w":87,"h":72}},{"index":13,"name":"𓏏","position":{"x":1443,"y":570,"w":40,"h":17}},{"index":12,"name":"𓏭","position":{"x":1449,"y":598,"w":22,"h":33}},{"index":11,"name":"𓄖","position":{"x":1490,"y":578,"w":81,"h":55}},{"index":10,"name":"𓎛","position":{"x":1564,"y":574,"w":33,"h":88}},{"index":9,"name":"𓊪","position":{"x":1605,"y":585,"w":82,"h":73}},{"index":8,"name":"𓄔","position":{"x":1695,"y":588,"w":85,"h":61}},{"index":7,"name":"𓅱","position":{"x":1768,"y":584,"w":90,"h":75}},{"index":6,"name":"𓌻","position":{"x":1844,"y":580,"w":80,"h":52}},{"index":5,"name":"𓂋","position":{"x":1862,"y":615,"w":73,"h":47}},{"index":4,"name":"𓇋","position":{"x":1937,"y":586,"w":34,"h":90}},{"index":3,"name":"𓄔","position":{"x":1984,"y":604,"w":97,"h":57}},{"index":2,"name":"𓄔","position":{"x":2085,"y":610,"w":87,"h":47}},{"index":1,"name":"𓋹","position":{"x":2171,"y":598,"w":36,"h":85}},{"index":0,"name":"𓋹","position":{"x":2207,"y":607,"w":40,"h":82}}]},{"index":4,"name":"9,8","points":[{"x":2229,"y":1004},{"x":2105,"y":990},{"x":1864,"y":996},{"x":1635,"y":998},{"x":1401,"y":999},{"x":1199,"y":1010},{"x":894,"y":1006},{"x":691,"y":1023},{"x":613,"y":1043},{"x":584,"y":1019},{"x":547,"y":1025},{"x":528,"y":1032},{"x":516,"y":1024},{"x":463,"y":1028},{"x":414,"y":1058},{"x":427,"y":1087},{"x":448,"y":1102},{"x":501,"y":1103},{"x":513,"y":1110},{"x":532,"y":1102},{"x":567,"y":1101},{"x":621,"y":1089},{"x":713,"y":1087},{"x":759,"y":1095},{"x":798,"y":1094},{"x":790,"y":1114},{"x":800,"y":1119},{"x":838,"y":1104},{"x":865,"y":1079},{"x":966,"y":1092},{"x":982,"y":1106},{"x":1003,"y":1082},{"x":1060,"y":1096},{"x":1082,"y":1099},{"x":1122,"y":1094},{"x":1145,"y":1108},{"x":1240,"y":1107},{"x":1365,"y":1101},{"x":1445,"y":1094},{"x":1492,"y":1106},{"x":1565,"y":1098},{"x":1623,"y":1111},{"x":1720,"y":1117},{"x":1821,"y":1111},{"x":1866,"y":1097},{"x":1976,"y":1104},{"x":2092,"y":1100},{"x":2155,"y":1110},{"x":2234,"y":1105}],"direction":"hrl","glyphs":[{"index":23,"name":"𓈖𓐰𓀀","position":{"x":427,"y":1032,"w":81,"h":66}},{"index":22,"name":"𓌢","position":{"x":498,"y":1027,"w":30,"h":79}},{"index":21,"name":"𓅓","position":{"x":532,"y":1028,"w":78,"h":73}},{"index":20,"name":"𓀀","position":{"x":612,"y":1041,"w":53,"h":39}},{"index":29,"name":"𓎟","position":{"x":656,"y":1033,"w":104,"h":46}},{"index":19,"name":"𓅓","position":{"x":757,"y":1021,"w":83,"h":71}},{"index":28,"name":"𓂋𓐰𓆑","position":{"x":795,"y":1016,"w":100,"h":98}},{"index":14,"name":"𓎡","position":{"x":898,"y":1028,"w":89,"h":69}},{"index":16,"name":"𓂻","position":{"x":971,"y":1030,"w":85,"h":41}},{"index":18,"name":"𓈎","position":{"x":1047,"y":1028,"w":55,"h":50}},{"index":17,"name":"𓅧","position":{"x":1069,"y":1021,"w":94,"h":81}},{"index":15,"name":"𓉐","position":{"x":1179,"y":1028,"w":62,"h":66}},{"index":27,"name":"𓅱","position":{"x":1235,"y":1022,"w":93,"h":74}},{"index":13,"name":"𓈖𓐰𓏌","position":{"x":1298,"y":1025,"w":80,"h":63}},{"index":12,"name":"𓄚","position":{"x":1376,"y":1014,"w":108,"h":76}},{"index":25,"name":"𓅓","position":{"x":1471,"y":1020,"w":79,"h":75}},{"index":26,"name":"𓏛","position":{"x":1535,"y":1031,"w":98,"h":64}},{"index":11,"name":"𓀉","position":{"x":1621,"y":1022,"w":62,"h":79}},{"index":10,"name":"𓋴","position":{"x":1675,"y":1020,"w":32,"h":78}},{"index":9,"name":"𓅓","position":{"x":1697,"y":1027,"w":53,"h":78}},{"index":8,"name":"𓌰","position":{"x":1749,"y":1014,"w":43,"h":76}},{"index":7,"name":"𓈖","position":{"x":1800,"y":1060,"w":75,"h":33}},{"index":6,"name":"𓐍","position":{"x":1802,"y":1021,"w":73,"h":33}},{"index":5,"name":"𓏛","position":{"x":1876,"y":1025,"w":89,"h":65}},{"index":24,"name":"𓎝","position":{"x":1941,"y":1010,"w":64,"h":82}},{"index":4,"name":"𓎛","position":{"x":2005,"y":1008,"w":37,"h":88}},{"index":3,"name":"𓄿","position":{"x":2050,"y":1012,"w":74,"h":75}},{"index":1,"name":"𓍯","position":{"x":2134,"y":1017,"w":58,"h":80}},{"index":0,"name":"𓋴","position":{"x":2194,"y":1022,"w":28,"h":83}}]},{"index":5,"name":"9,9","points":[{"x":2239,"y":1114},{"x":2205,"y":1112},{"x":2126,"y":1117},{"x":2088,"y":1104},{"x":1959,"y":1108},{"x":1953,"y":1117},{"x":1953,"y":1137},{"x":1901,"y":1126},{"x":1762,"y":1125},{"x":1677,"y":1122},{"x":1569,"y":1109},{"x":1470,"y":1111},{"x":1405,"y":1097},{"x":1299,"y":1108},{"x":1141,"y":1110},{"x":1117,"y":1098},{"x":1105,"y":1095},{"x":1060,"y":1098},{"x":1020,"y":1085},{"x":976,"y":1109},{"x":943,"y":1087},{"x":862,"y":1081},{"x":837,"y":1103},{"x":799,"y":1119},{"x":789,"y":1116},{"x":795,"y":1092},{"x":732,"y":1097},{"x":694,"y":1085},{"x":619,"y":1088},{"x":554,"y":1104},{"x":531,"y":1102},{"x":508,"y":1114},{"x":491,"y":1103},{"x":435,"y":1099},{"x":409,"y":1071},{"x":371,"y":1096},{"x":354,"y":1135},{"x":360,"y":1176},{"x":400,"y":1174},{"x":428,"y":1180},{"x":446,"y":1174},{"x":490,"y":1176},{"x":554,"y":1169},{"x":643,"y":1168},{"x":706,"y":1170},{"x":720,"y":1190},{"x":727,"y":1197},{"x":749,"y":1176},{"x":863,"y":1168},{"x":907,"y":1172},{"x":937,"y":1167},{"x":1040,"y":1193},{"x":1133,"y":1184},{"x":1211,"y":1198},{"x":1260,"y":1175},{"x":1325,"y":1183},{"x":1344,"y":1176},{"x":1351,"y":1184},{"x":1380,"y":1197},{"x":1428,"y":1181},{"x":1500,"y":1186},{"x":1512,"y":1194},{"x":1591,"y":1193},{"x":1649,"y":1199},{"x":1690,"y":1200},{"x":1731,"y":1191},{"x":1757,"y":1196},{"x":1790,"y":1202},{"x":1816,"y":1189},{"x":1866,"y":1188},{"x":1917,"y":1210},{"x":1934,"y":1211},{"x":1950,"y":1207},{"x":1992,"y":1213},{"x":2081,"y":1198},{"x":2124,"y":1188},{"x":2152,"y":1184},{"x":2150,"y":1195},{"x":2152,"y":1201},{"x":2181,"y":1191},{"x":2206,"y":1184},{"x":2225,"y":1186},{"x":2257,"y":1176},{"x":2264,"y":1153},{"x":2257,"y":1144},{"x":2244,"y":1159},{"x":2232,"y":1161},{"x":2227,"y":1137}],"direction":"hrl","glyphs":[{"index":32,"name":"𓏥","position":{"x":367,"y":1143,"w":71,"h":29}},{"index":31,"name":"𓁐","position":{"x":369,"y":1119,"w":59,"h":28}},{"index":30,"name":"𓏏","position":{"x":387,"y":1086,"w":36,"h":33}},{"index":29,"name":"𓈞","position":{"x":440,"y":1106,"w":58,"h":58}},{"index":4,"name":"𓅓","position":{"x":490,"y":1105,"w":72,"h":65}},{"index":26,"name":"𓈖","position":{"x":555,"y":1094,"w":81,"h":34}},{"index":18,"name":"𓂻","position":{"x":560,"y":1128,"w":79,"h":37}},{"index":25,"name":"𓎡","position":{"x":640,"y":1124,"w":92,"h":66}},{"index":24,"name":"𓏏","position":{"x":659,"y":1090,"w":39,"h":32}},{"index":23,"name":"𓅓","position":{"x":729,"y":1099,"w":75,"h":68}},{"index":22,"name":"𓀜","position":{"x":805,"y":1089,"w":83,"h":75}},{"index":27,"name":"𓏏","position":{"x":872,"y":1111,"w":38,"h":36}},{"index":21,"name":"𓄿","position":{"x":907,"y":1094,"w":71,"h":73}},{"index":20,"name":"𓂚","position":{"x":983,"y":1094,"w":68,"h":73}},{"index":19,"name":"𓅓","position":{"x":1044,"y":1108,"w":43,"h":79}},{"index":3,"name":"𓇋","position":{"x":1090,"y":1099,"w":30,"h":85}},{"index":15,"name":"𓎡","position":{"x":1117,"y":1118,"w":96,"h":76}},{"index":17,"name":"𓂻","position":{"x":1202,"y":1126,"w":76,"h":41}},{"index":28,"name":"𓈎","position":{"x":1274,"y":1116,"w":59,"h":52}},{"index":16,"name":"𓅧","position":{"x":1308,"y":1103,"w":97,"h":84}},{"index":14,"name":"𓎟","position":{"x":1413,"y":1117,"w":110,"h":43}},{"index":13,"name":"𓏲","position":{"x":1505,"y":1119,"w":56,"h":67}},{"index":12,"name":"𓃀","position":{"x":1565,"y":1115,"w":51,"h":71}},{"index":11,"name":"𓂋","position":{"x":1614,"y":1139,"w":76,"h":46}},{"index":10,"name":"𓏲","position":{"x":1662,"y":1128,"w":60,"h":70}},{"index":9,"name":"𓊪","position":{"x":1719,"y":1132,"w":58,"h":59}},{"index":8,"name":"𓏤","position":{"x":1783,"y":1134,"w":17,"h":61}},{"index":7,"name":"𓂋","position":{"x":1809,"y":1144,"w":84,"h":37}},{"index":6,"name":"𓀀","position":{"x":1894,"y":1137,"w":55,"h":34}},{"index":5,"name":"𓀉","position":{"x":1932,"y":1115,"w":75,"h":94}},{"index":2,"name":"𓋴","position":{"x":2007,"y":1118,"w":31,"h":79}},{"index":35,"name":"𓅓","position":{"x":2029,"y":1126,"w":46,"h":71}},{"index":34,"name":"𓌰","position":{"x":2065,"y":1113,"w":39,"h":78}},{"index":1,"name":"𓈖","position":{"x":2103,"y":1163,"w":75,"h":35}},{"index":0,"name":"𓐍","position":{"x":2111,"y":1120,"w":67,"h":41}},{"index":33,"name":"𓅓","position":{"x":2173,"y":1117,"w":87,"h":72}}]},{"index":6,"name":"9,10","points":[{"x":2243,"y":1206},{"x":2237,"y":1236},{"x":2207,"y":1260},{"x":2156,"y":1271},{"x":2118,"y":1269},{"x":2084,"y":1287},{"x":2031,"y":1283},{"x":1989,"y":1282},{"x":1944,"y":1287},{"x":1890,"y":1284},{"x":1871,"y":1287},{"x":1869,"y":1272},{"x":1834,"y":1274},{"x":1738,"y":1279},{"x":1720,"y":1258},{"x":1681,"y":1265},{"x":1672,"y":1287},{"x":1659,"y":1285},{"x":1635,"y":1280},{"x":1615,"y":1281},{"x":1609,"y":1283},{"x":1587,"y":1275},{"x":1545,"y":1277},{"x":1505,"y":1263},{"x":1472,"y":1251},{"x":1397,"y":1259},{"x":1336,"y":1261},{"x":1304,"y":1268},{"x":1267,"y":1277},{"x":1226,"y":1276},{"x":1187,"y":1275},{"x":1153,"y":1273},{"x":1147,"y":1256},{"x":1120,"y":1270},{"x":1117,"y":1269},{"x":1115,"y":1247},{"x":1077,"y":1272},{"x":1069,"y":1250},{"x":1035,"y":1255},{"x":975,"y":1251},{"x":922,"y":1265},{"x":889,"y":1267},{"x":872,"y":1254},{"x":836,"y":1254},{"x":793,"y":1253},{"x":768,"y":1255},{"x":760,"y":1246},{"x":702,"y":1257},{"x":618,"y":1258},{"x":534,"y":1252},{"x":508,"y":1256},{"x":464,"y":1245},{"x":426,"y":1247},{"x":381,"y":1238},{"x":319,"y":1250},{"x":295,"y":1248},{"x":300,"y":1207},{"x":335,"y":1178},{"x":397,"y":1180},{"x":446,"y":1171},{"x":501,"y":1175},{"x":569,"y":1167},{"x":651,"y":1167},{"x":705,"y":1170},{"x":717,"y":1184},{"x":727,"y":1198},{"x":753,"y":1175},{"x":840,"y":1169},{"x":908,"y":1172},{"x":934,"y":1166},{"x":1043,"y":1194},{"x":1139,"y":1183},{"x":1215,"y":1201},{"x":1275,"y":1183},{"x":1341,"y":1178},{"x":1360,"y":1193},{"x":1435,"y":1186},{"x":1508,"y":1192},{"x":1558,"y":1190},{"x":1643,"y":1198},{"x":1695,"y":1202},{"x":1734,"y":1190},{"x":1757,"y":1198},{"x":1791,"y":1206},{"x":1817,"y":1186},{"x":1899,"y":1194},{"x":1929,"y":1213},{"x":1952,"y":1207},{"x":2002,"y":1207},{"x":2109,"y":1189},{"x":2151,"y":1183},{"x":2155,"y":1201},{"x":2203,"y":1184},{"x":2228,"y":1188}],"direction":"hrl","glyphs":[{"index":34,"name":"𓏲","position":{"x":308,"y":1187,"w":41,"h":58}},{"index":33,"name":"𓏏","position":{"x":348,"y":1193,"w":29,"h":42}},{"index":32,"name":"𓏴","position":{"x":375,"y":1183,"w":49,"h":47}},{"index":31,"name":"𓃀","position":{"x":436,"y":1178,"w":46,"h":63}},{"index":30,"name":"𓈖","position":{"x":470,"y":1174,"w":79,"h":24}},{"index":38,"name":"𓎼","position":{"x":483,"y":1194,"w":60,"h":55}},{"index":29,"name":"𓅱","position":{"x":544,"y":1173,"w":64,"h":76}},{"index":28,"name":"𓇋","position":{"x":610,"y":1174,"w":31,"h":78}},{"index":27,"name":"𓏏","position":{"x":645,"y":1193,"w":34,"h":39}},{"index":26,"name":"𓋴","position":{"x":682,"y":1176,"w":33,"h":75}},{"index":25,"name":"𓏛","position":{"x":718,"y":1183,"w":80,"h":67}},{"index":37,"name":"𓍸","position":{"x":794,"y":1174,"w":48,"h":74}},{"index":24,"name":"𓄿","position":{"x":843,"y":1180,"w":60,"h":69}},{"index":23,"name":"𓆼","position":{"x":904,"y":1172,"w":41,"h":90}},{"index":36,"name":"𓐍","position":{"x":943,"y":1195,"w":71,"h":39}},{"index":22,"name":"𓊪","position":{"x":1009,"y":1199,"w":66,"h":47}},{"index":21,"name":"𓏤","position":{"x":1076,"y":1195,"w":18,"h":68}},{"index":20,"name":"𓁷","position":{"x":1095,"y":1189,"w":41,"h":78}},{"index":19,"name":"𓏤","position":{"x":1149,"y":1197,"w":15,"h":73}},{"index":18,"name":"𓁷","position":{"x":1168,"y":1201,"w":45,"h":72}},{"index":17,"name":"𓏛","position":{"x":1218,"y":1189,"w":96,"h":54}},{"index":39,"name":"𓈖","position":{"x":1222,"y":1243,"w":85,"h":30}},{"index":16,"name":"𓇮","position":{"x":1311,"y":1182,"w":49,"h":75}},{"index":15,"name":"𓂧","position":{"x":1357,"y":1196,"w":91,"h":55}},{"index":14,"name":"𓊪","position":{"x":1444,"y":1194,"w":64,"h":53}},{"index":13,"name":"𓋴","position":{"x":1508,"y":1196,"w":29,"h":74}},{"index":12,"name":"𓂜","position":{"x":1543,"y":1208,"w":73,"h":50}},{"index":35,"name":"𓅓","position":{"x":1604,"y":1204,"w":41,"h":79}},{"index":11,"name":"𓇋","position":{"x":1653,"y":1201,"w":34,"h":83}},{"index":10,"name":"𓏏","position":{"x":1684,"y":1210,"w":32,"h":48}},{"index":9,"name":"𓋴","position":{"x":1724,"y":1196,"w":29,"h":79}},{"index":8,"name":"𓅱","position":{"x":1758,"y":1192,"w":79,"h":78}},{"index":7,"name":"𓁹","position":{"x":1828,"y":1199,"w":124,"h":38}},{"index":6,"name":"𓂋","position":{"x":1842,"y":1240,"w":70,"h":45}},{"index":40,"name":"𓏲","position":{"x":1898,"y":1212,"w":55,"h":66}},{"index":5,"name":"𓃀","position":{"x":1965,"y":1211,"w":56,"h":69}},{"index":4,"name":"𓈖","position":{"x":1995,"y":1221,"w":79,"h":46}},{"index":3,"name":"𓆑","position":{"x":2050,"y":1192,"w":70,"h":72}},{"index":2,"name":"𓂋","position":{"x":2083,"y":1219,"w":52,"h":63}},{"index":1,"name":"𓄤","position":{"x":2126,"y":1189,"w":41,"h":79}},{"index":0,"name":"𓂜","position":{"x":2159,"y":1186,"w":80,"h":55}}]},{"index":7,"name":"9,11","points":[{"x":2232,"y":1271},{"x":2172,"y":1274},{"x":2120,"y":1271},{"x":2108,"y":1270},{"x":2089,"y":1285},{"x":1984,"y":1281},{"x":1910,"y":1285},{"x":1873,"y":1288},{"x":1866,"y":1273},{"x":1833,"y":1275},{"x":1741,"y":1281},{"x":1714,"y":1257},{"x":1677,"y":1269},{"x":1677,"y":1287},{"x":1657,"y":1286},{"x":1622,"y":1280},{"x":1599,"y":1272},{"x":1526,"y":1272},{"x":1483,"y":1255},{"x":1380,"y":1261},{"x":1325,"y":1263},{"x":1270,"y":1276},{"x":1171,"y":1277},{"x":1153,"y":1272},{"x":1145,"y":1255},{"x":1119,"y":1270},{"x":1115,"y":1264},{"x":1116,"y":1246},{"x":1074,"y":1271},{"x":1065,"y":1247},{"x":997,"y":1258},{"x":886,"y":1267},{"x":859,"y":1256},{"x":808,"y":1252},{"x":769,"y":1254},{"x":755,"y":1246},{"x":697,"y":1259},{"x":603,"y":1259},{"x":534,"y":1252},{"x":497,"y":1259},{"x":464,"y":1244},{"x":424,"y":1246},{"x":377,"y":1240},{"x":325,"y":1267},{"x":305,"y":1313},{"x":312,"y":1338},{"x":441,"y":1335},{"x":484,"y":1342},{"x":637,"y":1339},{"x":955,"y":1344},{"x":1123,"y":1341},{"x":1391,"y":1336},{"x":1492,"y":1332},{"x":1595,"y":1350},{"x":1670,"y":1352},{"x":1753,"y":1358},{"x":1847,"y":1349},{"x":1858,"y":1355},{"x":1906,"y":1347},{"x":1950,"y":1351},{"x":1998,"y":1347},{"x":2070,"y":1343},{"x":2095,"y":1357},{"x":2164,"y":1336},{"x":2230,"y":1338}],"direction":"hrl","glyphs":[{"index":31,"name":"𓏱","position":{"x":319,"y":1278,"w":81,"h":55}},{"index":30,"name":"𓏏","position":{"x":354,"y":1246,"w":38,"h":38}},{"index":29,"name":"𓅓","position":{"x":403,"y":1249,"w":78,"h":73}},{"index":28,"name":"𓅱","position":{"x":468,"y":1255,"w":84,"h":82}},{"index":27,"name":"𓏏","position":{"x":541,"y":1280,"w":49,"h":43}},{"index":26,"name":"𓂻","position":{"x":601,"y":1264,"w":94,"h":49}},{"index":25,"name":"𓄖","position":{"x":696,"y":1253,"w":94,"h":66}},{"index":24,"name":"𓅱","position":{"x":777,"y":1258,"w":67,"h":73}},{"index":23,"name":"𓇋","position":{"x":847,"y":1260,"w":36,"h":69}},{"index":21,"name":"𓁹","position":{"x":895,"y":1274,"w":124,"h":41}},{"index":22,"name":"𓌘","position":{"x":1009,"y":1253,"w":68,"h":68}},{"index":33,"name":"𓅱𓐰𓏏","position":{"x":1060,"y":1257,"w":61,"h":83}},{"index":20,"name":"𓋴","position":{"x":1125,"y":1266,"w":27,"h":62}},{"index":19,"name":"𓂋","position":{"x":1157,"y":1281,"w":79,"h":42}},{"index":18,"name":"𓏛","position":{"x":1246,"y":1274,"w":79,"h":53}},{"index":17,"name":"𓏏","position":{"x":1322,"y":1264,"w":33,"h":33}},{"index":16,"name":"𓏏","position":{"x":1329,"y":1295,"w":26,"h":34}},{"index":15,"name":"𓏇","position":{"x":1360,"y":1261,"w":48,"h":68}},{"index":14,"name":"𓅪","position":{"x":1415,"y":1269,"w":87,"h":60}},{"index":13,"name":"𓏏","position":{"x":1453,"y":1258,"w":32,"h":28}},{"index":12,"name":"𓎡","position":{"x":1494,"y":1280,"w":90,"h":57}},{"index":11,"name":"𓏏","position":{"x":1514,"y":1303,"w":28,"h":23}},{"index":10,"name":"𓇳","position":{"x":1577,"y":1277,"w":46,"h":43}},{"index":9,"name":"𓏰","position":{"x":1604,"y":1288,"w":43,"h":55}},{"index":8,"name":"𓏏","position":{"x":1642,"y":1293,"w":36,"h":32}},{"index":7,"name":"𓄿","position":{"x":1674,"y":1265,"w":80,"h":72}},{"index":32,"name":"𓈖𓐰𓆑","position":{"x":1729,"y":1286,"w":104,"h":61}},{"index":6,"name":"𓏛","position":{"x":1814,"y":1301,"w":71,"h":51}},{"index":34,"name":"𓏏","position":{"x":1841,"y":1281,"w":34,"h":26}},{"index":5,"name":"𓐍","position":{"x":1879,"y":1296,"w":66,"h":31}},{"index":4,"name":"𓅜","position":{"x":1937,"y":1285,"w":74,"h":60}},{"index":3,"name":"𓂋","position":{"x":2017,"y":1296,"w":77,"h":42}},{"index":2,"name":"𓆼","position":{"x":2097,"y":1275,"w":42,"h":77}},{"index":1,"name":"𓊃","position":{"x":2136,"y":1278,"w":92,"h":27}},{"index":0,"name":"𓀀","position":{"x":2165,"y":1306,"w":56,"h":26}}]},{"index":8,"name":"9,12","points":[{"x":2216,"y":1348},{"x":2192,"y":1334},{"x":2123,"y":1346},{"x":2097,"y":1356},{"x":2062,"y":1343},{"x":1963,"y":1347},{"x":1893,"y":1350},{"x":1847,"y":1358},{"x":1829,"y":1393},{"x":1851,"y":1415},{"x":1929,"y":1431},{"x":2059,"y":1406},{"x":2118,"y":1401},{"x":2187,"y":1407},{"x":2218,"y":1380}],"direction":"hrl","glyphs":[{"index":6,"name":"𓏏","position":{"x":1846,"y":1355,"w":37,"h":50}},{"index":5,"name":"𓋴","position":{"x":1889,"y":1353,"w":30,"h":65}},{"index":4,"name":"𓏛","position":{"x":1928,"y":1352,"w":76,"h":59}},{"index":3,"name":"𓐍","position":{"x":2007,"y":1348,"w":64,"h":40}},{"index":2,"name":"𓂋","position":{"x":2074,"y":1356,"w":68,"h":39}},{"index":1,"name":"𓏤","position":{"x":2149,"y":1345,"w":13,"h":55}},{"index":0,"name":"𓁷","position":{"x":2164,"y":1342,"w":38,"h":60}}]}]}],"history":[{"username":"noname","date":"2023-08-16T08:50:48.767Z"}]}