{"index": 7, "name": "Sinuhe B", "creator": "Möller", "provenance": "Thebes", "period": "12 dyn", "pages": [{"index": 0, "name": "18-33", "type": "", "images": [], "lines": [{"index": 0, "name": "18", "points": [{"x": 2241, "y": 228}, {"x": 2151, "y": 223}, {"x": 2127, "y": 257}, {"x": 2128, "y": 332}, {"x": 2126, "y": 375}, {"x": 2126, "y": 472}, {"x": 2134, "y": 536}, {"x": 2137, "y": 584}, {"x": 2129, "y": 673}, {"x": 2134, "y": 760}, {"x": 2138, "y": 813}, {"x": 2149, "y": 901}, {"x": 2157, "y": 970}, {"x": 2164, "y": 1117}, {"x": 2164, "y": 1195}, {"x": 2190, "y": 1227}, {"x": 2229, "y": 1253}, {"x": 2273, "y": 1232}, {"x": 2265, "y": 1065}, {"x": 2273, "y": 913}, {"x": 2253, "y": 652}, {"x": 2239, "y": 418}, {"x": 2220, "y": 382}, {"x": 2214, "y": 360}, {"x": 2225, "y": 325}, {"x": 2256, "y": 269}], "direction": "vrl", "glyphs": [{"index": 18, "name": "𓎡", "position": {"x": 2143, "y": 235, "w": 93, "h": 53}}, {"index": 22, "name": "𓋴𓐰𓀗", "position": {"x": 2136, "y": 277, "w": 75, "h": 117}}, {"index": 23, "name": "𓏲", "position": {"x": 2133, "y": 286, "w": 27, "h": 66}}, {"index": 14, "name": "𓀀", "position": {"x": 2156, "y": 400, "w": 49, "h": 29}}, {"index": 17, "name": "𓅓𓐰𓃀", "position": {"x": 2146, "y": 431, "w": 91, "h": 136}}, {"index": 20, "name": "𓅡", "position": {"x": 2141, "y": 505, "w": 44, "h": 60}}, {"index": 8, "name": "𓄿", "position": {"x": 2185, "y": 571, "w": 42, "h": 58}}, {"index": 16, "name": "𓏏", "position": {"x": 2151, "y": 587, "w": 19, "h": 34}}, {"index": 21, "name": "𓆰", "position": {"x": 2139, "y": 617, "w": 95, "h": 56}}, {"index": 19, "name": "𓅓𓐰𓅾𓐰𓀁", "position": {"x": 2141, "y": 676, "w": 95, "h": 211}}, {"index": 11, "name": "𓌳𓐰𓁹", "position": {"x": 2164, "y": 892, "w": 96, "h": 96}}, {"index": 7, "name": "𓄿", "position": {"x": 2194, "y": 970, "w": 59, "h": 65}}, {"index": 9, "name": "𓄿", "position": {"x": 2179, "y": 1040, "w": 63, "h": 64}}, {"index": 10, "name": "𓅨", "position": {"x": 2176, "y": 1101, "w": 77, "h": 83}}, {"index": 5, "name": "𓂋", "position": {"x": 2194, "y": 1185, "w": 58, "h": 53}}]}, {"index": 1, "name": "19", "points": [{"x": 2088, "y": 228}, {"x": 1996, "y": 237}, {"x": 2003, "y": 327}, {"x": 1993, "y": 477}, {"x": 2011, "y": 624}, {"x": 2028, "y": 765}, {"x": 2025, "y": 871}, {"x": 2003, "y": 922}, {"x": 2022, "y": 1012}, {"x": 2039, "y": 1131}, {"x": 2037, "y": 1222}, {"x": 2070, "y": 1231}, {"x": 2149, "y": 1224}, {"x": 2158, "y": 1187}, {"x": 2150, "y": 955}, {"x": 2128, "y": 799}, {"x": 2116, "y": 676}, {"x": 2108, "y": 651}, {"x": 2109, "y": 611}, {"x": 2103, "y": 566}, {"x": 2120, "y": 529}, {"x": 2100, "y": 366}, {"x": 2100, "y": 263}], "direction": "vrl", "glyphs": [{"index": 0, "name": "𓈙𓐰𓇋", "position": {"x": 2009, "y": 238, "w": 82, "h": 118}}, {"index": 22, "name": "𓇋", "position": {"x": 2023, "y": 282, "w": 32, "h": 74}}, {"index": 20, "name": "𓅱𓐰𓇳", "position": {"x": 2026, "y": 348, "w": 65, "h": 114}}, {"index": 21, "name": "𓏤", "position": {"x": 2023, "y": 424, "w": 16, "h": 56}}, {"index": 8, "name": "𓀀", "position": {"x": 2065, "y": 477, "w": 35, "h": 29}}, {"index": 24, "name": "𓏥", "position": {"x": 2011, "y": 491, "w": 48, "h": 15}}, {"index": 14, "name": "𓁶", "position": {"x": 2049, "y": 512, "w": 55, "h": 49}}, {"index": 19, "name": "𓏤", "position": {"x": 2031, "y": 514, "w": 21, "h": 65}}, {"index": 25, "name": "𓉗", "position": {"x": 2072, "y": 569, "w": 34, "h": 81}}, {"index": 17, "name": "𓏏𓐰𓉐", "position": {"x": 2035, "y": 585, "w": 45, "h": 85}}, {"index": 5, "name": "𓏶", "position": {"x": 2076, "y": 671, "w": 38, "h": 75}}, {"index": 18, "name": "𓅓𓐰𓏏", "position": {"x": 2031, "y": 672, "w": 34, "h": 88}}, {"index": 7, "name": "𓉔", "position": {"x": 2047, "y": 764, "w": 76, "h": 71}}, {"index": 15, "name": "𓏲", "position": {"x": 2048, "y": 843, "w": 27, "h": 83}}, {"index": 3, "name": "𓂋", "position": {"x": 2091, "y": 846, "w": 34, "h": 48}}, {"index": 1, "name": "𓋴", "position": {"x": 2015, "y": 901, "w": 32, "h": 84}}, {"index": 2, "name": "𓇳", "position": {"x": 2093, "y": 902, "w": 28, "h": 36}}, {"index": 10, "name": "𓏤", "position": {"x": 2063, "y": 902, "w": 13, "h": 60}}, {"index": 6, "name": "𓁹", "position": {"x": 2040, "y": 952, "w": 100, "h": 41}}, {"index": 4, "name": "𓀀", "position": {"x": 2063, "y": 990, "w": 44, "h": 29}}, {"index": 13, "name": "𓈝", "position": {"x": 2050, "y": 1029, "w": 72, "h": 85}}, {"index": 12, "name": "𓅓", "position": {"x": 2055, "y": 1095, "w": 65, "h": 72}}, {"index": 11, "name": "𓏏𓐰𓂻", "position": {"x": 2053, "y": 1160, "w": 99, "h": 59}}]}, {"index": 2, "name": "20", "points": [{"x": 1957, "y": 225}, {"x": 1880, "y": 225}, {"x": 1860, "y": 253}, {"x": 1877, "y": 386}, {"x": 1879, "y": 466}, {"x": 1876, "y": 539}, {"x": 1872, "y": 639}, {"x": 1858, "y": 746}, {"x": 1880, "y": 803}, {"x": 1891, "y": 908}, {"x": 1892, "y": 1001}, {"x": 1893, "y": 1070}, {"x": 1901, "y": 1169}, {"x": 1985, "y": 1177}, {"x": 2005, "y": 1147}, {"x": 1998, "y": 1064}, {"x": 1990, "y": 928}, {"x": 2018, "y": 894}, {"x": 1993, "y": 802}, {"x": 1982, "y": 638}, {"x": 1981, "y": 469}, {"x": 1972, "y": 333}], "direction": "vrl", "glyphs": [{"index": 5, "name": "𓏏", "position": {"x": 1913, "y": 232, "w": 38, "h": 31}}, {"index": 20, "name": "𓆵", "position": {"x": 1875, "y": 241, "w": 41, "h": 59}}, {"index": 3, "name": "𓂋", "position": {"x": 1916, "y": 269, "w": 45, "h": 40}}, {"index": 19, "name": "𓏤", "position": {"x": 1884, "y": 308, "w": 17, "h": 52}}, {"index": 6, "name": "𓇳", "position": {"x": 1904, "y": 312, "w": 47, "h": 34}}, {"index": 18, "name": "𓈖𓐰𓐍", "position": {"x": 1887, "y": 356, "w": 73, "h": 61}}, {"index": 23, "name": "𓆼𓄿", "position": {"x": 1889, "y": 420, "w": 74, "h": 70}}, {"index": 17, "name": "𓅓", "position": {"x": 1892, "y": 480, "w": 63, "h": 151}}, {"index": 22, "name": "𓇰𓐰𓌉", "position": {"x": 1890, "y": 553, "w": 83, "h": 192}}, {"index": 21, "name": "𓆓", "position": {"x": 1872, "y": 658, "w": 59, "h": 87}}, {"index": 10, "name": "𓇳", "position": {"x": 1907, "y": 698, "w": 32, "h": 39}}, {"index": 15, "name": "𓈖𓐰𓇾", "position": {"x": 1896, "y": 749, "w": 76, "h": 56}}, {"index": 1, "name": "𓈇", "position": {"x": 1926, "y": 800, "w": 42, "h": 35}}, {"index": 9, "name": "𓏤", "position": {"x": 1907, "y": 805, "w": 14, "h": 50}}, {"index": 14, "name": "𓄖", "position": {"x": 1901, "y": 841, "w": 66, "h": 55}}, {"index": 2, "name": "𓂻", "position": {"x": 1916, "y": 892, "w": 84, "h": 44}}, {"index": 11, "name": "𓈖", "position": {"x": 1906, "y": 931, "w": 72, "h": 42}}, {"index": 8, "name": "𓀀𓐰𓊪", "position": {"x": 1901, "y": 956, "w": 81, "h": 121}}, {"index": 7, "name": "𓏏𓐰𓈖", "position": {"x": 1909, "y": 1067, "w": 67, "h": 52}}, {"index": 4, "name": "𓈉", "position": {"x": 1913, "y": 1114, "w": 79, "h": 55}}]}, {"index": 3, "name": "21", "points": [{"x": 1824, "y": 230}, {"x": 1736, "y": 240}, {"x": 1737, "y": 334}, {"x": 1747, "y": 418}, {"x": 1757, "y": 495}, {"x": 1751, "y": 580}, {"x": 1758, "y": 689}, {"x": 1757, "y": 754}, {"x": 1767, "y": 929}, {"x": 1772, "y": 1047}, {"x": 1787, "y": 1228}, {"x": 1831, "y": 1252}, {"x": 1855, "y": 1251}, {"x": 1884, "y": 1184}, {"x": 1890, "y": 1109}, {"x": 1877, "y": 990}, {"x": 1858, "y": 807}, {"x": 1849, "y": 696}, {"x": 1845, "y": 479}, {"x": 1878, "y": 422}, {"x": 1866, "y": 379}], "direction": "vrl", "glyphs": [{"index": 11, "name": "𓐍", "position": {"x": 1745, "y": 237, "w": 70, "h": 39}}, {"index": 22, "name": "𓈖", "position": {"x": 1752, "y": 275, "w": 67, "h": 25}}, {"index": 23, "name": "𓅯", "position": {"x": 1748, "y": 300, "w": 79, "h": 36}}, {"index": 20, "name": "𓂻", "position": {"x": 1757, "y": 345, "w": 76, "h": 32}}, {"index": 21, "name": "𓎡", "position": {"x": 1756, "y": 383, "w": 111, "h": 35}}, {"index": 14, "name": "𓅱𓐰𓂋", "position": {"x": 1758, "y": 408, "w": 68, "h": 150}}, {"index": 17, "name": "𓀀", "position": {"x": 1767, "y": 479, "w": 46, "h": 22}}, {"index": 18, "name": "𓈀", "position": {"x": 1762, "y": 558, "w": 66, "h": 47}}, {"index": 8, "name": "𓈇", "position": {"x": 1793, "y": 606, "w": 34, "h": 39}}, {"index": 15, "name": "𓏤", "position": {"x": 1767, "y": 608, "w": 11, "h": 54}}, {"index": 16, "name": "𓈖𓐰𓆎", "position": {"x": 1763, "y": 655, "w": 77, "h": 65}}, {"index": 13, "name": "𓅓𓐰𓅨𓐰𓂋𓐰𓇰", "position": {"x": 1781, "y": 714, "w": 77, "h": 232}}, {"index": 10, "name": "𓐍", "position": {"x": 1788, "y": 953, "w": 64, "h": 40}}, {"index": 9, "name": "𓂋𓐰𓀒", "position": {"x": 1789, "y": 989, "w": 74, "h": 109}}, {"index": 5, "name": "𓈖", "position": {"x": 1801, "y": 1080, "w": 70, "h": 25}}, {"index": 4, "name": "𓇋", "position": {"x": 1847, "y": 1095, "w": 33, "h": 75}}, {"index": 0, "name": "𓃀", "position": {"x": 1807, "y": 1104, "w": 43, "h": 64}}, {"index": 3, "name": "𓃙", "position": {"x": 1796, "y": 1157, "w": 82, "h": 57}}, {"index": 2, "name": "𓏏", "position": {"x": 1832, "y": 1211, "w": 19, "h": 30}}]}, {"index": 4, "name": "22", "points": [{"x": 1694, "y": 209}, {"x": 1654, "y": 203}, {"x": 1629, "y": 220}, {"x": 1608, "y": 317}, {"x": 1618, "y": 402}, {"x": 1616, "y": 554}, {"x": 1618, "y": 683}, {"x": 1626, "y": 814}, {"x": 1652, "y": 935}, {"x": 1655, "y": 1075}, {"x": 1634, "y": 1172}, {"x": 1634, "y": 1208}, {"x": 1642, "y": 1217}, {"x": 1650, "y": 1220}, {"x": 1655, "y": 1245}, {"x": 1694, "y": 1244}, {"x": 1739, "y": 1228}, {"x": 1762, "y": 1080}, {"x": 1730, "y": 973}, {"x": 1706, "y": 950}, {"x": 1713, "y": 933}, {"x": 1741, "y": 931}, {"x": 1751, "y": 897}, {"x": 1752, "y": 737}, {"x": 1748, "y": 697}, {"x": 1737, "y": 679}, {"x": 1749, "y": 660}, {"x": 1745, "y": 645}, {"x": 1738, "y": 640}, {"x": 1706, "y": 496}, {"x": 1713, "y": 467}, {"x": 1733, "y": 425}, {"x": 1719, "y": 290}], "direction": "vrl", "glyphs": [{"index": 18, "name": "𓀁", "position": {"x": 1623, "y": 219, "w": 72, "h": 66}}, {"index": 10, "name": "𓄿", "position": {"x": 1660, "y": 286, "w": 49, "h": 67}}, {"index": 16, "name": "𓋴", "position": {"x": 1626, "y": 294, "w": 29, "h": 74}}, {"index": 14, "name": "𓍬𓐰𓂻", "position": {"x": 1631, "y": 356, "w": 87, "h": 99}}, {"index": 17, "name": "𓈖𓐰𓆑", "position": {"x": 1623, "y": 448, "w": 86, "h": 90}}, {"index": 15, "name": "𓅱", "position": {"x": 1644, "y": 503, "w": 67, "h": 177}}, {"index": 8, "name": "𓈖𓐰𓏏𓐰𓃀", "position": {"x": 1639, "y": 577, "w": 107, "h": 99}}, {"index": 22, "name": "𓄓", "position": {"x": 1628, "y": 623, "w": 51, "h": 59}}, {"index": 20, "name": "𓎡", "position": {"x": 1645, "y": 678, "w": 100, "h": 41}}, {"index": 11, "name": "𓅱𓐰𓀀", "position": {"x": 1655, "y": 715, "w": 63, "h": 95}}, {"index": 12, "name": "𓐍", "position": {"x": 1653, "y": 822, "w": 67, "h": 38}}, {"index": 9, "name": "𓐍", "position": {"x": 1661, "y": 854, "w": 64, "h": 41}}, {"index": 7, "name": "𓄈𓐰𓀀", "position": {"x": 1665, "y": 885, "w": 78, "h": 163}}, {"index": 3, "name": "𓐍", "position": {"x": 1677, "y": 1047, "w": 60, "h": 40}}, {"index": 1, "name": "𓅓", "position": {"x": 1676, "y": 1085, "w": 63, "h": 91}}, {"index": 5, "name": "𓅱", "position": {"x": 1670, "y": 1144, "w": 58, "h": 78}}, {"index": 0, "name": "𓊡", "position": {"x": 1645, "y": 1149, "w": 43, "h": 88}}]}, {"index": 5, "name": "23", "points": [{"x": 1590, "y": 223}, {"x": 1526, "y": 235}, {"x": 1501, "y": 313}, {"x": 1499, "y": 428}, {"x": 1508, "y": 493}, {"x": 1503, "y": 610}, {"x": 1508, "y": 643}, {"x": 1508, "y": 764}, {"x": 1508, "y": 894}, {"x": 1513, "y": 996}, {"x": 1508, "y": 1134}, {"x": 1536, "y": 1225}, {"x": 1586, "y": 1220}, {"x": 1608, "y": 1195}, {"x": 1614, "y": 1104}, {"x": 1623, "y": 971}, {"x": 1609, "y": 799}, {"x": 1612, "y": 700}, {"x": 1599, "y": 557}, {"x": 1597, "y": 401}, {"x": 1600, "y": 261}], "direction": "vrl", "glyphs": [{"index": 21, "name": "𓆓𓐰𓂧𓐰𓈖𓐰𓀀", "position": {"x": 1515, "y": 235, "w": 68, "h": 118}}, {"index": 20, "name": "𓂧", "position": {"x": 1516, "y": 356, "w": 66, "h": 36}}, {"index": 23, "name": "𓊪", "position": {"x": 1511, "y": 389, "w": 77, "h": 41}}, {"index": 7, "name": "𓏏", "position": {"x": 1544, "y": 429, "w": 19, "h": 16}}, {"index": 16, "name": "𓄓", "position": {"x": 1522, "y": 436, "w": 59, "h": 57}}, {"index": 15, "name": "𓀁", "position": {"x": 1522, "y": 471, "w": 59, "h": 59}}, {"index": 14, "name": "𓅓", "position": {"x": 1524, "y": 529, "w": 59, "h": 66}}, {"index": 17, "name": "𓏏𓐰𓐷𓇑𓇑𓐸", "position": {"x": 1533, "y": 593, "w": 58, "h": 99}}, {"index": 8, "name": "𓏱", "position": {"x": 1516, "y": 595, "w": 40, "h": 48}}, {"index": 22, "name": "𓍿", "position": {"x": 1513, "y": 702, "w": 88, "h": 36}}, {"index": 13, "name": "𓊃", "position": {"x": 1526, "y": 741, "w": 75, "h": 26}}, {"index": 0, "name": "𓏏", "position": {"x": 1582, "y": 767, "w": 18, "h": 28}}, {"index": 12, "name": "𓍞", "position": {"x": 1527, "y": 768, "w": 63, "h": 69}}, {"index": 6, "name": "𓏛", "position": {"x": 1518, "y": 827, "w": 77, "h": 69}}, {"index": 11, "name": "𓀀", "position": {"x": 1527, "y": 892, "w": 69, "h": 69}}, {"index": 1, "name": "𓐷𓄣𓏤𓐸𓐰𓀀𓐰𓋴", "position": {"x": 1527, "y": 961, "w": 85, "h": 208}}, {"index": 9, "name": "𓐟𓐰𓀀", "position": {"x": 1527, "y": 1097, "w": 65, "h": 119}}]}, {"index": 6, "name": "24", "points": [{"x": 1458, "y": 221}, {"x": 1416, "y": 222}, {"x": 1403, "y": 244}, {"x": 1415, "y": 284}, {"x": 1409, "y": 297}, {"x": 1376, "y": 308}, {"x": 1334, "y": 331}, {"x": 1339, "y": 357}, {"x": 1391, "y": 393}, {"x": 1392, "y": 452}, {"x": 1385, "y": 493}, {"x": 1387, "y": 529}, {"x": 1395, "y": 625}, {"x": 1406, "y": 766}, {"x": 1407, "y": 866}, {"x": 1407, "y": 988}, {"x": 1404, "y": 1127}, {"x": 1412, "y": 1231}, {"x": 1476, "y": 1249}, {"x": 1505, "y": 1244}, {"x": 1504, "y": 1153}, {"x": 1510, "y": 1030}, {"x": 1507, "y": 900}, {"x": 1502, "y": 708}, {"x": 1499, "y": 586}, {"x": 1493, "y": 401}, {"x": 1491, "y": 229}], "direction": "vrl", "glyphs": [{"index": 20, "name": "𓈎", "position": {"x": 1419, "y": 226, "w": 43, "h": 49}}, {"index": 19, "name": "𓆌", "position": {"x": 1338, "y": 263, "w": 145, "h": 86}}, {"index": 17, "name": "𓏛𓐰𓀀𓐰𓎛", "position": {"x": 1405, "y": 325, "w": 75, "h": 222}}, {"index": 18, "name": "𓂝𓐰𓄹", "position": {"x": 1394, "y": 467, "w": 61, "h": 59}}, {"index": 16, "name": "𓏥", "position": {"x": 1407, "y": 531, "w": 62, "h": 25}}, {"index": 15, "name": "𓀀𓐰𓄔", "position": {"x": 1411, "y": 559, "w": 81, "h": 121}}, {"index": 11, "name": "𓅓𓐰𓈖", "position": {"x": 1419, "y": 656, "w": 65, "h": 125}}, {"index": 6, "name": "𓀀", "position": {"x": 1430, "y": 772, "w": 47, "h": 30}}, {"index": 9, "name": "𓊤𓐰𓀁", "position": {"x": 1426, "y": 802, "w": 70, "h": 119}}, {"index": 8, "name": "𓏲", "position": {"x": 1427, "y": 805, "w": 22, "h": 81}}, {"index": 10, "name": "𓈖", "position": {"x": 1425, "y": 936, "w": 70, "h": 27}}, {"index": 2, "name": "𓅓", "position": {"x": 1466, "y": 957, "w": 33, "h": 68}}, {"index": 13, "name": "𓅓𓐰𓀁", "position": {"x": 1416, "y": 961, "w": 49, "h": 129}}, {"index": 1, "name": "𓇋", "position": {"x": 1475, "y": 1019, "w": 27, "h": 72}}, {"index": 12, "name": "𓈖𓐰𓏠𓐰𓈖", "position": {"x": 1416, "y": 1096, "w": 73, "h": 142}}]}, {"index": 7, "name": "25", "points": [{"x": 1334, "y": 195}, {"x": 1260, "y": 210}, {"x": 1236, "y": 230}, {"x": 1249, "y": 318}, {"x": 1245, "y": 378}, {"x": 1252, "y": 525}, {"x": 1260, "y": 606}, {"x": 1259, "y": 739}, {"x": 1267, "y": 919}, {"x": 1280, "y": 1081}, {"x": 1287, "y": 1245}, {"x": 1318, "y": 1274}, {"x": 1396, "y": 1263}, {"x": 1393, "y": 1128}, {"x": 1403, "y": 1067}, {"x": 1398, "y": 944}, {"x": 1398, "y": 742}, {"x": 1380, "y": 555}, {"x": 1393, "y": 507}, {"x": 1381, "y": 486}, {"x": 1387, "y": 424}, {"x": 1357, "y": 377}, {"x": 1336, "y": 354}, {"x": 1334, "y": 332}, {"x": 1358, "y": 308}], "direction": "vrl", "glyphs": [{"index": 22, "name": "𓏠𓐰𓈖𓐰𓏏𓐰𓃒", "position": {"x": 1252, "y": 204, "w": 88, "h": 179}}, {"index": 18, "name": "𓏥𓐰𓅠", "position": {"x": 1276, "y": 395, "w": 101, "h": 86}}, {"index": 21, "name": "𓅓", "position": {"x": 1260, "y": 427, "w": 38, "h": 90}}, {"index": 15, "name": "𓎛𓐰𓈖", "position": {"x": 1278, "y": 478, "w": 70, "h": 107}}, {"index": 17, "name": "𓁹", "position": {"x": 1267, "y": 505, "w": 114, "h": 42}}, {"index": 16, "name": "𓀀", "position": {"x": 1282, "y": 579, "w": 81, "h": 62}}, {"index": 14, "name": "𓋴𓐷𓏏𓐰𓄝𓐸", "position": {"x": 1270, "y": 653, "w": 110, "h": 105}}, {"index": 13, "name": "𓅂", "position": {"x": 1299, "y": 753, "w": 79, "h": 79}}, {"index": 0, "name": "𓌙", "position": {"x": 1350, "y": 824, "w": 19, "h": 81}}, {"index": 10, "name": "𓀀", "position": {"x": 1301, "y": 838, "w": 38, "h": 25}}, {"index": 9, "name": "𓏥", "position": {"x": 1301, "y": 878, "w": 49, "h": 18}}, {"index": 11, "name": "𓐟", "position": {"x": 1300, "y": 921, "w": 37, "h": 67}}, {"index": 1, "name": "𓋴", "position": {"x": 1347, "y": 921, "w": 28, "h": 72}}, {"index": 5, "name": "𓇋", "position": {"x": 1312, "y": 990, "w": 28, "h": 78}}, {"index": 2, "name": "𓄿", "position": {"x": 1351, "y": 993, "w": 44, "h": 65}}, {"index": 8, "name": "𓋷", "position": {"x": 1309, "y": 1061, "w": 85, "h": 41}}, {"index": 4, "name": "𓀁", "position": {"x": 1315, "y": 1095, "w": 56, "h": 76}}, {"index": 6, "name": "𓈖", "position": {"x": 1312, "y": 1172, "w": 66, "h": 31}}, {"index": 3, "name": "𓅱𓐰𓀀", "position": {"x": 1309, "y": 1187, "w": 66, "h": 73}}]}, {"index": 8, "name": "26", "points": [{"x": 1215, "y": 193}, {"x": 1168, "y": 202}, {"x": 1151, "y": 332}, {"x": 1150, "y": 473}, {"x": 1153, "y": 574}, {"x": 1141, "y": 682}, {"x": 1153, "y": 741}, {"x": 1143, "y": 832}, {"x": 1144, "y": 942}, {"x": 1146, "y": 1059}, {"x": 1140, "y": 1149}, {"x": 1137, "y": 1211}, {"x": 1198, "y": 1215}, {"x": 1240, "y": 1205}, {"x": 1245, "y": 1132}, {"x": 1247, "y": 950}, {"x": 1251, "y": 739}, {"x": 1247, "y": 620}, {"x": 1253, "y": 579}, {"x": 1248, "y": 493}, {"x": 1241, "y": 363}, {"x": 1246, "y": 282}, {"x": 1235, "y": 215}], "direction": "vrl", "glyphs": [{"index": 6, "name": "𓅓𓐰𓂝", "position": {"x": 1170, "y": 202, "w": 61, "h": 101}}, {"index": 9, "name": "𓏏𓐰𓈖𓐰𓌙", "position": {"x": 1165, "y": 305, "w": 66, "h": 142}}, {"index": 11, "name": "𓅯", "position": {"x": 1160, "y": 363, "w": 45, "h": 66}}, {"index": 16, "name": "𓏛", "position": {"x": 1166, "y": 421, "w": 65, "h": 78}}, {"index": 13, "name": "𓀀", "position": {"x": 1164, "y": 485, "w": 80, "h": 64}}, {"index": 8, "name": "𓅓", "position": {"x": 1157, "y": 543, "w": 35, "h": 118}}, {"index": 0, "name": "𓇋", "position": {"x": 1210, "y": 551, "w": 35, "h": 78}}, {"index": 12, "name": "𓅯𓐰𓄿", "position": {"x": 1158, "y": 631, "w": 88, "h": 107}}, {"index": 1, "name": "𓃹𓐰𓈖𓐰𓈖𓐰𓁷", "position": {"x": 1155, "y": 743, "w": 72, "h": 195}}, {"index": 7, "name": "𓏤", "position": {"x": 1167, "y": 855, "w": 13, "h": 85}}, {"index": 2, "name": "𓆎", "position": {"x": 1162, "y": 937, "w": 74, "h": 46}}, {"index": 5, "name": "𓅓𓐰𓏏", "position": {"x": 1168, "y": 968, "w": 64, "h": 100}}, {"index": 10, "name": "𓊖", "position": {"x": 1163, "y": 1066, "w": 67, "h": 52}}, {"index": 3, "name": "𓊢", "position": {"x": 1198, "y": 1110, "w": 33, "h": 87}}, {"index": 15, "name": "𓂝𓐰𓈖", "position": {"x": 1154, "y": 1117, "w": 44, "h": 83}}]}, {"index": 9, "name": "27", "points": [{"x": 1095, "y": 188}, {"x": 1024, "y": 192}, {"x": 1006, "y": 362}, {"x": 1025, "y": 499}, {"x": 1009, "y": 594}, {"x": 1037, "y": 632}, {"x": 1037, "y": 742}, {"x": 1024, "y": 916}, {"x": 1036, "y": 1136}, {"x": 1054, "y": 1215}, {"x": 1099, "y": 1221}, {"x": 1142, "y": 1142}, {"x": 1136, "y": 985}, {"x": 1144, "y": 881}, {"x": 1148, "y": 798}, {"x": 1155, "y": 738}, {"x": 1144, "y": 577}, {"x": 1147, "y": 429}, {"x": 1140, "y": 252}, {"x": 1117, "y": 205}], "direction": "vrl", "glyphs": [{"index": 14, "name": "𓏏", "position": {"x": 1045, "y": 198, "w": 57, "h": 37}}, {"index": 16, "name": "𓂝", "position": {"x": 1042, "y": 236, "w": 63, "h": 25}}, {"index": 20, "name": "𓈖𓐰𓆑", "position": {"x": 1018, "y": 262, "w": 93, "h": 88}}, {"index": 13, "name": "𓈖", "position": {"x": 1047, "y": 318, "w": 65, "h": 27}}, {"index": 12, "name": "𓀀", "position": {"x": 1050, "y": 344, "w": 72, "h": 61}}, {"index": 11, "name": "𓈗", "position": {"x": 1050, "y": 405, "w": 79, "h": 71}}, {"index": 2, "name": "𓆑", "position": {"x": 1021, "y": 534, "w": 105, "h": 66}}, {"index": 15, "name": "𓊮", "position": {"x": 1059, "y": 562, "w": 76, "h": 65}}, {"index": 5, "name": "𓈖", "position": {"x": 1057, "y": 629, "w": 69, "h": 34}}, {"index": 4, "name": "𓀀", "position": {"x": 1057, "y": 650, "w": 75, "h": 69}}, {"index": 0, "name": "𓇋𓐰𓁹", "position": {"x": 1050, "y": 717, "w": 88, "h": 76}}, {"index": 1, "name": "𓏏", "position": {"x": 1093, "y": 785, "w": 21, "h": 33}}, {"index": 3, "name": "𓏏", "position": {"x": 1059, "y": 789, "w": 22, "h": 40}}, {"index": 18, "name": "𓏋", "position": {"x": 1039, "y": 819, "w": 93, "h": 71}}, {"index": 6, "name": "𓈝𓐰𓅓", "position": {"x": 1056, "y": 885, "w": 75, "h": 129}}, {"index": 7, "name": "𓂻", "position": {"x": 1053, "y": 1008, "w": 76, "h": 45}}, {"index": 9, "name": "𓈖", "position": {"x": 1051, "y": 1049, "w": 68, "h": 24}}, {"index": 8, "name": "𓀀", "position": {"x": 1051, "y": 1069, "w": 70, "h": 133}}]}, {"index": 10, "name": "28", "points": [{"x": 982, "y": 187}, {"x": 897, "y": 187}, {"x": 891, "y": 289}, {"x": 875, "y": 337}, {"x": 871, "y": 361}, {"x": 887, "y": 375}, {"x": 912, "y": 403}, {"x": 908, "y": 528}, {"x": 909, "y": 538}, {"x": 953, "y": 540}, {"x": 956, "y": 565}, {"x": 904, "y": 568}, {"x": 879, "y": 596}, {"x": 890, "y": 620}, {"x": 913, "y": 736}, {"x": 901, "y": 931}, {"x": 923, "y": 1059}, {"x": 898, "y": 1147}, {"x": 916, "y": 1221}, {"x": 1013, "y": 1220}, {"x": 1021, "y": 1122}, {"x": 1013, "y": 962}, {"x": 1017, "y": 788}, {"x": 1036, "y": 680}, {"x": 1037, "y": 636}, {"x": 1004, "y": 589}, {"x": 1017, "y": 499}, {"x": 1009, "y": 381}, {"x": 1005, "y": 297}], "direction": "vrl", "glyphs": [{"index": 18, "name": "𓎛𓐰𓆑", "position": {"x": 876, "y": 198, "w": 107, "h": 167}}, {"index": 16, "name": "𓈖", "position": {"x": 910, "y": 206, "w": 38, "h": 20}}, {"index": 13, "name": "𓂝", "position": {"x": 916, "y": 229, "w": 41, "h": 39}}, {"index": 12, "name": "𓈖", "position": {"x": 921, "y": 306, "w": 71, "h": 42}}, {"index": 10, "name": "𓅱𓐰𓎛", "position": {"x": 928, "y": 328, "w": 71, "h": 167}}, {"index": 15, "name": "𓏲𓐰𓁐𓐰𓏥", "position": {"x": 914, "y": 401, "w": 45, "h": 138}}, {"index": 19, "name": "𓀀", "position": {"x": 930, "y": 486, "w": 40, "h": 30}}, {"index": 17, "name": "𓆑", "position": {"x": 886, "y": 550, "w": 105, "h": 53}}, {"index": 11, "name": "𓆑", "position": {"x": 924, "y": 595, "w": 40, "h": 43}}, {"index": 9, "name": "𓂋𓐰𓁹", "position": {"x": 931, "y": 620, "w": 98, "h": 81}}, {"index": 1, "name": "𓂋", "position": {"x": 981, "y": 699, "w": 15, "h": 34}}, {"index": 5, "name": "𓏏𓐰𓈖", "position": {"x": 934, "y": 701, "w": 60, "h": 55}}, {"index": 20, "name": "𓋴", "position": {"x": 973, "y": 750, "w": 33, "h": 78}}, {"index": 3, "name": "𓈖", "position": {"x": 938, "y": 769, "w": 35, "h": 29}}, {"index": 2, "name": "𓏥", "position": {"x": 941, "y": 797, "w": 49, "h": 35}}, {"index": 4, "name": "𓂋", "position": {"x": 935, "y": 837, "w": 65, "h": 36}}, {"index": 6, "name": "𓂝𓐰𓈖", "position": {"x": 933, "y": 882, "w": 64, "h": 59}}, {"index": 7, "name": "𓅱", "position": {"x": 932, "y": 934, "w": 68, "h": 81}}, {"index": 8, "name": "𓀀𓐰𓈉", "position": {"x": 914, "y": 1008, "w": 86, "h": 137}}, {"index": 21, "name": "𓏤𓐰𓈖", "position": {"x": 924, "y": 1133, "w": 80, "h": 70}}, {"index": 0, "name": "𓏏", "position": {"x": 981, "y": 1132, "w": 19, "h": 36}}]}, {"index": 11, "name": "29", "points": [{"x": 863, "y": 175}, {"x": 792, "y": 177}, {"x": 784, "y": 296}, {"x": 775, "y": 367}, {"x": 768, "y": 528}, {"x": 775, "y": 627}, {"x": 781, "y": 775}, {"x": 775, "y": 916}, {"x": 780, "y": 998}, {"x": 776, "y": 1080}, {"x": 789, "y": 1183}, {"x": 842, "y": 1192}, {"x": 900, "y": 1194}, {"x": 905, "y": 1089}, {"x": 921, "y": 1024}, {"x": 904, "y": 956}, {"x": 903, "y": 790}, {"x": 887, "y": 646}, {"x": 871, "y": 590}, {"x": 881, "y": 496}, {"x": 906, "y": 426}, {"x": 900, "y": 381}, {"x": 868, "y": 363}, {"x": 889, "y": 302}, {"x": 889, "y": 183}], "direction": "vrl", "glyphs": [{"index": 7, "name": "𓈖", "position": {"x": 799, "y": 190, "w": 72, "h": 54}}, {"index": 20, "name": "𓏏", "position": {"x": 858, "y": 236, "w": 21, "h": 33}}, {"index": 1, "name": "𓏤", "position": {"x": 817, "y": 239, "w": 18, "h": 52}}, {"index": 18, "name": "𓆑", "position": {"x": 781, "y": 275, "w": 102, "h": 72}}, {"index": 3, "name": "𓐍𓐰𓍼", "position": {"x": 807, "y": 306, "w": 70, "h": 87}}, {"index": 21, "name": "𓂻", "position": {"x": 810, "y": 377, "w": 86, "h": 46}}, {"index": 4, "name": "𓈖𓐰𓀀", "position": {"x": 808, "y": 421, "w": 62, "h": 47}}, {"index": 0, "name": "𓂋", "position": {"x": 798, "y": 481, "w": 77, "h": 52}}, {"index": 5, "name": "𓊶", "position": {"x": 780, "y": 533, "w": 93, "h": 37}}, {"index": 9, "name": "𓈉𓐰𓎛", "position": {"x": 796, "y": 570, "w": 72, "h": 131}}, {"index": 8, "name": "𓎿", "position": {"x": 798, "y": 617, "w": 35, "h": 83}}, {"index": 12, "name": "𓊃", "position": {"x": 796, "y": 699, "w": 80, "h": 23}}, {"index": 11, "name": "𓂻", "position": {"x": 796, "y": 726, "w": 81, "h": 41}}, {"index": 14, "name": "𓈖", "position": {"x": 795, "y": 767, "w": 72, "h": 25}}, {"index": 2, "name": "𓀀", "position": {"x": 813, "y": 788, "w": 51, "h": 27}}, {"index": 6, "name": "𓂋𓐰𓐪", "position": {"x": 802, "y": 822, "w": 80, "h": 125}}, {"index": 16, "name": "𓂧𓐰𓏌", "position": {"x": 786, "y": 868, "w": 60, "h": 70}}, {"index": 17, "name": "𓅓𓐰𓈉", "position": {"x": 784, "y": 932, "w": 85, "h": 118}}, {"index": 15, "name": "𓁹", "position": {"x": 788, "y": 1047, "w": 116, "h": 38}}, {"index": 13, "name": "𓈖𓐰𓀀", "position": {"x": 795, "y": 1079, "w": 94, "h": 98}}]}, {"index": 12, "name": "30", "points": [{"x": 759, "y": 175}, {"x": 680, "y": 174}, {"x": 674, "y": 216}, {"x": 682, "y": 252}, {"x": 665, "y": 365}, {"x": 673, "y": 460}, {"x": 676, "y": 554}, {"x": 668, "y": 622}, {"x": 676, "y": 707}, {"x": 670, "y": 831}, {"x": 675, "y": 966}, {"x": 683, "y": 1008}, {"x": 675, "y": 1040}, {"x": 678, "y": 1140}, {"x": 682, "y": 1152}, {"x": 681, "y": 1192}, {"x": 671, "y": 1244}, {"x": 686, "y": 1254}, {"x": 730, "y": 1226}, {"x": 773, "y": 1198}, {"x": 781, "y": 1171}, {"x": 776, "y": 1058}, {"x": 778, "y": 921}, {"x": 778, "y": 772}, {"x": 768, "y": 603}, {"x": 770, "y": 476}, {"x": 781, "y": 310}, {"x": 780, "y": 185}], "direction": "vrl", "glyphs": [{"index": 19, "name": "𓆳", "position": {"x": 730, "y": 184, "w": 27, "h": 60}}, {"index": 12, "name": "𓏤", "position": {"x": 685, "y": 185, "w": 14, "h": 65}}, {"index": 6, "name": "𓏏", "position": {"x": 707, "y": 195, "w": 25, "h": 36}}, {"index": 9, "name": "𓏤", "position": {"x": 692, "y": 252, "w": 12, "h": 40}}, {"index": 5, "name": "𓏏", "position": {"x": 720, "y": 253, "w": 45, "h": 32}}, {"index": 2, "name": "𓇋", "position": {"x": 738, "y": 293, "w": 36, "h": 75}}, {"index": 18, "name": "𓅓", "position": {"x": 674, "y": 295, "w": 40, "h": 86}}, {"index": 14, "name": "𓏎", "position": {"x": 682, "y": 348, "w": 70, "h": 70}}, {"index": 11, "name": "𓈖", "position": {"x": 687, "y": 428, "w": 64, "h": 33}}, {"index": 10, "name": "𓅱𓐰𓀀", "position": {"x": 681, "y": 448, "w": 78, "h": 152}}, {"index": 16, "name": "𓂝𓐰𓅓𓐰𓈗𓐰𓂜𓐰𓈖𓐰𓈙𓐰𓇋", "position": {"x": 681, "y": 613, "w": 88, "h": 363}}, {"index": 7, "name": "𓏭", "position": {"x": 695, "y": 789, "w": 22, "h": 21}}, {"index": 13, "name": "𓌙𓐰𓀀", "position": {"x": 682, "y": 896, "w": 81, "h": 143}}, {"index": 8, "name": "𓋾𓈎", "position": {"x": 694, "y": 1040, "w": 74, "h": 79}}, {"index": 15, "name": "𓄿𓀀𓐰𓏲", "position": {"x": 682, "y": 1084, "w": 92, "h": 164}}, {"index": 3, "name": "𓊪", "position": {"x": 723, "y": 1155, "w": 46, "h": 37}}]}, {"index": 13, "name": "31", "points": [{"x": 642, "y": 157}, {"x": 591, "y": 157}, {"x": 561, "y": 198}, {"x": 554, "y": 357}, {"x": 550, "y": 426}, {"x": 568, "y": 565}, {"x": 549, "y": 681}, {"x": 542, "y": 745}, {"x": 563, "y": 801}, {"x": 561, "y": 902}, {"x": 569, "y": 1009}, {"x": 562, "y": 1112}, {"x": 578, "y": 1225}, {"x": 631, "y": 1240}, {"x": 669, "y": 1206}, {"x": 694, "y": 1191}, {"x": 691, "y": 1164}, {"x": 672, "y": 1146}, {"x": 671, "y": 1081}, {"x": 678, "y": 1026}, {"x": 685, "y": 993}, {"x": 666, "y": 899}, {"x": 665, "y": 762}, {"x": 666, "y": 625}, {"x": 668, "y": 522}, {"x": 660, "y": 398}, {"x": 652, "y": 265}, {"x": 640, "y": 259}, {"x": 643, "y": 231}, {"x": 657, "y": 174}], "direction": "vrl", "glyphs": [{"index": 17, "name": "𓈖𓐰𓂋𓐰𓍿", "position": {"x": 575, "y": 170, "w": 64, "h": 99}}, {"index": 3, "name": "𓏏", "position": {"x": 618, "y": 256, "w": 24, "h": 32}}, {"index": 25, "name": "𓏲", "position": {"x": 567, "y": 259, "w": 34, "h": 77}}, {"index": 21, "name": "𓌙𓐰𓈉", "position": {"x": 565, "y": 290, "w": 77, "h": 134}}, {"index": 23, "name": "𓅯", "position": {"x": 575, "y": 296, "w": 33, "h": 51}}, {"index": 20, "name": "𓁷𓐰𓂋", "position": {"x": 599, "y": 423, "w": 53, "h": 79}}, {"index": 13, "name": "𓏏", "position": {"x": 585, "y": 453, "w": 22, "h": 33}}, {"index": 11, "name": "𓇯", "position": {"x": 589, "y": 505, "w": 59, "h": 73}}, {"index": 18, "name": "𓆓𓐰𓂧", "position": {"x": 573, "y": 581, "w": 81, "h": 84}}, {"index": 22, "name": "𓆑", "position": {"x": 552, "y": 659, "w": 105, "h": 81}}, {"index": 15, "name": "𓈖", "position": {"x": 579, "y": 704, "w": 66, "h": 42}}, {"index": 6, "name": "𓀀", "position": {"x": 590, "y": 733, "w": 49, "h": 32}}, {"index": 5, "name": "𓄤", "position": {"x": 612, "y": 771, "w": 38, "h": 82}}, {"index": 19, "name": "𓆑𓐰𓂋", "position": {"x": 571, "y": 776, "w": 45, "h": 71}}, {"index": 9, "name": "𓏲", "position": {"x": 578, "y": 855, "w": 31, "h": 83}}, {"index": 0, "name": "𓏏", "position": {"x": 632, "y": 856, "w": 23, "h": 29}}, {"index": 1, "name": "𓎛", "position": {"x": 630, "y": 889, "w": 27, "h": 86}}, {"index": 16, "name": "𓈖", "position": {"x": 587, "y": 905, "w": 38, "h": 30}}, {"index": 14, "name": "𓂝", "position": {"x": 581, "y": 941, "w": 42, "h": 34}}, {"index": 4, "name": "𓀀", "position": {"x": 597, "y": 976, "w": 48, "h": 31}}, {"index": 7, "name": "𓄔", "position": {"x": 589, "y": 1004, "w": 87, "h": 43}}, {"index": 10, "name": "𓅓", "position": {"x": 594, "y": 1038, "w": 67, "h": 92}}, {"index": 12, "name": "𓎡", "position": {"x": 585, "y": 1129, "w": 106, "h": 55}}, {"index": 2, "name": "𓂋", "position": {"x": 624, "y": 1167, "w": 33, "h": 38}}, {"index": 8, "name": "𓏤", "position": {"x": 594, "y": 1171, "w": 13, "h": 52}}]}, {"index": 14, "name": "32", "points": [{"x": 518, "y": 166}, {"x": 441, "y": 176}, {"x": 460, "y": 295}, {"x": 462, "y": 364}, {"x": 479, "y": 385}, {"x": 451, "y": 426}, {"x": 441, "y": 519}, {"x": 465, "y": 615}, {"x": 460, "y": 718}, {"x": 451, "y": 767}, {"x": 434, "y": 796}, {"x": 431, "y": 807}, {"x": 440, "y": 822}, {"x": 450, "y": 834}, {"x": 453, "y": 905}, {"x": 448, "y": 1000}, {"x": 448, "y": 1082}, {"x": 448, "y": 1155}, {"x": 427, "y": 1203}, {"x": 429, "y": 1212}, {"x": 431, "y": 1226}, {"x": 440, "y": 1227}, {"x": 452, "y": 1223}, {"x": 522, "y": 1188}, {"x": 552, "y": 1139}, {"x": 560, "y": 983}, {"x": 553, "y": 833}, {"x": 561, "y": 796}, {"x": 542, "y": 748}, {"x": 558, "y": 659}, {"x": 560, "y": 551}, {"x": 550, "y": 424}, {"x": 555, "y": 321}, {"x": 557, "y": 249}, {"x": 559, "y": 171}], "direction": "vrl", "glyphs": [{"index": 9, "name": "𓈖𓐰𓆎", "position": {"x": 466, "y": 176, "w": 73, "h": 58}}, {"index": 6, "name": "𓅓𓐰𓏏", "position": {"x": 475, "y": 226, "w": 71, "h": 111}}, {"index": 7, "name": "𓊖", "position": {"x": 471, "y": 326, "w": 68, "h": 36}}, {"index": 11, "name": "𓆓𓐰𓂧𓐰𓈖", "position": {"x": 459, "y": 366, "w": 84, "h": 97}}, {"index": 13, "name": "𓆑", "position": {"x": 447, "y": 457, "w": 95, "h": 61}}, {"index": 4, "name": "𓇑𓐰𓇑", "position": {"x": 479, "y": 495, "w": 64, "h": 76}}, {"index": 5, "name": "𓂋𓐰𓐍", "position": {"x": 477, "y": 574, "w": 67, "h": 80}}, {"index": 3, "name": "𓏛", "position": {"x": 475, "y": 658, "w": 65, "h": 64}}, {"index": 0, "name": "𓈖𓐰𓆑", "position": {"x": 432, "y": 719, "w": 104, "h": 94}}, {"index": 1, "name": "𓐪", "position": {"x": 515, "y": 771, "w": 37, "h": 88}}, {"index": 12, "name": "𓂧𓐰𓏌", "position": {"x": 456, "y": 789, "w": 57, "h": 58}}, {"index": 10, "name": "𓏛", "position": {"x": 460, "y": 851, "w": 73, "h": 55}}, {"index": 15, "name": "𓀀𓐰𓄔", "position": {"x": 466, "y": 898, "w": 83, "h": 117}}, {"index": 14, "name": "𓅓", "position": {"x": 462, "y": 1013, "w": 73, "h": 118}}, {"index": 2, "name": "𓈖𓐰𓆑", "position": {"x": 432, "y": 1107, "w": 101, "h": 117}}]}, {"index": 15, "name": "33", "points": [{"x": 418, "y": 169}, {"x": 337, "y": 174}, {"x": 329, "y": 240}, {"x": 333, "y": 342}, {"x": 387, "y": 380}, {"x": 387, "y": 402}, {"x": 383, "y": 417}, {"x": 368, "y": 421}, {"x": 283, "y": 430}, {"x": 282, "y": 510}, {"x": 347, "y": 632}, {"x": 340, "y": 784}, {"x": 343, "y": 1243}, {"x": 424, "y": 1248}, {"x": 431, "y": 1226}, {"x": 427, "y": 1204}, {"x": 439, "y": 1177}, {"x": 450, "y": 1075}, {"x": 452, "y": 966}, {"x": 454, "y": 875}, {"x": 445, "y": 819}, {"x": 438, "y": 798}, {"x": 454, "y": 754}, {"x": 457, "y": 650}, {"x": 466, "y": 579}, {"x": 440, "y": 511}, {"x": 454, "y": 420}, {"x": 480, "y": 389}, {"x": 453, "y": 356}, {"x": 449, "y": 280}, {"x": 429, "y": 179}], "direction": "vrl", "glyphs": [{"index": 21, "name": "𓈙", "position": {"x": 348, "y": 175, "w": 72, "h": 39}}, {"index": 7, "name": "𓋴", "position": {"x": 390, "y": 217, "w": 35, "h": 75}}, {"index": 20, "name": "𓐟", "position": {"x": 352, "y": 223, "w": 32, "h": 60}}, {"index": 16, "name": "𓄿", "position": {"x": 361, "y": 280, "w": 60, "h": 63}}, {"index": 25, "name": "𓃴", "position": {"x": 293, "y": 338, "w": 175, "h": 215}}, {"index": 10, "name": "𓏛", "position": {"x": 361, "y": 551, "w": 77, "h": 82}}, {"index": 11, "name": "𓀀", "position": {"x": 375, "y": 626, "w": 69, "h": 82}}, {"index": 12, "name": "𓂸", "position": {"x": 373, "y": 716, "w": 66, "h": 55}}, {"index": 5, "name": "𓏏", "position": {"x": 402, "y": 756, "w": 37, "h": 37}}, {"index": 9, "name": "𓂭", "position": {"x": 381, "y": 800, "w": 28, "h": 62}}, {"index": 0, "name": "𓂭", "position": {"x": 410, "y": 801, "w": 31, "h": 67}}, {"index": 6, "name": "𓏛𓐰𓈖𓐰𓅱", "position": {"x": 362, "y": 865, "w": 83, "h": 181}}, {"index": 17, "name": "𓀀", "position": {"x": 360, "y": 1028, "w": 78, "h": 75}}, {"index": 18, "name": "𓂋", "position": {"x": 358, "y": 1102, "w": 66, "h": 48}}, {"index": 2, "name": "𓍿", "position": {"x": 358, "y": 1140, "w": 65, "h": 37}}, {"index": 1, "name": "𓁐𓐰𓏥", "position": {"x": 356, "y": 1170, "w": 72, "h": 57}}, {"index": 8, "name": "𓀀", "position": {"x": 387, "y": 1175, "w": 33, "h": 27}}]}]}], "history": [], "genre": "literary"}