{"name":"Hymn to Senwosret III","creator":"Möller","provenance":"Lahun","period":"12 dyn","genre":"hymn","notes":"Checked against Collier & Quirke, The UCL Lahun Papyri, UC 32157, pp. 16-17 and first plate.","pages":[{"index":0,"name":"1","type":"","images":[],"lines":[{"index":0,"name":"1,1","points":[{"x":2114,"y":181},{"x":1981,"y":188},{"x":1966,"y":413},{"x":1935,"y":539},{"x":1901,"y":614},{"x":1925,"y":707},{"x":1899,"y":860},{"x":1917,"y":903},{"x":1957,"y":923},{"x":1969,"y":975},{"x":1917,"y":993},{"x":1917,"y":1102},{"x":1941,"y":1445},{"x":1987,"y":1498},{"x":2040,"y":1498},{"x":2129,"y":1452},{"x":2151,"y":905},{"x":2154,"y":496},{"x":2132,"y":260}],"direction":"vrl","glyphs":[{"index":18,"name":"𓏥","position":{"x":2030,"y":412,"w":51,"h":19}},{"index":36,"name":"𓄟","position":{"x":2008,"y":541,"w":39,"h":64}},{"index":1,"name":"𓊹","position":{"x":2055,"y":541,"w":32,"h":70}},{"index":0,"name":"𓅱","position":{"x":2043,"y":611,"w":45,"h":60}},{"index":31,"name":"𓏏","position":{"x":2015,"y":618,"w":20,"h":17}},{"index":38,"name":"𓏥","position":{"x":2007,"y":647,"w":29,"h":14}},{"index":8,"name":"𓆣","position":{"x":2059,"y":674,"w":39,"h":43}},{"index":44,"name":"𓅉","position":{"x":2000,"y":679,"w":77,"h":89}},{"index":52,"name":"𓆤","position":{"x":1958,"y":772,"w":100,"h":52}},{"index":5,"name":"𓇓","position":{"x":2069,"y":772,"w":32,"h":52}},{"index":7,"name":"𓏏","position":{"x":2067,"y":831,"w":19,"h":15}},{"index":25,"name":"𓏏","position":{"x":2021,"y":833,"w":19,"h":11}},{"index":51,"name":"𓂓","position":{"x":1959,"y":850,"w":27,"h":19}},{"index":45,"name":"𓂓","position":{"x":1987,"y":850,"w":28,"h":21}},{"index":28,"name":"𓇳𓐰𓈍","position":{"x":2019,"y":853,"w":48,"h":38}},{"index":54,"name":"𓍺","position":{"x":1926,"y":855,"w":38,"h":42}},{"index":6,"name":"𓍹","position":{"x":2068,"y":863,"w":21,"h":32}},{"index":48,"name":"𓂓","position":{"x":1976,"y":873,"w":33,"h":25}},{"index":15,"name":"𓇳","position":{"x":2038,"y":941,"w":47,"h":21}},{"index":27,"name":"𓅭","position":{"x":2019,"y":967,"w":62,"h":37}},{"index":2,"name":"𓍺","position":{"x":1928,"y":1004,"w":30,"h":47}},{"index":14,"name":"𓄊","position":{"x":2042,"y":1004,"w":38,"h":52}},{"index":26,"name":"𓋴","position":{"x":2019,"y":1008,"w":26,"h":45}},{"index":3,"name":"𓊃","position":{"x":1950,"y":1010,"w":39,"h":23}},{"index":46,"name":"𓂋𓐰𓏏","position":{"x":1985,"y":1011,"w":23,"h":37}},{"index":4,"name":"𓍹","position":{"x":2071,"y":1014,"w":16,"h":26}},{"index":11,"name":"𓈖","position":{"x":1954,"y":1030,"w":33,"h":13}},{"index":10,"name":"𓎁𓐰𓏏","position":{"x":2019,"y":1061,"w":53,"h":66}},{"index":50,"name":"𓆑","position":{"x":1975,"y":1161,"w":98,"h":41}},{"index":40,"name":"𓇾","position":{"x":2006,"y":1189,"w":56,"h":19}},{"index":39,"name":"𓇾","position":{"x":2006,"y":1208,"w":53,"h":17}},{"index":42,"name":"𓈇","position":{"x":2005,"y":1226,"w":20,"h":22}},{"index":13,"name":"𓈇","position":{"x":2042,"y":1231,"w":20,"h":22}},{"index":37,"name":"𓅓","position":{"x":2007,"y":1256,"w":54,"h":58}},{"index":34,"name":"𓌳","position":{"x":2010,"y":1313,"w":40,"h":31}},{"index":33,"name":"𓐙","position":{"x":2011,"y":1349,"w":46,"h":18}},{"index":32,"name":"𓂝","position":{"x":2011,"y":1374,"w":39,"h":27}},{"index":17,"name":"𓊤","position":{"x":2034,"y":1396,"w":20,"h":57}},{"index":47,"name":"𓏲","position":{"x":1981,"y":1405,"w":41,"h":35}},{"index":9,"name":"𓀁","position":{"x":2005,"y":1446,"w":55,"h":47}}]},{"index":1,"name":"1,2","points":[{"x":1914,"y":180},{"x":1817,"y":185},{"x":1782,"y":367},{"x":1784,"y":472},{"x":1798,"y":705},{"x":1798,"y":864},{"x":1802,"y":1006},{"x":1826,"y":1224},{"x":1805,"y":1477},{"x":1747,"y":1542},{"x":1880,"y":1542},{"x":1915,"y":1492},{"x":1913,"y":1052},{"x":1920,"y":967},{"x":1945,"y":919},{"x":1907,"y":880},{"x":1930,"y":774},{"x":1913,"y":650},{"x":1913,"y":590},{"x":1953,"y":400}],"direction":"vrl","glyphs":[{"index":40,"name":"𓆓","position":{"x":1813,"y":239,"w":85,"h":50}},{"index":4,"name":"𓏛","position":{"x":1848,"y":274,"w":56,"h":34}},{"index":16,"name":"𓁷","position":{"x":1868,"y":307,"w":32,"h":45}},{"index":18,"name":"𓏤","position":{"x":1846,"y":308,"w":14,"h":40}},{"index":14,"name":"𓎡","position":{"x":1850,"y":354,"w":88,"h":38}},{"index":22,"name":"𓍹","position":{"x":1844,"y":384,"w":59,"h":27}},{"index":9,"name":"𓇳","position":{"x":1854,"y":403,"w":26,"h":17}},{"index":17,"name":"𓈍","position":{"x":1847,"y":424,"w":48,"h":22}},{"index":27,"name":"𓍺","position":{"x":1841,"y":513,"w":51,"h":30}},{"index":39,"name":"𓅃","position":{"x":1822,"y":545,"w":78,"h":55}},{"index":20,"name":"𓈖","position":{"x":1845,"y":608,"w":44,"h":15}},{"index":19,"name":"𓏥","position":{"x":1845,"y":633,"w":46,"h":18}},{"index":38,"name":"𓆣","position":{"x":1824,"y":654,"w":45,"h":49}},{"index":1,"name":"𓊹","position":{"x":1872,"y":654,"w":29,"h":66}},{"index":30,"name":"𓅱","position":{"x":1837,"y":704,"w":51,"h":54}},{"index":31,"name":"𓏛","position":{"x":1840,"y":756,"w":47,"h":30}},{"index":25,"name":"𓏥","position":{"x":1842,"y":793,"w":49,"h":14}},{"index":21,"name":"𓅓","position":{"x":1844,"y":816,"w":47,"h":54}},{"index":24,"name":"𓂝","position":{"x":1842,"y":875,"w":44,"h":22}},{"index":13,"name":"𓎡","position":{"x":1850,"y":900,"w":71,"h":35}},{"index":23,"name":"𓀜","position":{"x":1842,"y":933,"w":68,"h":41}},{"index":26,"name":"𓇾","position":{"x":1841,"y":983,"w":64,"h":18}},{"index":12,"name":"𓏤","position":{"x":1851,"y":1004,"w":11,"h":30}},{"index":0,"name":"𓈇","position":{"x":1875,"y":1005,"w":23,"h":28}},{"index":3,"name":"𓋴","position":{"x":1871,"y":1041,"w":23,"h":52}},{"index":34,"name":"𓏲","position":{"x":1836,"y":1046,"w":28,"h":37}},{"index":29,"name":"𓊃","position":{"x":1839,"y":1093,"w":58,"h":16}},{"index":11,"name":"𓐍","position":{"x":1851,"y":1111,"w":42,"h":23}},{"index":8,"name":"𓎺","position":{"x":1855,"y":1141,"w":40,"h":25}},{"index":2,"name":"𓏛","position":{"x":1852,"y":1170,"w":47,"h":35}},{"index":5,"name":"𓏏","position":{"x":1863,"y":1205,"w":25,"h":19}},{"index":15,"name":"𓍔","position":{"x":1848,"y":1230,"w":47,"h":45}},{"index":28,"name":"𓄿","position":{"x":1840,"y":1279,"w":58,"h":54}},{"index":32,"name":"𓈙","position":{"x":1843,"y":1330,"w":47,"h":37}},{"index":36,"name":"𓅱","position":{"x":1834,"y":1367,"w":53,"h":61}},{"index":6,"name":"𓏴","position":{"x":1857,"y":1432,"w":29,"h":35}},{"index":35,"name":"𓈇","position":{"x":1835,"y":1434,"w":24,"h":17}},{"index":10,"name":"𓏥","position":{"x":1838,"y":1464,"w":39,"h":18}},{"index":7,"name":"𓆑","position":{"x":1784,"y":1482,"w":103,"h":39}}]},{"index":2,"name":"1,3","points":[{"x":1751,"y":177},{"x":1647,"y":192},{"x":1614,"y":446},{"x":1655,"y":816},{"x":1636,"y":901},{"x":1656,"y":1158},{"x":1651,"y":1424},{"x":1548,"y":1503},{"x":1607,"y":1532},{"x":1716,"y":1491},{"x":1764,"y":1437},{"x":1790,"y":1210},{"x":1769,"y":975},{"x":1796,"y":679},{"x":1778,"y":398},{"x":1776,"y":206}],"direction":"vrl","glyphs":[{"index":31,"name":"𓂧","position":{"x":1681,"y":199,"w":68,"h":24}},{"index":7,"name":"𓄿","position":{"x":1680,"y":229,"w":67,"h":59}},{"index":0,"name":"𓇋","position":{"x":1733,"y":289,"w":25,"h":54}},{"index":13,"name":"𓅓","position":{"x":1698,"y":576,"w":55,"h":71}},{"index":30,"name":"𓅨","position":{"x":1681,"y":652,"w":76,"h":53}},{"index":3,"name":"𓂋","position":{"x":1695,"y":712,"w":46,"h":28}},{"index":5,"name":"𓂋","position":{"x":1697,"y":737,"w":43,"h":20}},{"index":4,"name":"𓏏","position":{"x":1724,"y":769,"w":24,"h":27}},{"index":25,"name":"𓋒","position":{"x":1688,"y":774,"w":66,"h":80}},{"index":34,"name":"𓆑","position":{"x":1654,"y":859,"w":95,"h":40}},{"index":1,"name":"𓇋","position":{"x":1731,"y":889,"w":24,"h":61}},{"index":18,"name":"𓈖","position":{"x":1695,"y":940,"w":44,"h":14}},{"index":8,"name":"𓈎","position":{"x":1702,"y":957,"w":43,"h":34}},{"index":23,"name":"𓂘","position":{"x":1689,"y":996,"w":64,"h":27}},{"index":12,"name":"𓂝","position":{"x":1698,"y":1030,"w":53,"h":31}},{"index":22,"name":"𓇾","position":{"x":1693,"y":1064,"w":61,"h":14}},{"index":17,"name":"𓇾","position":{"x":1695,"y":1077,"w":60,"h":22}},{"index":2,"name":"𓈇","position":{"x":1728,"y":1107,"w":29,"h":27}},{"index":16,"name":"𓈇","position":{"x":1695,"y":1108,"w":21,"h":26}},{"index":21,"name":"𓅓","position":{"x":1693,"y":1135,"w":57,"h":68}},{"index":14,"name":"𓂋","position":{"x":1697,"y":1205,"w":49,"h":23}},{"index":11,"name":"𓂝","position":{"x":1699,"y":1235,"w":49,"h":23}},{"index":9,"name":"𓅱","position":{"x":1687,"y":1256,"w":59,"h":65}},{"index":10,"name":"𓏛","position":{"x":1693,"y":1322,"w":52,"h":30}},{"index":27,"name":"𓏤","position":{"x":1686,"y":1350,"w":8,"h":41}},{"index":6,"name":"𓂝","position":{"x":1707,"y":1356,"w":38,"h":25}},{"index":15,"name":"𓏲","position":{"x":1685,"y":1395,"w":55,"h":43}},{"index":19,"name":"𓏭","position":{"x":1686,"y":1405,"w":16,"h":29}},{"index":36,"name":"𓆑","position":{"x":1604,"y":1435,"w":136,"h":66}}]},{"index":3,"name":"1,4","points":[{"x":1591,"y":191},{"x":1480,"y":206},{"x":1462,"y":641},{"x":1490,"y":793},{"x":1498,"y":910},{"x":1525,"y":922},{"x":1525,"y":953},{"x":1495,"y":1014},{"x":1492,"y":1457},{"x":1549,"y":1457},{"x":1610,"y":1422},{"x":1634,"y":1203},{"x":1628,"y":841},{"x":1628,"y":705},{"x":1606,"y":499},{"x":1615,"y":331}],"direction":"vrl","glyphs":[{"index":34,"name":"𓏤","position":{"x":1540,"y":348,"w":12,"h":33}},{"index":33,"name":"𓈉","position":{"x":1540,"y":386,"w":41,"h":29}},{"index":29,"name":"𓏥","position":{"x":1541,"y":425,"w":44,"h":15}},{"index":45,"name":"𓏤","position":{"x":1532,"y":502,"w":13,"h":39}},{"index":20,"name":"𓂋","position":{"x":1548,"y":514,"w":41,"h":18}},{"index":43,"name":"𓂢","position":{"x":1534,"y":550,"w":60,"h":28}},{"index":54,"name":"𓆑","position":{"x":1482,"y":575,"w":103,"h":47}},{"index":13,"name":"𓏭","position":{"x":1554,"y":604,"w":21,"h":23}},{"index":5,"name":"𓋴","position":{"x":1568,"y":630,"w":24,"h":52}},{"index":49,"name":"𓌳","position":{"x":1525,"y":631,"w":41,"h":37}},{"index":42,"name":"𓅓","position":{"x":1505,"y":684,"w":45,"h":63}},{"index":9,"name":"𓄿","position":{"x":1563,"y":685,"w":51,"h":44}},{"index":51,"name":"𓌪","position":{"x":1516,"y":737,"w":76,"h":44}},{"index":14,"name":"𓂝","position":{"x":1551,"y":772,"w":42,"h":18}},{"index":24,"name":"𓊪","position":{"x":1543,"y":799,"w":48,"h":28}},{"index":44,"name":"𓂧𓐰𓏏","position":{"x":1533,"y":829,"w":54,"h":35}},{"index":50,"name":"𓌒","position":{"x":1517,"y":866,"w":91,"h":33}},{"index":1,"name":"𓌙","position":{"x":1574,"y":899,"w":15,"h":54}},{"index":46,"name":"𓀀𓐰𓏥","position":{"x":1531,"y":902,"w":36,"h":44}},{"index":36,"name":"𓂜","position":{"x":1539,"y":951,"w":48,"h":35}},{"index":28,"name":"𓈖","position":{"x":1541,"y":984,"w":57,"h":15}},{"index":7,"name":"𓋴","position":{"x":1566,"y":1008,"w":28,"h":59}},{"index":47,"name":"𓐍","position":{"x":1528,"y":1010,"w":32,"h":21}},{"index":39,"name":"𓏏","position":{"x":1537,"y":1038,"w":23,"h":16}},{"index":41,"name":"𓀜","position":{"x":1535,"y":1068,"w":74,"h":48}},{"index":11,"name":"𓆱","position":{"x":1527,"y":1123,"w":56,"h":32}},{"index":19,"name":"𓏤","position":{"x":1549,"y":1158,"w":14,"h":43}},{"index":4,"name":"𓏏","position":{"x":1568,"y":1161,"w":19,"h":22}},{"index":2,"name":"𓋴","position":{"x":1573,"y":1205,"w":25,"h":57}},{"index":27,"name":"𓏏","position":{"x":1541,"y":1216,"w":23,"h":22}},{"index":18,"name":"𓄝","position":{"x":1549,"y":1252,"w":67,"h":49}},{"index":22,"name":"𓂝","position":{"x":1546,"y":1298,"w":46,"h":19}},{"index":26,"name":"𓋴","position":{"x":1541,"y":1319,"w":18,"h":49}},{"index":6,"name":"𓍱","position":{"x":1566,"y":1321,"w":27,"h":39}},{"index":21,"name":"𓂋","position":{"x":1546,"y":1371,"w":43,"h":37}},{"index":52,"name":"𓌕","position":{"x":1507,"y":1402,"w":89,"h":38}}]},{"index":4,"name":"1,5","points":[{"x":1444,"y":195},{"x":1374,"y":193},{"x":1341,"y":243},{"x":1345,"y":412},{"x":1359,"y":497},{"x":1310,"y":525},{"x":1312,"y":636},{"x":1330,"y":882},{"x":1304,"y":978},{"x":1339,"y":1089},{"x":1339,"y":1453},{"x":1359,"y":1512},{"x":1447,"y":1503},{"x":1468,"y":964},{"x":1473,"y":806},{"x":1482,"y":706},{"x":1465,"y":586},{"x":1464,"y":229}],"direction":"vrl","glyphs":[{"index":2,"name":"𓎛","position":{"x":1413,"y":302,"w":23,"h":62}},{"index":11,"name":"𓍢","position":{"x":1385,"y":311,"w":20,"h":24}},{"index":14,"name":"𓂝","position":{"x":1384,"y":340,"w":31,"h":19}},{"index":7,"name":"𓂋","position":{"x":1391,"y":370,"w":43,"h":24}},{"index":8,"name":"𓅱","position":{"x":1387,"y":395,"w":49,"h":55}},{"index":21,"name":"𓂧","position":{"x":1378,"y":448,"w":54,"h":28}},{"index":38,"name":"𓌗","position":{"x":1323,"y":474,"w":107,"h":69}},{"index":1,"name":"𓎛","position":{"x":1416,"y":523,"w":22,"h":64}},{"index":35,"name":"𓀗","position":{"x":1354,"y":534,"w":67,"h":50}},{"index":20,"name":"𓀜","position":{"x":1379,"y":586,"w":75,"h":50}},{"index":16,"name":"𓈖𓐰𓈖","position":{"x":1383,"y":645,"w":56,"h":50}},{"index":9,"name":"𓂋","position":{"x":1386,"y":699,"w":53,"h":23}},{"index":17,"name":"𓅱","position":{"x":1382,"y":724,"w":56,"h":49}},{"index":34,"name":"𓅐","position":{"x":1360,"y":774,"w":108,"h":70}},{"index":15,"name":"𓀜","position":{"x":1383,"y":846,"w":64,"h":48}},{"index":10,"name":"𓏥","position":{"x":1385,"y":906,"w":57,"h":31}},{"index":37,"name":"𓆑","position":{"x":1331,"y":932,"w":111,"h":41}},{"index":6,"name":"𓉺","position":{"x":1403,"y":961,"w":43,"h":65}},{"index":19,"name":"𓏤","position":{"x":1379,"y":972,"w":12,"h":30}},{"index":27,"name":"𓏥","position":{"x":1373,"y":1007,"w":34,"h":15}},{"index":25,"name":"𓀎","position":{"x":1360,"y":1028,"w":55,"h":45}},{"index":0,"name":"𓌙","position":{"x":1416,"y":1032,"w":25,"h":57}},{"index":13,"name":"𓏥","position":{"x":1384,"y":1089,"w":54,"h":26}},{"index":12,"name":"𓅓","position":{"x":1384,"y":1113,"w":53,"h":56}},{"index":3,"name":"𓈇","position":{"x":1407,"y":1209,"w":22,"h":21}},{"index":5,"name":"𓋴","position":{"x":1404,"y":1246,"w":24,"h":53}},{"index":4,"name":"𓌳","position":{"x":1376,"y":1300,"w":43,"h":38}},{"index":18,"name":"𓋴","position":{"x":1408,"y":1302,"w":24,"h":59}}]},{"index":5,"name":"1,6","points":[{"x":1314,"y":196},{"x":1221,"y":198},{"x":1186,"y":307},{"x":1171,"y":366},{"x":1192,"y":607},{"x":1193,"y":665},{"x":1179,"y":711},{"x":1182,"y":811},{"x":1212,"y":1280},{"x":1204,"y":1446},{"x":1181,"y":1465},{"x":1121,"y":1519},{"x":1123,"y":1542},{"x":1312,"y":1534},{"x":1326,"y":1436},{"x":1340,"y":1125},{"x":1304,"y":961},{"x":1346,"y":841},{"x":1319,"y":674},{"x":1311,"y":503},{"x":1337,"y":235}],"direction":"vrl","glyphs":[{"index":39,"name":"𓆑","position":{"x":1183,"y":312,"w":116,"h":50}},{"index":35,"name":"𓌒","position":{"x":1216,"y":352,"w":85,"h":31}},{"index":10,"name":"𓏼","position":{"x":1261,"y":387,"w":36,"h":30}},{"index":30,"name":"𓏼","position":{"x":1229,"y":387,"w":31,"h":31}},{"index":17,"name":"𓏼","position":{"x":1245,"y":420,"w":41,"h":38}},{"index":25,"name":"𓂋","position":{"x":1237,"y":471,"w":47,"h":22}},{"index":20,"name":"𓂝𓐰𓈖","position":{"x":1241,"y":493,"w":45,"h":44}},{"index":23,"name":"𓈙","position":{"x":1239,"y":539,"w":51,"h":31}},{"index":22,"name":"𓂝𓐰𓏏","position":{"x":1239,"y":574,"w":44,"h":34}},{"index":29,"name":"𓄬","position":{"x":1230,"y":614,"w":66,"h":44}},{"index":38,"name":"𓆑","position":{"x":1185,"y":660,"w":105,"h":42}},{"index":28,"name":"𓅓𓐰𓏏","position":{"x":1232,"y":689,"w":53,"h":78}},{"index":36,"name":"𓀐","position":{"x":1210,"y":774,"w":87,"h":70}},{"index":5,"name":"𓆼","position":{"x":1268,"y":836,"w":44,"h":49}},{"index":26,"name":"𓏤","position":{"x":1234,"y":841,"w":11,"h":31}},{"index":34,"name":"𓏥","position":{"x":1223,"y":873,"w":39,"h":19}},{"index":2,"name":"𓅓","position":{"x":1238,"y":893,"w":56,"h":60}},{"index":3,"name":"𓊪","position":{"x":1242,"y":950,"w":48,"h":36}},{"index":32,"name":"𓂧𓐰𓏏","position":{"x":1227,"y":989,"w":63,"h":50}},{"index":18,"name":"𓏥","position":{"x":1242,"y":1321,"w":45,"h":20}},{"index":7,"name":"𓏏","position":{"x":1267,"y":1347,"w":29,"h":24}},{"index":13,"name":"𓍔","position":{"x":1252,"y":1369,"w":59,"h":51}},{"index":9,"name":"𓄿","position":{"x":1262,"y":1421,"w":50,"h":39}},{"index":1,"name":"𓈇","position":{"x":1223,"y":1442,"w":21,"h":17}},{"index":0,"name":"𓆑","position":{"x":1132,"y":1458,"w":119,"h":64}}]},{"index":6,"name":"1,7","points":[{"x":1153,"y":195},{"x":1058,"y":195},{"x":1053,"y":449},{"x":1067,"y":742},{"x":1036,"y":949},{"x":1040,"y":1105},{"x":1022,"y":1242},{"x":1020,"y":1398},{"x":1035,"y":1468},{"x":982,"y":1545},{"x":1035,"y":1551},{"x":1115,"y":1533},{"x":1127,"y":1518},{"x":1166,"y":1474},{"x":1178,"y":1382},{"x":1204,"y":1233},{"x":1186,"y":986},{"x":1175,"y":728},{"x":1179,"y":707},{"x":1199,"y":672},{"x":1170,"y":392},{"x":1193,"y":250}],"direction":"vrl","glyphs":[{"index":18,"name":"𓂝","position":{"x":1096,"y":303,"w":47,"h":15}},{"index":4,"name":"𓍱","position":{"x":1120,"y":325,"w":30,"h":42}},{"index":23,"name":"𓋴","position":{"x":1093,"y":326,"w":21,"h":41}},{"index":21,"name":"𓂋","position":{"x":1095,"y":374,"w":50,"h":27}},{"index":5,"name":"𓏇","position":{"x":1118,"y":444,"w":26,"h":52}},{"index":34,"name":"𓇋","position":{"x":1087,"y":445,"w":26,"h":50}},{"index":42,"name":"𓁹","position":{"x":1066,"y":505,"w":103,"h":29}},{"index":20,"name":"𓂋","position":{"x":1095,"y":541,"w":48,"h":24}},{"index":3,"name":"𓌂","position":{"x":1122,"y":566,"w":22,"h":66}},{"index":36,"name":"𓐍","position":{"x":1085,"y":574,"w":25,"h":21}},{"index":30,"name":"𓏏","position":{"x":1089,"y":605,"w":30,"h":19}},{"index":19,"name":"𓀰","position":{"x":1095,"y":638,"w":88,"h":94}},{"index":25,"name":"𓐍","position":{"x":1092,"y":746,"w":31,"h":25}},{"index":0,"name":"𓋴","position":{"x":1134,"y":748,"w":26,"h":53}},{"index":17,"name":"𓂋","position":{"x":1096,"y":775,"w":38,"h":23}},{"index":38,"name":"𓀒","position":{"x":1077,"y":802,"w":87,"h":57}},{"index":15,"name":"𓀜","position":{"x":1098,"y":863,"w":68,"h":45}},{"index":2,"name":"𓆼","position":{"x":1128,"y":938,"w":37,"h":50}},{"index":13,"name":"𓅓","position":{"x":1101,"y":989,"w":52,"h":58}},{"index":12,"name":"𓐍","position":{"x":1104,"y":1061,"w":40,"h":19}},{"index":44,"name":"𓅢","position":{"x":1039,"y":1202,"w":137,"h":72}},{"index":9,"name":"𓏛","position":{"x":1093,"y":1273,"w":50,"h":28}},{"index":16,"name":"𓏥","position":{"x":1096,"y":1312,"w":53,"h":24}},{"index":45,"name":"𓆑","position":{"x":1029,"y":1339,"w":119,"h":46}},{"index":40,"name":"𓄓","position":{"x":1070,"y":1377,"w":71,"h":44}},{"index":11,"name":"𓄹","position":{"x":1104,"y":1399,"w":36,"h":36}},{"index":24,"name":"𓏤","position":{"x":1092,"y":1401,"w":8,"h":28}},{"index":26,"name":"𓈖","position":{"x":1090,"y":1435,"w":45,"h":15}},{"index":8,"name":"𓍛","position":{"x":1113,"y":1450,"w":28,"h":58}},{"index":32,"name":"𓏤","position":{"x":1087,"y":1465,"w":9,"h":19}},{"index":46,"name":"𓆑","position":{"x":1028,"y":1481,"w":84,"h":61}}]},{"index":7,"name":"1,8","points":[{"x":1022,"y":206},{"x":928,"y":218},{"x":916,"y":418},{"x":922,"y":611},{"x":883,"y":681},{"x":915,"y":716},{"x":915,"y":913},{"x":909,"y":1456},{"x":1018,"y":1437},{"x":1022,"y":1346},{"x":1037,"y":1137},{"x":1037,"y":962},{"x":1036,"y":747},{"x":1041,"y":418},{"x":1044,"y":270}],"direction":"vrl","glyphs":[{"index":36,"name":"𓐮","position":{"x":942,"y":356,"w":73,"h":51}},{"index":13,"name":"𓈉","position":{"x":951,"y":417,"w":38,"h":25}},{"index":4,"name":"𓏏","position":{"x":995,"y":421,"w":26,"h":19}},{"index":25,"name":"𓋭","position":{"x":952,"y":453,"w":52,"h":30}},{"index":30,"name":"𓊃","position":{"x":949,"y":483,"w":71,"h":19}},{"index":7,"name":"𓅱","position":{"x":947,"y":505,"w":56,"h":47}},{"index":8,"name":"𓀁","position":{"x":950,"y":550,"w":61,"h":55}},{"index":22,"name":"𓏥","position":{"x":955,"y":614,"w":50,"h":20}},{"index":44,"name":"𓆑","position":{"x":892,"y":639,"w":118,"h":45}},{"index":0,"name":"𓃀","position":{"x":950,"y":673,"w":39,"h":43}},{"index":9,"name":"𓋴","position":{"x":978,"y":672,"w":25,"h":56}},{"index":2,"name":"𓉔","position":{"x":958,"y":726,"w":49,"h":44}},{"index":29,"name":"𓄿","position":{"x":949,"y":774,"w":59,"h":57}},{"index":40,"name":"𓂽","position":{"x":932,"y":841,"w":71,"h":31}},{"index":6,"name":"𓋴","position":{"x":981,"y":877,"w":25,"h":54}},{"index":24,"name":"𓏏","position":{"x":954,"y":888,"w":22,"h":22}},{"index":1,"name":"𓅂","position":{"x":954,"y":956,"w":63,"h":52}},{"index":5,"name":"𓌙","position":{"x":992,"y":1014,"w":14,"h":56}},{"index":42,"name":"𓀎","position":{"x":930,"y":1019,"w":60,"h":37}},{"index":3,"name":"𓏥","position":{"x":960,"y":1066,"w":50,"h":26}},{"index":10,"name":"𓌡","position":{"x":946,"y":1090,"w":59,"h":36}},{"index":28,"name":"𓂝","position":{"x":949,"y":1129,"w":54,"h":15}},{"index":38,"name":"𓅆","position":{"x":934,"y":1149,"w":82,"h":98}},{"index":34,"name":"𓂋","position":{"x":943,"y":1255,"w":49,"h":18}},{"index":41,"name":"𓈖","position":{"x":931,"y":1274,"w":60,"h":14}}]},{"index":8,"name":"1,9","points":[{"x":884,"y":206},{"x":794,"y":212},{"x":809,"y":517},{"x":798,"y":669},{"x":762,"y":767},{"x":802,"y":850},{"x":790,"y":924},{"x":766,"y":1122},{"x":777,"y":1158},{"x":811,"y":1180},{"x":813,"y":1193},{"x":800,"y":1208},{"x":747,"y":1290},{"x":745,"y":1314},{"x":783,"y":1317},{"x":778,"y":1460},{"x":809,"y":1488},{"x":884,"y":1481},{"x":884,"y":1201},{"x":904,"y":937},{"x":905,"y":737},{"x":881,"y":687},{"x":911,"y":569},{"x":908,"y":319},{"x":908,"y":229}],"direction":"vrl","glyphs":[{"index":3,"name":"𓁷","position":{"x":844,"y":407,"w":36,"h":44}},{"index":10,"name":"𓏤","position":{"x":829,"y":423,"w":6,"h":23}},{"index":6,"name":"𓏏","position":{"x":835,"y":454,"w":31,"h":15}},{"index":11,"name":"𓍔","position":{"x":825,"y":481,"w":77,"h":53}},{"index":18,"name":"𓄿","position":{"x":817,"y":544,"w":62,"h":74}},{"index":14,"name":"𓈙","position":{"x":830,"y":606,"w":48,"h":38}},{"index":9,"name":"𓏴","position":{"x":829,"y":644,"w":40,"h":33}},{"index":8,"name":"𓏤","position":{"x":832,"y":671,"w":14,"h":38}},{"index":1,"name":"𓈇","position":{"x":854,"y":679,"w":22,"h":23}},{"index":31,"name":"𓆑","position":{"x":774,"y":705,"w":110,"h":64}},{"index":20,"name":"𓍃","position":{"x":813,"y":735,"w":81,"h":52}},{"index":15,"name":"𓅓","position":{"x":819,"y":787,"w":48,"h":58}},{"index":13,"name":"𓂋","position":{"x":820,"y":851,"w":43,"h":22}},{"index":12,"name":"𓂝","position":{"x":822,"y":875,"w":48,"h":26}},{"index":25,"name":"𓅨","position":{"x":806,"y":896,"w":65,"h":53}},{"index":16,"name":"𓂋","position":{"x":818,"y":956,"w":46,"h":27}},{"index":0,"name":"𓂧","position":{"x":801,"y":986,"w":69,"h":34}},{"index":7,"name":"𓀉","position":{"x":816,"y":1019,"w":59,"h":64}},{"index":28,"name":"𓅪","position":{"x":800,"y":1071,"w":72,"h":46}},{"index":29,"name":"𓌸","position":{"x":795,"y":1116,"w":71,"h":44}},{"index":4,"name":"𓂋","position":{"x":840,"y":1154,"w":27,"h":26}},{"index":23,"name":"𓏏","position":{"x":810,"y":1165,"w":22,"h":13}},{"index":5,"name":"𓁐𓐰𓏥","position":{"x":805,"y":1194,"w":61,"h":41}},{"index":2,"name":"𓀀","position":{"x":849,"y":1196,"w":12,"h":19}},{"index":19,"name":"𓏥","position":{"x":814,"y":1241,"w":53,"h":17}},{"index":32,"name":"𓆑","position":{"x":759,"y":1272,"w":105,"h":37}},{"index":22,"name":"𓂋","position":{"x":811,"y":1308,"w":48,"h":20}},{"index":24,"name":"𓂝","position":{"x":816,"y":1333,"w":50,"h":21}},{"index":30,"name":"𓇥","position":{"x":791,"y":1362,"w":39,"h":58}}]},{"index":9,"name":"1,10","points":[{"x":737,"y":215},{"x":649,"y":221},{"x":645,"y":291},{"x":650,"y":442},{"x":647,"y":611},{"x":642,"y":760},{"x":656,"y":1024},{"x":659,"y":1125},{"x":619,"y":1164},{"x":645,"y":1218},{"x":642,"y":1396},{"x":647,"y":1487},{"x":736,"y":1487},{"x":763,"y":1394},{"x":773,"y":1324},{"x":740,"y":1314},{"x":766,"y":1195},{"x":747,"y":1053},{"x":797,"y":898},{"x":754,"y":765},{"x":792,"y":625},{"x":787,"y":402}],"direction":"vrl","glyphs":[{"index":24,"name":"𓀀𓐱𓁐𓐰𓏥","position":{"x":678,"y":315,"w":57,"h":40}},{"index":15,"name":"𓂋","position":{"x":679,"y":364,"w":56,"h":23}},{"index":23,"name":"𓊏","position":{"x":673,"y":389,"w":69,"h":58}},{"index":12,"name":"𓊪𓐰𓇳","position":{"x":681,"y":446,"w":55,"h":60}},{"index":3,"name":"𓍒","position":{"x":719,"y":507,"w":32,"h":50}},{"index":21,"name":"𓄿","position":{"x":676,"y":513,"w":48,"h":44}},{"index":31,"name":"𓅓","position":{"x":708,"y":569,"w":35,"h":52}},{"index":28,"name":"𓏲","position":{"x":662,"y":571,"w":44,"h":54}},{"index":8,"name":"𓀔","position":{"x":686,"y":612,"w":71,"h":70}},{"index":1,"name":"𓀀","position":{"x":724,"y":695,"w":36,"h":18}},{"index":11,"name":"𓏥","position":{"x":681,"y":699,"w":37,"h":14}},{"index":27,"name":"𓆑","position":{"x":663,"y":720,"w":85,"h":42}},{"index":5,"name":"𓈖","position":{"x":694,"y":753,"w":55,"h":21}},{"index":0,"name":"𓐪","position":{"x":733,"y":777,"w":22,"h":57}},{"index":20,"name":"𓂧","position":{"x":676,"y":784,"w":51,"h":26}},{"index":18,"name":"𓂧","position":{"x":677,"y":811,"w":55,"h":29}},{"index":33,"name":"𓅱","position":{"x":691,"y":841,"w":54,"h":61}},{"index":13,"name":"𓁹","position":{"x":680,"y":899,"w":103,"h":32}},{"index":7,"name":"𓏥","position":{"x":691,"y":937,"w":51,"h":25}},{"index":2,"name":"𓋴","position":{"x":722,"y":963,"w":25,"h":52}},{"index":10,"name":"𓈖","position":{"x":682,"y":963,"w":30,"h":17}},{"index":14,"name":"𓏥","position":{"x":679,"y":987,"w":37,"h":24}},{"index":17,"name":"𓄂𓐰𓏏","position":{"x":677,"y":1020,"w":56,"h":49}},{"index":6,"name":"𓏭","position":{"x":685,"y":1052,"w":21,"h":24}},{"index":22,"name":"𓄣","position":{"x":674,"y":1071,"w":58,"h":46}},{"index":30,"name":"𓆑","position":{"x":637,"y":1125,"w":101,"h":41}},{"index":19,"name":"𓅓","position":{"x":678,"y":1156,"w":55,"h":67}},{"index":32,"name":"𓅓","position":{"x":679,"y":1220,"w":49,"h":72}},{"index":9,"name":"𓂝𓐰𓎡","position":{"x":676,"y":1286,"w":92,"h":54}},{"index":34,"name":"𓏏","position":{"x":709,"y":1341,"w":16,"h":23}},{"index":16,"name":"𓏭","position":{"x":677,"y":1342,"w":14,"h":18}},{"index":26,"name":"𓀜","position":{"x":664,"y":1360,"w":80,"h":56}},{"index":4,"name":"𓋴","position":{"x":703,"y":1422,"w":26,"h":55}},{"index":29,"name":"𓈖","position":{"x":658,"y":1426,"w":42,"h":23}},{"index":25,"name":"𓏥","position":{"x":664,"y":1452,"w":37,"h":16}}]},{"index":10,"name":"1,11","points":[{"x":615,"y":223},{"x":492,"y":223},{"x":477,"y":439},{"x":505,"y":631},{"x":467,"y":777},{"x":487,"y":1264},{"x":535,"y":1342},{"x":599,"y":1342},{"x":635,"y":1281},{"x":618,"y":1170},{"x":647,"y":1090},{"x":643,"y":820},{"x":633,"y":561},{"x":635,"y":244}],"direction":"vrl","glyphs":[{"index":27,"name":"𓁹","position":{"x":533,"y":245,"w":91,"h":22}},{"index":24,"name":"𓈖","position":{"x":548,"y":276,"w":44,"h":13}},{"index":4,"name":"𓎗","position":{"x":579,"y":293,"w":25,"h":54}},{"index":26,"name":"𓏲","position":{"x":539,"y":304,"w":26,"h":42}},{"index":21,"name":"𓏛","position":{"x":550,"y":338,"w":47,"h":29}},{"index":25,"name":"𓏥","position":{"x":547,"y":374,"w":50,"h":17}},{"index":31,"name":"𓆑","position":{"x":506,"y":397,"w":97,"h":47}},{"index":8,"name":"𓏏","position":{"x":565,"y":432,"w":26,"h":18}},{"index":18,"name":"𓍔","position":{"x":555,"y":453,"w":61,"h":51}},{"index":9,"name":"𓄿","position":{"x":549,"y":509,"w":61,"h":58}},{"index":12,"name":"𓈙","position":{"x":561,"y":570,"w":51,"h":35}},{"index":14,"name":"𓅱","position":{"x":558,"y":600,"w":56,"h":58}},{"index":19,"name":"𓈇","position":{"x":553,"y":657,"w":29,"h":25}},{"index":6,"name":"𓏴","position":{"x":572,"y":663,"w":41,"h":30}},{"index":11,"name":"𓏥","position":{"x":561,"y":692,"w":48,"h":16}},{"index":32,"name":"𓆑","position":{"x":505,"y":717,"w":109,"h":50}},{"index":2,"name":"𓋴","position":{"x":588,"y":751,"w":24,"h":53}},{"index":17,"name":"𓐟","position":{"x":555,"y":754,"w":34,"h":46}},{"index":7,"name":"𓄿","position":{"x":567,"y":801,"w":50,"h":47}},{"index":5,"name":"𓈎","position":{"x":572,"y":847,"w":38,"h":33}},{"index":29,"name":"𓆌","position":{"x":527,"y":876,"w":103,"h":77}},{"index":13,"name":"𓏛","position":{"x":558,"y":965,"w":46,"h":23}},{"index":10,"name":"𓈖","position":{"x":561,"y":991,"w":49,"h":25}},{"index":3,"name":"𓌃","position":{"x":580,"y":1017,"w":42,"h":53}},{"index":28,"name":"𓂧","position":{"x":529,"y":1035,"w":53,"h":28}},{"index":1,"name":"𓅱","position":{"x":557,"y":1074,"w":53,"h":48}},{"index":15,"name":"𓀁","position":{"x":564,"y":1120,"w":52,"h":53}},{"index":30,"name":"𓆑","position":{"x":509,"y":1172,"w":101,"h":41}},{"index":22,"name":"𓈅","position":{"x":549,"y":1202,"w":60,"h":35}},{"index":20,"name":"𓈅","position":{"x":552,"y":1239,"w":54,"h":31}},{"index":0,"name":"𓈇","position":{"x":590,"y":1280,"w":29,"h":25}},{"index":16,"name":"𓈇","position":{"x":555,"y":1284,"w":25,"h":37}}]}]}],"history":[{"username":"noname","date":"2023-08-24T10:19:46.447Z"},{"username":"x","date":"2023-09-19T20:38:16.839Z"}]}