{"name":"Texte aus Hatnub","creator":"Möller","provenance":"Hatnub","period":"12 dyn","genre":"graffiti","notes":"Checked against Rudolf, Die Felseninschriften von Hatnub, p. 32 and p. 34.","pages":[{"index":0,"name":"14,2-9 and 15,3-4","type":"","images":[],"lines":[{"index":0,"name":"14,2","points":[{"x":1482,"y":139},{"x":1357,"y":131},{"x":1103,"y":139},{"x":964,"y":150},{"x":578,"y":159},{"x":529,"y":158},{"x":532,"y":176},{"x":532,"y":196},{"x":516,"y":217},{"x":520,"y":246},{"x":580,"y":259},{"x":705,"y":231},{"x":730,"y":223},{"x":779,"y":252},{"x":849,"y":243},{"x":876,"y":259},{"x":919,"y":238},{"x":933,"y":266},{"x":1018,"y":259},{"x":1047,"y":236},{"x":1147,"y":239},{"x":1196,"y":222},{"x":1353,"y":217},{"x":1383,"y":237},{"x":1500,"y":236},{"x":1477,"y":183},{"x":1495,"y":157}],"direction":"hrl","glyphs":[{"index":18,"name":"𓀀","position":{"x":522,"y":167,"w":64,"h":76}},{"index":15,"name":"𓊪","position":{"x":612,"y":179,"w":64,"h":45}},{"index":14,"name":"𓊵","position":{"x":688,"y":178,"w":69,"h":53}},{"index":13,"name":"𓏥","position":{"x":770,"y":221,"w":65,"h":20}},{"index":12,"name":"𓏤","position":{"x":794,"y":180,"w":17,"h":34}},{"index":11,"name":"𓊹","position":{"x":842,"y":169,"w":65,"h":77}},{"index":10,"name":"𓊛","position":{"x":913,"y":160,"w":80,"h":76}},{"index":9,"name":"𓈐","position":{"x":934,"y":243,"w":54,"h":18}},{"index":6,"name":"𓂝𓐰𓅱","position":{"x":1012,"y":160,"w":72,"h":72}},{"index":5,"name":"𓅓𓐰𓂋","position":{"x":1152,"y":151,"w":62,"h":67}},{"index":4,"name":"𓈖","position":{"x":1238,"y":190,"w":106,"h":19}},{"index":3,"name":"𓏏","position":{"x":1275,"y":154,"w":29,"h":22}},{"index":2,"name":"𓆓","position":{"x":1367,"y":147,"w":114,"h":55}},{"index":1,"name":"𓂧","position":{"x":1379,"y":192,"w":110,"h":36}}]},{"index":1,"name":"14,3","points":[{"x":1485,"y":278},{"x":1430,"y":265},{"x":1395,"y":272},{"x":1389,"y":345},{"x":1379,"y":479},{"x":1389,"y":632},{"x":1382,"y":825},{"x":1397,"y":886},{"x":1378,"y":1003},{"x":1388,"y":1042},{"x":1392,"y":1059},{"x":1371,"y":1073},{"x":1375,"y":1127},{"x":1358,"y":1191},{"x":1374,"y":1247},{"x":1387,"y":1292},{"x":1376,"y":1338},{"x":1357,"y":1361},{"x":1337,"y":1382},{"x":1338,"y":1395},{"x":1365,"y":1395},{"x":1367,"y":1432},{"x":1367,"y":1458},{"x":1375,"y":1519},{"x":1376,"y":1618},{"x":1361,"y":1677},{"x":1389,"y":1755},{"x":1398,"y":1793},{"x":1385,"y":1924},{"x":1402,"y":1966},{"x":1477,"y":1966},{"x":1506,"y":1955},{"x":1512,"y":1722},{"x":1517,"y":1427},{"x":1505,"y":1130},{"x":1524,"y":977},{"x":1518,"y":637},{"x":1498,"y":317}],"direction":"vrl","glyphs":[{"index":24,"name":"𓏌","position":{"x":1410,"y":271,"w":43,"h":53}},{"index":28,"name":"𓎡","position":{"x":1403,"y":337,"w":90,"h":48}},{"index":16,"name":"𓀀","position":{"x":1410,"y":390,"w":68,"h":70}},{"index":34,"name":"𓋨","position":{"x":1397,"y":487,"w":83,"h":62}},{"index":19,"name":"𓅱","position":{"x":1417,"y":547,"w":68,"h":63}},{"index":6,"name":"𓇋","position":{"x":1446,"y":625,"w":25,"h":64}},{"index":26,"name":"𓈎","position":{"x":1408,"y":643,"w":32,"h":36}},{"index":29,"name":"𓂋","position":{"x":1402,"y":706,"w":83,"h":27}},{"index":14,"name":"𓏛","position":{"x":1395,"y":746,"w":79,"h":41}},{"index":33,"name":"𓎿","position":{"x":1397,"y":809,"w":40,"h":93}},{"index":2,"name":"𓎛","position":{"x":1457,"y":811,"w":23,"h":87}},{"index":32,"name":"𓊃","position":{"x":1398,"y":922,"w":89,"h":21}},{"index":27,"name":"𓇋","position":{"x":1404,"y":967,"w":29,"h":90}},{"index":9,"name":"𓇋","position":{"x":1442,"y":968,"w":32,"h":92}},{"index":41,"name":"𓂡","position":{"x":1379,"y":1072,"w":109,"h":49}},{"index":35,"name":"𓈖","position":{"x":1395,"y":1147,"w":67,"h":16}},{"index":43,"name":"𓎟","position":{"x":1370,"y":1183,"w":103,"h":50}},{"index":18,"name":"𓀀","position":{"x":1393,"y":1250,"w":76,"h":81}},{"index":44,"name":"𓆑","position":{"x":1340,"y":1336,"w":151,"h":52}},{"index":4,"name":"𓇋","position":{"x":1447,"y":1373,"w":25,"h":80}},{"index":40,"name":"𓅱","position":{"x":1381,"y":1381,"w":53,"h":69}},{"index":39,"name":"𓁹","position":{"x":1381,"y":1469,"w":120,"h":30}},{"index":37,"name":"𓈖","position":{"x":1393,"y":1519,"w":84,"h":18}},{"index":15,"name":"𓀀","position":{"x":1399,"y":1553,"w":82,"h":65}},{"index":1,"name":"𓋴","position":{"x":1458,"y":1633,"w":32,"h":75}},{"index":42,"name":"𓌮","position":{"x":1378,"y":1639,"w":72,"h":72}},{"index":13,"name":"𓅓","position":{"x":1411,"y":1718,"w":66,"h":81}},{"index":17,"name":"𓏛","position":{"x":1399,"y":1819,"w":85,"h":43}},{"index":20,"name":"𓅓","position":{"x":1415,"y":1880,"w":63,"h":71}}]},{"index":2,"name":"14,4","points":[{"x":1354,"y":251},{"x":1290,"y":242},{"x":1261,"y":270},{"x":1258,"y":367},{"x":1258,"y":489},{"x":1264,"y":539},{"x":1267,"y":635},{"x":1288,"y":651},{"x":1295,"y":663},{"x":1294,"y":673},{"x":1290,"y":691},{"x":1267,"y":725},{"x":1274,"y":923},{"x":1270,"y":1025},{"x":1274,"y":1112},{"x":1263,"y":1184},{"x":1249,"y":1229},{"x":1273,"y":1265},{"x":1271,"y":1343},{"x":1275,"y":1476},{"x":1291,"y":1559},{"x":1284,"y":1647},{"x":1279,"y":1726},{"x":1266,"y":1762},{"x":1277,"y":1797},{"x":1284,"y":1896},{"x":1357,"y":1910},{"x":1382,"y":1891},{"x":1391,"y":1788},{"x":1374,"y":1711},{"x":1374,"y":1646},{"x":1375,"y":1496},{"x":1367,"y":1421},{"x":1369,"y":1333},{"x":1393,"y":1282},{"x":1357,"y":1189},{"x":1375,"y":1105},{"x":1366,"y":1074},{"x":1391,"y":1058},{"x":1382,"y":912},{"x":1377,"y":799},{"x":1397,"y":649},{"x":1379,"y":494},{"x":1370,"y":280}],"direction":"vrl","glyphs":[{"index":31,"name":"𓊖","position":{"x":1299,"y":254,"w":44,"h":37}},{"index":45,"name":"𓏤","position":{"x":1277,"y":283,"w":12,"h":45}},{"index":19,"name":"𓏏","position":{"x":1312,"y":301,"w":28,"h":18}},{"index":27,"name":"𓀀","position":{"x":1282,"y":336,"w":68,"h":63}},{"index":47,"name":"𓂜","position":{"x":1269,"y":414,"w":86,"h":36}},{"index":46,"name":"𓃹","position":{"x":1275,"y":483,"w":80,"h":68}},{"index":43,"name":"𓈖","position":{"x":1279,"y":563,"w":74,"h":12}},{"index":33,"name":"𓎡","position":{"x":1292,"y":593,"w":83,"h":46}},{"index":4,"name":"𓇋","position":{"x":1343,"y":648,"w":24,"h":80}},{"index":38,"name":"𓀁","position":{"x":1284,"y":648,"w":50,"h":80}},{"index":28,"name":"𓁷","position":{"x":1302,"y":749,"w":50,"h":69}},{"index":26,"name":"𓂋","position":{"x":1304,"y":836,"w":69,"h":23}},{"index":16,"name":"𓀀","position":{"x":1300,"y":877,"w":62,"h":66}},{"index":3,"name":"𓇋","position":{"x":1343,"y":959,"w":24,"h":68}},{"index":42,"name":"𓅱","position":{"x":1281,"y":963,"w":56,"h":64}},{"index":39,"name":"𓁹","position":{"x":1283,"y":1043,"w":97,"h":29}},{"index":36,"name":"𓈖","position":{"x":1287,"y":1087,"w":71,"h":15}},{"index":22,"name":"𓀀","position":{"x":1281,"y":1121,"w":73,"h":62}},{"index":7,"name":"𓇋","position":{"x":1328,"y":1190,"w":25,"h":74}},{"index":48,"name":"𓂋","position":{"x":1263,"y":1217,"w":61,"h":24}},{"index":37,"name":"𓁐","position":{"x":1286,"y":1268,"w":91,"h":56}},{"index":9,"name":"𓎛","position":{"x":1327,"y":1338,"w":32,"h":82}},{"index":35,"name":"𓃀","position":{"x":1290,"y":1348,"w":38,"h":67}},{"index":21,"name":"𓋴","position":{"x":1310,"y":1433,"w":32,"h":82}},{"index":25,"name":"𓅱","position":{"x":1304,"y":1523,"w":64,"h":65}},{"index":8,"name":"𓋳","position":{"x":1304,"y":1613,"w":54,"h":96}},{"index":30,"name":"𓏥","position":{"x":1299,"y":1720,"w":62,"h":19}},{"index":44,"name":"𓁹","position":{"x":1278,"y":1751,"w":108,"h":31}},{"index":34,"name":"𓈖","position":{"x":1291,"y":1796,"w":73,"h":17}},{"index":15,"name":"𓀀","position":{"x":1296,"y":1834,"w":75,"h":62}}]},{"index":3,"name":"14,5","points":[{"x":1226,"y":250},{"x":1168,"y":254},{"x":1149,"y":318},{"x":1153,"y":434},{"x":1152,"y":487},{"x":1144,"y":508},{"x":1153,"y":518},{"x":1139,"y":572},{"x":1156,"y":673},{"x":1161,"y":814},{"x":1158,"y":954},{"x":1161,"y":1082},{"x":1159,"y":1180},{"x":1144,"y":1276},{"x":1170,"y":1341},{"x":1166,"y":1454},{"x":1160,"y":1563},{"x":1174,"y":1704},{"x":1159,"y":1825},{"x":1166,"y":1904},{"x":1178,"y":1996},{"x":1235,"y":2006},{"x":1282,"y":1997},{"x":1271,"y":1882},{"x":1281,"y":1797},{"x":1265,"y":1757},{"x":1284,"y":1711},{"x":1293,"y":1539},{"x":1263,"y":1362},{"x":1268,"y":1254},{"x":1247,"y":1226},{"x":1272,"y":1132},{"x":1268,"y":955},{"x":1267,"y":719},{"x":1248,"y":620},{"x":1266,"y":509},{"x":1258,"y":357},{"x":1244,"y":283}],"direction":"vrl","glyphs":[{"index":40,"name":"𓅓𓐰𓂋","position":{"x":1167,"y":260,"w":76,"h":85}},{"index":38,"name":"𓍁","position":{"x":1169,"y":356,"w":72,"h":40}},{"index":29,"name":"𓉐","position":{"x":1179,"y":421,"w":42,"h":52}},{"index":44,"name":"𓁹","position":{"x":1150,"y":496,"w":104,"h":30}},{"index":43,"name":"𓈖","position":{"x":1155,"y":557,"w":81,"h":16}},{"index":23,"name":"𓀀","position":{"x":1166,"y":593,"w":70,"h":68}},{"index":34,"name":"𓅓𓐰𓂋","position":{"x":1171,"y":684,"w":66,"h":82}},{"index":18,"name":"𓈙","position":{"x":1194,"y":786,"w":60,"h":27}},{"index":37,"name":"𓏤","position":{"x":1169,"y":787,"w":10,"h":31}},{"index":17,"name":"𓈇","position":{"x":1194,"y":832,"w":55,"h":42}},{"index":26,"name":"𓀀","position":{"x":1182,"y":888,"w":76,"h":59}},{"index":4,"name":"𓇋","position":{"x":1225,"y":959,"w":33,"h":68}},{"index":31,"name":"𓅱","position":{"x":1178,"y":969,"w":38,"h":54}},{"index":36,"name":"𓁹","position":{"x":1169,"y":1049,"w":92,"h":22}},{"index":27,"name":"𓈖","position":{"x":1181,"y":1095,"w":65,"h":12}},{"index":15,"name":"𓀀","position":{"x":1179,"y":1121,"w":77,"h":62}},{"index":12,"name":"𓄙","position":{"x":1203,"y":1195,"w":54,"h":68}},{"index":42,"name":"𓅓","position":{"x":1156,"y":1202,"w":54,"h":65}},{"index":30,"name":"𓅱","position":{"x":1178,"y":1279,"w":66,"h":60}},{"index":25,"name":"𓀀","position":{"x":1182,"y":1360,"w":67,"h":71}},{"index":2,"name":"𓇋","position":{"x":1235,"y":1447,"w":22,"h":65}},{"index":33,"name":"𓅱","position":{"x":1173,"y":1448,"w":60,"h":67}},{"index":32,"name":"𓁹","position":{"x":1175,"y":1537,"w":105,"h":30}},{"index":22,"name":"𓈖","position":{"x":1188,"y":1585,"w":60,"h":17}},{"index":8,"name":"𓀀","position":{"x":1196,"y":1621,"w":72,"h":57}},{"index":21,"name":"𓅓𓐰𓂋","position":{"x":1188,"y":1687,"w":73,"h":81}},{"index":39,"name":"𓂝𓐰𓅱","position":{"x":1167,"y":1781,"w":72,"h":103}},{"index":20,"name":"𓊛","position":{"x":1188,"y":1899,"w":72,"h":69}},{"index":0,"name":"𓏥","position":{"x":1186,"y":1977,"w":78,"h":19}}]},{"index":4,"name":"14,6","points":[{"x":1118,"y":263},{"x":1091,"y":260},{"x":1065,"y":264},{"x":1034,"y":256},{"x":1027,"y":272},{"x":1034,"y":339},{"x":1027,"y":379},{"x":1052,"y":469},{"x":1036,"y":629},{"x":1038,"y":750},{"x":1052,"y":845},{"x":1035,"y":930},{"x":1041,"y":1023},{"x":1070,"y":1030},{"x":1086,"y":1031},{"x":1088,"y":1040},{"x":1080,"y":1049},{"x":1068,"y":1047},{"x":1054,"y":1051},{"x":1049,"y":1114},{"x":1061,"y":1187},{"x":1053,"y":1273},{"x":1059,"y":1445},{"x":1062,"y":1513},{"x":1040,"y":1532},{"x":1049,"y":1593},{"x":1058,"y":1677},{"x":1058,"y":1816},{"x":1049,"y":1923},{"x":1099,"y":1984},{"x":1143,"y":1984},{"x":1163,"y":1956},{"x":1157,"y":1816},{"x":1168,"y":1743},{"x":1160,"y":1488},{"x":1168,"y":1334},{"x":1139,"y":1270},{"x":1166,"y":1142},{"x":1159,"y":885},{"x":1158,"y":634},{"x":1134,"y":557},{"x":1155,"y":529},{"x":1152,"y":518},{"x":1144,"y":507},{"x":1151,"y":487},{"x":1130,"y":286}],"direction":"vrl","glyphs":[{"index":59,"name":"𓏃","position":{"x":1035,"y":263,"w":80,"h":76}},{"index":58,"name":"𓈖𓐰𓏏","position":{"x":1036,"y":348,"w":79,"h":46}},{"index":25,"name":"𓊛","position":{"x":1056,"y":400,"w":71,"h":61}},{"index":35,"name":"𓎡","position":{"x":1071,"y":465,"w":77,"h":54}},{"index":43,"name":"𓅱","position":{"x":1068,"y":497,"w":59,"h":63}},{"index":26,"name":"𓀀","position":{"x":1058,"y":562,"w":69,"h":63}},{"index":42,"name":"𓊪","position":{"x":1068,"y":635,"w":57,"h":37}},{"index":6,"name":"𓎛","position":{"x":1117,"y":682,"w":24,"h":89}},{"index":56,"name":"𓄖","position":{"x":1051,"y":696,"w":61,"h":50}},{"index":41,"name":"𓂻","position":{"x":1068,"y":748,"w":65,"h":38}},{"index":33,"name":"𓈖","position":{"x":1072,"y":803,"w":59,"h":14}},{"index":23,"name":"𓀀","position":{"x":1064,"y":821,"w":69,"h":66}},{"index":17,"name":"𓍋","position":{"x":1092,"y":895,"w":54,"h":74}},{"index":55,"name":"𓃀","position":{"x":1052,"y":903,"w":37,"h":65}},{"index":32,"name":"𓅱","position":{"x":1072,"y":974,"w":59,"h":58}},{"index":52,"name":"𓎶","position":{"x":1060,"y":1040,"w":71,"h":41}},{"index":45,"name":"𓈉","position":{"x":1067,"y":1083,"w":70,"h":46}},{"index":9,"name":"𓐍","position":{"x":1077,"y":1140,"w":62,"h":47}},{"index":47,"name":"𓂧","position":{"x":1065,"y":1194,"w":72,"h":33}},{"index":22,"name":"𓊛","position":{"x":1062,"y":1238,"w":66,"h":56}},{"index":31,"name":"𓎡","position":{"x":1073,"y":1300,"w":86,"h":46}},{"index":34,"name":"𓅱","position":{"x":1071,"y":1325,"w":50,"h":59}},{"index":20,"name":"𓀀","position":{"x":1065,"y":1392,"w":70,"h":59}},{"index":29,"name":"𓊪","position":{"x":1076,"y":1461,"w":62,"h":29}},{"index":8,"name":"𓎛","position":{"x":1113,"y":1499,"w":28,"h":86}},{"index":44,"name":"𓄖","position":{"x":1047,"y":1513,"w":65,"h":52}},{"index":28,"name":"𓂻","position":{"x":1076,"y":1589,"w":60,"h":42}},{"index":37,"name":"𓈖","position":{"x":1070,"y":1647,"w":62,"h":12}},{"index":30,"name":"𓀀","position":{"x":1074,"y":1666,"w":71,"h":63}},{"index":39,"name":"𓇇","position":{"x":1068,"y":1840,"w":84,"h":66}},{"index":5,"name":"𓊖","position":{"x":1091,"y":1927,"w":47,"h":38}}]},{"index":5,"name":"14,7","points":[{"x":1000,"y":267},{"x":977,"y":266},{"x":905,"y":278},{"x":919,"y":296},{"x":911,"y":369},{"x":911,"y":438},{"x":927,"y":475},{"x":925,"y":519},{"x":919,"y":698},{"x":930,"y":790},{"x":934,"y":938},{"x":946,"y":1110},{"x":949,"y":1300},{"x":955,"y":1487},{"x":949,"y":1568},{"x":939,"y":1646},{"x":939,"y":1798},{"x":938,"y":2008},{"x":1042,"y":2016},{"x":1037,"y":1856},{"x":1055,"y":1710},{"x":1044,"y":1634},{"x":1050,"y":1585},{"x":1039,"y":1535},{"x":1061,"y":1503},{"x":1055,"y":1371},{"x":1050,"y":1252},{"x":1057,"y":1174},{"x":1038,"y":1010},{"x":1030,"y":868},{"x":1037,"y":740},{"x":1038,"y":586},{"x":1040,"y":439},{"x":1025,"y":372},{"x":1035,"y":338},{"x":1018,"y":276}],"direction":"vrl","glyphs":[{"index":48,"name":"𓂋","position":{"x":917,"y":273,"w":96,"h":30}},{"index":46,"name":"𓁹","position":{"x":923,"y":324,"w":103,"h":26}},{"index":33,"name":"𓏏","position":{"x":955,"y":370,"w":30,"h":11}},{"index":12,"name":"𓋴","position":{"x":986,"y":395,"w":35,"h":66}},{"index":47,"name":"𓌮","position":{"x":919,"y":403,"w":51,"h":56}},{"index":37,"name":"𓅓","position":{"x":951,"y":479,"w":58,"h":74}},{"index":24,"name":"𓏛","position":{"x":938,"y":567,"w":82,"h":49}},{"index":45,"name":"𓈖","position":{"x":936,"y":635,"w":66,"h":12}},{"index":44,"name":"𓎟","position":{"x":936,"y":676,"w":85,"h":41}},{"index":19,"name":"𓀀","position":{"x":946,"y":735,"w":76,"h":62}},{"index":36,"name":"𓅓","position":{"x":952,"y":811,"w":60,"h":63}},{"index":17,"name":"𓄋","position":{"x":945,"y":896,"w":63,"h":48}},{"index":5,"name":"𓊪","position":{"x":957,"y":954,"w":60,"h":31}},{"index":16,"name":"𓏏","position":{"x":980,"y":998,"w":20,"h":13}},{"index":35,"name":"𓏛","position":{"x":952,"y":1024,"w":81,"h":42}},{"index":2,"name":"𓏥","position":{"x":964,"y":1085,"w":68,"h":19}},{"index":25,"name":"𓈖","position":{"x":964,"y":1120,"w":74,"h":11}},{"index":3,"name":"𓇓","position":{"x":1009,"y":1148,"w":35,"h":88}},{"index":23,"name":"𓏏","position":{"x":969,"y":1162,"w":25,"h":26}},{"index":31,"name":"𓈖","position":{"x":960,"y":1219,"w":54,"h":11}},{"index":6,"name":"𓉐","position":{"x":1000,"y":1245,"w":38,"h":49}},{"index":22,"name":"𓏤","position":{"x":970,"y":1246,"w":12,"h":52}},{"index":13,"name":"𓇍","position":{"x":985,"y":1307,"w":56,"h":98}},{"index":20,"name":"𓈖","position":{"x":973,"y":1424,"w":79,"h":14}},{"index":30,"name":"𓀀","position":{"x":962,"y":1462,"w":76,"h":75}},{"index":1,"name":"𓇋","position":{"x":1018,"y":1552,"w":23,"h":74}},{"index":38,"name":"𓅱","position":{"x":949,"y":1560,"w":57,"h":67}},{"index":7,"name":"𓄣","position":{"x":998,"y":1646,"w":50,"h":77}},{"index":27,"name":"𓏤","position":{"x":963,"y":1660,"w":13,"h":63}},{"index":21,"name":"𓀀","position":{"x":947,"y":1735,"w":73,"h":62}},{"index":41,"name":"𓄫","position":{"x":945,"y":1825,"w":65,"h":85}},{"index":34,"name":"𓅱","position":{"x":953,"y":1924,"w":70,"h":79}}]},{"index":6,"name":"14,8","points":[{"x":866,"y":262},{"x":822,"y":274},{"x":792,"y":275},{"x":790,"y":324},{"x":810,"y":475},{"x":811,"y":632},{"x":808,"y":871},{"x":811,"y":1109},{"x":814,"y":1334},{"x":816,"y":1612},{"x":808,"y":1809},{"x":814,"y":2068},{"x":850,"y":2075},{"x":930,"y":2075},{"x":929,"y":1984},{"x":931,"y":1821},{"x":938,"y":1719},{"x":944,"y":1578},{"x":956,"y":1431},{"x":949,"y":1205},{"x":935,"y":993},{"x":930,"y":823},{"x":921,"y":648},{"x":900,"y":479},{"x":878,"y":469},{"x":879,"y":456},{"x":902,"y":436},{"x":912,"y":404},{"x":915,"y":293},{"x":893,"y":272}],"direction":"vrl","glyphs":[{"index":49,"name":"𓁹","position":{"x":797,"y":270,"w":113,"h":30}},{"index":48,"name":"𓈖","position":{"x":823,"y":318,"w":71,"h":12}},{"index":43,"name":"𓀀","position":{"x":831,"y":341,"w":65,"h":70}},{"index":26,"name":"𓏏","position":{"x":849,"y":603,"w":23,"h":14}},{"index":46,"name":"𓈖","position":{"x":825,"y":632,"w":69,"h":19}},{"index":44,"name":"𓀀","position":{"x":830,"y":668,"w":78,"h":61}},{"index":27,"name":"𓁷","position":{"x":847,"y":758,"w":50,"h":71}},{"index":32,"name":"𓂋","position":{"x":843,"y":844,"w":79,"h":23}},{"index":18,"name":"𓋴","position":{"x":859,"y":883,"w":37,"h":78}},{"index":10,"name":"𓈎","position":{"x":868,"y":974,"w":37,"h":37}},{"index":22,"name":"𓈖","position":{"x":854,"y":1025,"w":64,"h":20}},{"index":2,"name":"𓃀","position":{"x":904,"y":1055,"w":30,"h":46}},{"index":16,"name":"𓏏","position":{"x":861,"y":1058,"w":22,"h":11}},{"index":21,"name":"𓊋","position":{"x":844,"y":1083,"w":55,"h":48}},{"index":15,"name":"𓀀","position":{"x":861,"y":1151,"w":67,"h":62}},{"index":19,"name":"𓏥","position":{"x":856,"y":1230,"w":76,"h":31}},{"index":25,"name":"𓈖","position":{"x":852,"y":1277,"w":81,"h":16}},{"index":7,"name":"𓏏","position":{"x":876,"y":1310,"w":28,"h":16}},{"index":5,"name":"𓉐","position":{"x":890,"y":1341,"w":41,"h":54}},{"index":17,"name":"𓏤","position":{"x":860,"y":1341,"w":13,"h":53}},{"index":4,"name":"𓇓","position":{"x":895,"y":1417,"w":45,"h":90}},{"index":24,"name":"𓏏","position":{"x":853,"y":1438,"w":31,"h":18}},{"index":39,"name":"𓈖","position":{"x":837,"y":1485,"w":60,"h":14}},{"index":1,"name":"𓎛","position":{"x":913,"y":1517,"w":26,"h":89}},{"index":35,"name":"𓂝","position":{"x":839,"y":1528,"w":66,"h":31}},{"index":13,"name":"𓏏","position":{"x":865,"y":1586,"w":28,"h":12}},{"index":34,"name":"𓀠","position":{"x":841,"y":1618,"w":82,"h":97}},{"index":3,"name":"𓇋","position":{"x":901,"y":1727,"w":26,"h":75}},{"index":38,"name":"𓅓","position":{"x":837,"y":1727,"w":62,"h":80}},{"index":31,"name":"𓈖","position":{"x":843,"y":1829,"w":71,"h":11}},{"index":40,"name":"𓉻","position":{"x":836,"y":1861,"w":90,"h":19}},{"index":30,"name":"𓂝","position":{"x":843,"y":1891,"w":78,"h":28}},{"index":33,"name":"𓄿","position":{"x":842,"y":1933,"w":72,"h":70}},{"index":11,"name":"𓏏","position":{"x":867,"y":2020,"w":22,"h":12}},{"index":28,"name":"𓈖","position":{"x":845,"y":2046,"w":73,"h":11}}]},{"index":7,"name":"14,9","points":[{"x":736,"y":246},{"x":693,"y":251},{"x":676,"y":319},{"x":691,"y":365},{"x":675,"y":490},{"x":680,"y":586},{"x":739,"y":603},{"x":785,"y":603},{"x":805,"y":516},{"x":804,"y":458},{"x":770,"y":252}],"direction":"vrl","glyphs":[{"index":7,"name":"𓌸","position":{"x":693,"y":251,"w":71,"h":38}},{"index":8,"name":"𓂋𓐰𓏏","position":{"x":685,"y":306,"w":81,"h":69}},{"index":0,"name":"𓀁","position":{"x":701,"y":393,"w":69,"h":63}},{"index":6,"name":"𓎟","position":{"x":699,"y":481,"w":102,"h":41}},{"index":4,"name":"𓀀","position":{"x":713,"y":537,"w":68,"h":55}}]},{"index":8,"name":"15,3","points":[{"x":492,"y":630},{"x":478,"y":630},{"x":464,"y":631},{"x":445,"y":656},{"x":408,"y":741},{"x":397,"y":975},{"x":407,"y":1128},{"x":407,"y":1260},{"x":382,"y":1483},{"x":382,"y":1638},{"x":389,"y":1721},{"x":389,"y":1804},{"x":389,"y":1969},{"x":544,"y":1957},{"x":531,"y":1231},{"x":529,"y":714},{"x":521,"y":641}],"direction":"vrl","glyphs":[{"index":10,"name":"𓏌","position":{"x":455,"y":631,"w":40,"h":50}},{"index":22,"name":"𓎡","position":{"x":424,"y":702,"w":94,"h":57}},{"index":7,"name":"𓀀","position":{"x":431,"y":759,"w":80,"h":69}},{"index":23,"name":"𓅓𓐰𓂋","position":{"x":421,"y":860,"w":73,"h":104}},{"index":13,"name":"𓃂","position":{"x":445,"y":986,"w":54,"h":51}},{"index":16,"name":"𓅱","position":{"x":441,"y":1064,"w":66,"h":85}},{"index":14,"name":"𓏥","position":{"x":443,"y":1177,"w":67,"h":22}},{"index":1,"name":"𓌂","position":{"x":478,"y":1220,"w":38,"h":99}},{"index":24,"name":"𓐍","position":{"x":419,"y":1226,"w":49,"h":34}},{"index":18,"name":"𓏏","position":{"x":436,"y":1281,"w":24,"h":22}},{"index":17,"name":"𓏰","position":{"x":439,"y":1329,"w":41,"h":33}},{"index":26,"name":"𓅓𓐰𓂋","position":{"x":418,"y":1373,"w":62,"h":82}},{"index":9,"name":"𓎛","position":{"x":457,"y":1468,"w":25,"h":70}},{"index":30,"name":"𓂓","position":{"x":406,"y":1472,"w":40,"h":40}},{"index":29,"name":"𓅱","position":{"x":409,"y":1519,"w":74,"h":53}},{"index":31,"name":"𓏛","position":{"x":397,"y":1592,"w":93,"h":54}},{"index":15,"name":"𓀀","position":{"x":409,"y":1676,"w":81,"h":60}},{"index":2,"name":"𓏥","position":{"x":418,"y":1762,"w":75,"h":23}},{"index":27,"name":"𓅨","position":{"x":410,"y":1809,"w":96,"h":73}},{"index":21,"name":"𓂋","position":{"x":428,"y":1910,"w":81,"h":24}}]},{"index":9,"name":"15,4","points":[{"x":398,"y":644},{"x":332,"y":643},{"x":284,"y":681},{"x":276,"y":906},{"x":267,"y":1137},{"x":235,"y":1459},{"x":267,"y":1778},{"x":379,"y":1760},{"x":382,"y":1674},{"x":387,"y":1451},{"x":398,"y":1156},{"x":398,"y":871},{"x":418,"y":687},{"x":423,"y":653}],"direction":"vrl","glyphs":[{"index":12,"name":"𓌕","position":{"x":311,"y":652,"w":96,"h":34}},{"index":0,"name":"𓏌","position":{"x":363,"y":709,"w":31,"h":39}},{"index":6,"name":"𓏤","position":{"x":335,"y":718,"w":8,"h":28}},{"index":5,"name":"𓀀","position":{"x":312,"y":777,"w":74,"h":64}},{"index":15,"name":"𓈖","position":{"x":306,"y":860,"w":80,"h":14}},{"index":2,"name":"𓇓","position":{"x":347,"y":893,"w":33,"h":83}},{"index":14,"name":"𓏏","position":{"x":307,"y":905,"w":24,"h":22}},{"index":18,"name":"𓈖","position":{"x":299,"y":976,"w":57,"h":14}},{"index":16,"name":"𓅆","position":{"x":303,"y":997,"w":63,"h":123}},{"index":23,"name":"𓄞","position":{"x":283,"y":1154,"w":104,"h":41}},{"index":25,"name":"𓂧","position":{"x":279,"y":1190,"w":99,"h":37}},{"index":19,"name":"𓀁","position":{"x":295,"y":1240,"w":73,"h":83}},{"index":10,"name":"𓏛","position":{"x":277,"y":1336,"w":84,"h":46}},{"index":24,"name":"𓏤","position":{"x":280,"y":1394,"w":10,"h":31}},{"index":4,"name":"𓏏","position":{"x":339,"y":1404,"w":17,"h":19}},{"index":20,"name":"𓅓","position":{"x":294,"y":1435,"w":75,"h":70}},{"index":17,"name":"𓉔","position":{"x":299,"y":1528,"w":61,"h":62}},{"index":22,"name":"𓂋","position":{"x":289,"y":1604,"w":77,"h":30}},{"index":13,"name":"𓏏","position":{"x":309,"y":1652,"w":23,"h":22}},{"index":21,"name":"𓏤","position":{"x":291,"y":1700,"w":10,"h":37}},{"index":9,"name":"𓇳","position":{"x":322,"y":1708,"w":50,"h":38}}]}]}],"history":[{"username":"jt","date":"2023-08-24T09:20:34.000Z"},{"username":"mjn","date":"2023-09-19T19:39:15.000Z"},{"username":"a","date":"2023-10-05T17:37:52.501Z"}]}