{"index": 12, "name": "Sinuhe R", "creator": "Möller", "provenance": "Thebes", "period": "13 dyn", "pages": [{"index": 0, "name": "1-24", "type": "", "images": [], "lines": [{"index": 0, "name": "1", "points": [{"x": 2222, "y": 358}, {"x": 2245, "y": 359}, {"x": 2245, "y": 417}, {"x": 2245, "y": 433}, {"x": 2184, "y": 433}, {"x": 2115, "y": 439}, {"x": 2064, "y": 443}, {"x": 2048, "y": 441}, {"x": 2028, "y": 448}, {"x": 2007, "y": 440}, {"x": 1975, "y": 438}, {"x": 1961, "y": 433}, {"x": 1913, "y": 452}, {"x": 1904, "y": 440}, {"x": 1893, "y": 427}, {"x": 1840, "y": 431}, {"x": 1805, "y": 427}, {"x": 1761, "y": 424}, {"x": 1709, "y": 427}, {"x": 1669, "y": 420}, {"x": 1621, "y": 424}, {"x": 1610, "y": 418}, {"x": 1586, "y": 416}, {"x": 1570, "y": 432}, {"x": 1545, "y": 430}, {"x": 1509, "y": 414}, {"x": 1439, "y": 412}, {"x": 1404, "y": 414}, {"x": 1338, "y": 411}, {"x": 1244, "y": 414}, {"x": 1250, "y": 326}, {"x": 1754, "y": 339}, {"x": 2117, "y": 346}], "direction": "hrl", "glyphs": [{"index": 21, "name": "𓅂", "position": {"x": 1341, "y": 351, "w": 40, "h": 51}}, {"index": 19, "name": "𓄝", "position": {"x": 1394, "y": 344, "w": 63, "h": 63}}, {"index": 18, "name": "𓏏", "position": {"x": 1407, "y": 398, "w": 17, "h": 13}}, {"index": 17, "name": "𓇾", "position": {"x": 1453, "y": 344, "w": 62, "h": 23}}, {"index": 16, "name": "𓇾", "position": {"x": 1453, "y": 364, "w": 62, "h": 22}}, {"index": 15, "name": "𓇾", "position": {"x": 1461, "y": 378, "w": 57, "h": 28}}, {"index": 13, "name": "𓅓", "position": {"x": 1515, "y": 350, "w": 24, "h": 61}}, {"index": 0, "name": "𓅆", "position": {"x": 1542, "y": 350, "w": 14, "h": 61}}, {"index": 7, "name": "𓈘", "position": {"x": 1796, "y": 359, "w": 54, "h": 68}}, {"index": 3, "name": "𓈇", "position": {"x": 1804, "y": 390, "w": 30, "h": 36}}, {"index": 4, "name": "𓆓", "position": {"x": 1913, "y": 399, "w": 77, "h": 50}}, {"index": 2, "name": "𓃥", "position": {"x": 1982, "y": 360, "w": 96, "h": 82}}]}, {"index": 1, "name": "2", "points": [{"x": 2243, "y": 444}, {"x": 2248, "y": 484}, {"x": 2242, "y": 516}, {"x": 2213, "y": 516}, {"x": 2143, "y": 508}, {"x": 2094, "y": 499}, {"x": 2061, "y": 505}, {"x": 2037, "y": 498}, {"x": 2017, "y": 502}, {"x": 1955, "y": 502}, {"x": 1945, "y": 498}, {"x": 1930, "y": 496}, {"x": 1879, "y": 502}, {"x": 1863, "y": 494}, {"x": 1794, "y": 496}, {"x": 1782, "y": 529}, {"x": 1782, "y": 568}, {"x": 1764, "y": 562}, {"x": 1766, "y": 549}, {"x": 1766, "y": 530}, {"x": 1766, "y": 515}, {"x": 1768, "y": 500}, {"x": 1757, "y": 489}, {"x": 1718, "y": 493}, {"x": 1648, "y": 488}, {"x": 1638, "y": 482}, {"x": 1629, "y": 472}, {"x": 1592, "y": 487}, {"x": 1554, "y": 468}, {"x": 1511, "y": 479}, {"x": 1487, "y": 476}, {"x": 1458, "y": 498}, {"x": 1447, "y": 512}, {"x": 1437, "y": 505}, {"x": 1435, "y": 479}, {"x": 1387, "y": 488}, {"x": 1383, "y": 491}, {"x": 1370, "y": 484}, {"x": 1356, "y": 472}, {"x": 1319, "y": 472}, {"x": 1288, "y": 437}, {"x": 1333, "y": 412}, {"x": 1421, "y": 413}, {"x": 1517, "y": 415}, {"x": 1551, "y": 432}, {"x": 1575, "y": 431}, {"x": 1589, "y": 418}, {"x": 1615, "y": 418}, {"x": 1675, "y": 423}, {"x": 1729, "y": 427}, {"x": 1776, "y": 421}, {"x": 1823, "y": 431}, {"x": 1873, "y": 425}, {"x": 1899, "y": 430}, {"x": 1912, "y": 452}, {"x": 1948, "y": 436}, {"x": 1970, "y": 432}, {"x": 1982, "y": 440}, {"x": 2015, "y": 441}, {"x": 2029, "y": 448}, {"x": 2053, "y": 440}, {"x": 2150, "y": 438}], "direction": "hrl", "glyphs": [{"index": 24, "name": "𓀀", "position": {"x": 1309, "y": 441, "w": 26, "h": 17}}, {"index": 23, "name": "𓏲", "position": {"x": 1338, "y": 426, "w": 21, "h": 42}}, {"index": 22, "name": "𓌞", "position": {"x": 1366, "y": 418, "w": 35, "h": 70}}, {"index": 21, "name": "𓆑𓐷𓏌𓐰𓎡𓐸", "position": {"x": 1400, "y": 417, "w": 77, "h": 93}}, {"index": 20, "name": "𓀀", "position": {"x": 1408, "y": 459, "w": 29, "h": 15}}, {"index": 19, "name": "𓆓𓐰𓂧", "position": {"x": 1477, "y": 419, "w": 44, "h": 52}}, {"index": 18, "name": "𓀀", "position": {"x": 1526, "y": 433, "w": 28, "h": 22}}, {"index": 1, "name": "𓆭", "position": {"x": 1560, "y": 419, "w": 58, "h": 57}}, {"index": 3, "name": "𓏏", "position": {"x": 1607, "y": 434, "w": 21, "h": 34}}, {"index": 16, "name": "𓌞", "position": {"x": 1760, "y": 427, "w": 44, "h": 63}}, {"index": 15, "name": "𓆑", "position": {"x": 1767, "y": 466, "w": 31, "h": 98}}, {"index": 14, "name": "𓀁", "position": {"x": 1804, "y": 431, "w": 47, "h": 58}}, {"index": 13, "name": "𓇋", "position": {"x": 1851, "y": 433, "w": 20, "h": 58}}, {"index": 11, "name": "𓌻", "position": {"x": 1912, "y": 439, "w": 55, "h": 39}}, {"index": 10, "name": "𓂋", "position": {"x": 1930, "y": 466, "w": 37, "h": 32}}, {"index": 9, "name": "𓂝", "position": {"x": 1981, "y": 444, "w": 38, "h": 18}}, {"index": 8, "name": "𓏛", "position": {"x": 1984, "y": 465, "w": 39, "h": 25}}, {"index": 6, "name": "𓐙", "position": {"x": 2026, "y": 482, "w": 45, "h": 20}}, {"index": 5, "name": "𓌳", "position": {"x": 2032, "y": 444, "w": 45, "h": 29}}, {"index": 4, "name": "𓏛", "position": {"x": 2083, "y": 454, "w": 21, "h": 42}}, {"index": 2, "name": "𓂋𓐰𓐍", "position": {"x": 2116, "y": 443, "w": 51, "h": 55}}, {"index": 0, "name": "𓇓", "position": {"x": 2205, "y": 448, "w": 40, "h": 66}}]}, {"index": 2, "name": "3", "points": [{"x": 2169, "y": 513}, {"x": 2197, "y": 513}, {"x": 2219, "y": 517}, {"x": 2259, "y": 510}, {"x": 2259, "y": 540}, {"x": 2231, "y": 581}, {"x": 2225, "y": 590}, {"x": 2205, "y": 584}, {"x": 2179, "y": 589}, {"x": 2119, "y": 576}, {"x": 2060, "y": 579}, {"x": 2054, "y": 588}, {"x": 2048, "y": 587}, {"x": 2037, "y": 576}, {"x": 1987, "y": 569}, {"x": 1943, "y": 563}, {"x": 1909, "y": 550}, {"x": 1852, "y": 559}, {"x": 1796, "y": 553}, {"x": 1780, "y": 569}, {"x": 1761, "y": 561}, {"x": 1658, "y": 545}, {"x": 1617, "y": 552}, {"x": 1603, "y": 541}, {"x": 1511, "y": 552}, {"x": 1443, "y": 546}, {"x": 1397, "y": 538}, {"x": 1327, "y": 539}, {"x": 1327, "y": 522}, {"x": 1325, "y": 509}, {"x": 1307, "y": 500}, {"x": 1317, "y": 469}, {"x": 1343, "y": 471}, {"x": 1365, "y": 472}, {"x": 1392, "y": 475}, {"x": 1439, "y": 489}, {"x": 1442, "y": 495}, {"x": 1457, "y": 490}, {"x": 1491, "y": 475}, {"x": 1517, "y": 478}, {"x": 1555, "y": 465}, {"x": 1598, "y": 485}, {"x": 1629, "y": 473}, {"x": 1639, "y": 481}, {"x": 1641, "y": 487}, {"x": 1670, "y": 487}, {"x": 1726, "y": 494}, {"x": 1756, "y": 489}, {"x": 1768, "y": 497}, {"x": 1765, "y": 534}, {"x": 1767, "y": 561}, {"x": 1775, "y": 566}, {"x": 1782, "y": 553}, {"x": 1786, "y": 498}, {"x": 1848, "y": 494}, {"x": 1868, "y": 493}, {"x": 1895, "y": 501}, {"x": 1932, "y": 494}, {"x": 1950, "y": 500}, {"x": 2002, "y": 504}, {"x": 2040, "y": 499}, {"x": 2041, "y": 504}, {"x": 2038, "y": 511}, {"x": 2040, "y": 520}, {"x": 2050, "y": 523}, {"x": 2066, "y": 520}, {"x": 2072, "y": 511}, {"x": 2099, "y": 502}], "direction": "hrl", "glyphs": [{"index": 35, "name": "𓏥𓁐", "position": {"x": 1316, "y": 474, "w": 99, "h": 59}}, {"index": 12, "name": "𓏲𓐰𓏏", "position": {"x": 1474, "y": 480, "w": 25, "h": 62}}, {"index": 13, "name": "𓎿", "position": {"x": 1496, "y": 480, "w": 38, "h": 57}}, {"index": 14, "name": "𓎛𓐰𓊃", "position": {"x": 1500, "y": 474, "w": 63, "h": 74}}, {"index": 29, "name": "𓅨𓐰𓂋", "position": {"x": 1569, "y": 477, "w": 75, "h": 68}}, {"index": 11, "name": "𓉐", "position": {"x": 1789, "y": 502, "w": 38, "h": 43}}, {"index": 10, "name": "𓊒", "position": {"x": 1831, "y": 497, "w": 36, "h": 23}}, {"index": 9, "name": "𓏏", "position": {"x": 1850, "y": 524, "w": 17, "h": 23}}, {"index": 8, "name": "𓇓𓈖", "position": {"x": 1880, "y": 500, "w": 69, "h": 56}}, {"index": 7, "name": "𓏏", "position": {"x": 1895, "y": 511, "w": 17, "h": 23}}, {"index": 6, "name": "𓈖", "position": {"x": 1956, "y": 540, "w": 50, "h": 24}}, {"index": 5, "name": "𓀀", "position": {"x": 1966, "y": 510, "w": 33, "h": 19}}, {"index": 4, "name": "𓅡𓐰𓎡", "position": {"x": 2005, "y": 502, "w": 53, "h": 75}}, {"index": 3, "name": "𓎟", "position": {"x": 2054, "y": 510, "w": 59, "h": 32}}, {"index": 2, "name": "𓀀", "position": {"x": 2087, "y": 544, "w": 31, "h": 20}}, {"index": 1, "name": "𓂻", "position": {"x": 2124, "y": 536, "w": 52, "h": 25}}, {"index": 0, "name": "𓌞", "position": {"x": 2209, "y": 517, "w": 48, "h": 69}}]}, {"index": 3, "name": "4", "points": [{"x": 2163, "y": 589}, {"x": 2194, "y": 589}, {"x": 2207, "y": 583}, {"x": 2228, "y": 590}, {"x": 2237, "y": 609}, {"x": 2238, "y": 647}, {"x": 2223, "y": 661}, {"x": 2214, "y": 662}, {"x": 2175, "y": 652}, {"x": 2126, "y": 653}, {"x": 2105, "y": 646}, {"x": 2074, "y": 651}, {"x": 2001, "y": 632}, {"x": 1916, "y": 624}, {"x": 1887, "y": 633}, {"x": 1829, "y": 636}, {"x": 1807, "y": 621}, {"x": 1739, "y": 624}, {"x": 1719, "y": 618}, {"x": 1683, "y": 625}, {"x": 1648, "y": 614}, {"x": 1596, "y": 614}, {"x": 1562, "y": 614}, {"x": 1530, "y": 607}, {"x": 1443, "y": 611}, {"x": 1432, "y": 616}, {"x": 1391, "y": 598}, {"x": 1350, "y": 604}, {"x": 1301, "y": 612}, {"x": 1247, "y": 612}, {"x": 1228, "y": 562}, {"x": 1272, "y": 538}, {"x": 1320, "y": 536}, {"x": 1355, "y": 542}, {"x": 1409, "y": 540}, {"x": 1457, "y": 548}, {"x": 1512, "y": 551}, {"x": 1596, "y": 540}, {"x": 1609, "y": 541}, {"x": 1623, "y": 554}, {"x": 1669, "y": 549}, {"x": 1759, "y": 561}, {"x": 1782, "y": 568}, {"x": 1803, "y": 552}, {"x": 1859, "y": 558}, {"x": 1910, "y": 552}, {"x": 1941, "y": 559}, {"x": 2033, "y": 573}, {"x": 2057, "y": 582}, {"x": 2117, "y": 577}], "direction": "hrl", "glyphs": [{"index": 32, "name": "𓄂𓐰𓏏", "position": {"x": 1304, "y": 541, "w": 44, "h": 55}}, {"index": 31, "name": "𓏤", "position": {"x": 1310, "y": 574, "w": 11, "h": 32}}, {"index": 30, "name": "𓅓", "position": {"x": 1346, "y": 553, "w": 23, "h": 48}}, {"index": 29, "name": "𓏠𓐰𓈖", "position": {"x": 1369, "y": 544, "w": 47, "h": 56}}, {"index": 28, "name": "𓇋", "position": {"x": 1424, "y": 551, "w": 29, "h": 60}}, {"index": 27, "name": "𓅭", "position": {"x": 1469, "y": 554, "w": 60, "h": 32}}, {"index": 26, "name": "𓏏", "position": {"x": 1501, "y": 588, "w": 17, "h": 11}}, {"index": 25, "name": "𓈖", "position": {"x": 1528, "y": 588, "w": 55, "h": 23}}, {"index": 24, "name": "𓏏", "position": {"x": 1546, "y": 557, "w": 26, "h": 31}}, {"index": 23, "name": "𓇓", "position": {"x": 1582, "y": 548, "w": 41, "h": 59}}, {"index": 22, "name": "𓏥", "position": {"x": 1613, "y": 592, "w": 44, "h": 16}}, {"index": 20, "name": "𓏛", "position": {"x": 1703, "y": 574, "w": 34, "h": 37}}, {"index": 16, "name": "𓎸", "position": {"x": 1786, "y": 559, "w": 38, "h": 58}}, {"index": 14, "name": "𓅓", "position": {"x": 1819, "y": 573, "w": 29, "h": 53}}, {"index": 13, "name": "𓁐", "position": {"x": 1851, "y": 556, "w": 81, "h": 72}}, {"index": 9, "name": "𓊃", "position": {"x": 1931, "y": 574, "w": 61, "h": 26}}, {"index": 8, "name": "𓈖", "position": {"x": 1935, "y": 601, "w": 55, "h": 21}}, {"index": 2, "name": "𓂋", "position": {"x": 1994, "y": 580, "w": 41, "h": 29}}, {"index": 7, "name": "𓏏", "position": {"x": 2007, "y": 605, "w": 27, "h": 22}}, {"index": 6, "name": "𓋴", "position": {"x": 2039, "y": 581, "w": 20, "h": 61}}, {"index": 5, "name": "𓄊", "position": {"x": 2064, "y": 583, "w": 45, "h": 65}}, {"index": 1, "name": "𓈞", "position": {"x": 2113, "y": 589, "w": 32, "h": 37}}, {"index": 3, "name": "𓏏", "position": {"x": 2116, "y": 632, "w": 23, "h": 15}}, {"index": 4, "name": "𓈖", "position": {"x": 2141, "y": 630, "w": 47, "h": 11}}, {"index": 0, "name": "𓏏", "position": {"x": 2165, "y": 599, "w": 18, "h": 18}}]}, {"index": 4, "name": "5", "points": [{"x": 2224, "y": 668}, {"x": 2216, "y": 720}, {"x": 2188, "y": 733}, {"x": 2096, "y": 718}, {"x": 1993, "y": 709}, {"x": 1927, "y": 709}, {"x": 1892, "y": 701}, {"x": 1853, "y": 705}, {"x": 1841, "y": 691}, {"x": 1826, "y": 685}, {"x": 1803, "y": 708}, {"x": 1791, "y": 702}, {"x": 1788, "y": 681}, {"x": 1763, "y": 689}, {"x": 1735, "y": 679}, {"x": 1664, "y": 689}, {"x": 1669, "y": 666}, {"x": 1671, "y": 634}, {"x": 1721, "y": 619}, {"x": 1750, "y": 624}, {"x": 1805, "y": 623}, {"x": 1832, "y": 636}, {"x": 1890, "y": 632}, {"x": 1918, "y": 626}, {"x": 2033, "y": 643}, {"x": 2085, "y": 652}, {"x": 2110, "y": 648}, {"x": 2146, "y": 653}, {"x": 2197, "y": 659}], "direction": "hrl", "glyphs": [{"index": 14, "name": "𓄪", "position": {"x": 1675, "y": 625, "w": 83, "h": 41}}, {"index": 13, "name": "𓏤", "position": {"x": 1713, "y": 647, "w": 10, "h": 27}}, {"index": 11, "name": "𓇋", "position": {"x": 1788, "y": 629, "w": 23, "h": 74}}, {"index": 1, "name": "𓎟", "position": {"x": 1813, "y": 638, "w": 57, "h": 29}}, {"index": 9, "name": "𓏏", "position": {"x": 1836, "y": 671, "w": 25, "h": 16}}, {"index": 5, "name": "𓁐", "position": {"x": 1859, "y": 630, "w": 70, "h": 71}}, {"index": 10, "name": "𓄤", "position": {"x": 1924, "y": 643, "w": 31, "h": 62}}, {"index": 8, "name": "𓄤", "position": {"x": 1966, "y": 642, "w": 24, "h": 63}}, {"index": 7, "name": "𓄤", "position": {"x": 1993, "y": 644, "w": 28, "h": 60}}, {"index": 6, "name": "𓊖", "position": {"x": 2022, "y": 662, "w": 37, "h": 31}}, {"index": 4, "name": "𓏤𓐰𓏥", "position": {"x": 2054, "y": 654, "w": 44, "h": 52}}, {"index": 3, "name": "𓄤", "position": {"x": 2104, "y": 653, "w": 26, "h": 67}}, {"index": 2, "name": "𓀠", "position": {"x": 2131, "y": 658, "w": 56, "h": 61}}, {"index": 0, "name": "𓅓", "position": {"x": 2185, "y": 666, "w": 29, "h": 57}}]}, {"index": 5, "name": "6", "points": [{"x": 2221, "y": 729}, {"x": 2233, "y": 787}, {"x": 2210, "y": 806}, {"x": 2034, "y": 783}, {"x": 1878, "y": 770}, {"x": 1828, "y": 784}, {"x": 1768, "y": 773}, {"x": 1637, "y": 777}, {"x": 1627, "y": 755}, {"x": 1624, "y": 733}, {"x": 1586, "y": 733}, {"x": 1563, "y": 759}, {"x": 1450, "y": 757}, {"x": 1421, "y": 757}, {"x": 1427, "y": 691}, {"x": 1509, "y": 682}, {"x": 1588, "y": 689}, {"x": 1618, "y": 688}, {"x": 1652, "y": 692}, {"x": 1703, "y": 688}, {"x": 1735, "y": 681}, {"x": 1765, "y": 687}, {"x": 1788, "y": 681}, {"x": 1791, "y": 705}, {"x": 1804, "y": 707}, {"x": 1825, "y": 684}, {"x": 1844, "y": 693}, {"x": 1863, "y": 708}, {"x": 1896, "y": 702}, {"x": 1951, "y": 709}, {"x": 2053, "y": 712}, {"x": 2134, "y": 726}], "direction": "hrl", "glyphs": [{"index": 23, "name": "𓍸", "position": {"x": 1432, "y": 695, "w": 67, "h": 55}}, {"index": 20, "name": "𓄣", "position": {"x": 1505, "y": 692, "w": 52, "h": 57}}, {"index": 19, "name": "𓊪", "position": {"x": 1558, "y": 704, "w": 31, "h": 28}}, {"index": 18, "name": "𓊵𓐰𓏏", "position": {"x": 1586, "y": 693, "w": 33, "h": 37}}, {"index": 17, "name": "𓋴", "position": {"x": 1624, "y": 693, "w": 24, "h": 69}}, {"index": 16, "name": "𓏏", "position": {"x": 1651, "y": 712, "w": 18, "h": 30}}, {"index": 15, "name": "𓍷", "position": {"x": 1677, "y": 697, "w": 25, "h": 51}}, {"index": 12, "name": "𓏏", "position": {"x": 1758, "y": 752, "w": 27, "h": 15}}, {"index": 14, "name": "𓇓𓐰𓏏", "position": {"x": 1801, "y": 690, "w": 49, "h": 65}}, {"index": 11, "name": "𓆑", "position": {"x": 1830, "y": 707, "w": 78, "h": 68}}, {"index": 10, "name": "𓉐", "position": {"x": 1922, "y": 724, "w": 39, "h": 36}}, {"index": 9, "name": "𓏏", "position": {"x": 1926, "y": 711, "w": 26, "h": 10}}, {"index": 8, "name": "𓈌", "position": {"x": 1967, "y": 716, "w": 53, "h": 38}}, {"index": 7, "name": "𓂋", "position": {"x": 2017, "y": 732, "w": 43, "h": 32}}, {"index": 6, "name": "𓏤", "position": {"x": 2065, "y": 730, "w": 11, "h": 50}}, {"index": 5, "name": "𓊹", "position": {"x": 2084, "y": 725, "w": 25, "h": 53}}, {"index": 4, "name": "𓈐", "position": {"x": 2105, "y": 751, "w": 65, "h": 24}}, {"index": 1, "name": "𓂝", "position": {"x": 2164, "y": 736, "w": 51, "h": 17}}, {"index": 0, "name": "𓂋", "position": {"x": 2180, "y": 762, "w": 44, "h": 33}}]}, {"index": 6, "name": "7", "points": [{"x": 1112, "y": 325}, {"x": 1114, "y": 413}, {"x": 956, "y": 416}, {"x": 904, "y": 429}, {"x": 884, "y": 413}, {"x": 820, "y": 396}, {"x": 680, "y": 403}, {"x": 639, "y": 416}, {"x": 499, "y": 410}, {"x": 485, "y": 425}, {"x": 466, "y": 412}, {"x": 444, "y": 423}, {"x": 419, "y": 416}, {"x": 381, "y": 438}, {"x": 376, "y": 368}, {"x": 401, "y": 353}, {"x": 514, "y": 338}, {"x": 694, "y": 329}, {"x": 826, "y": 322}, {"x": 1003, "y": 332}], "direction": "hrl", "glyphs": [{"index": 21, "name": "𓂝𓐰𓄹", "position": {"x": 385, "y": 363, "w": 50, "h": 67}}, {"index": 18, "name": "𓎛", "position": {"x": 434, "y": 352, "w": 22, "h": 66}}, {"index": 17, "name": "𓊹", "position": {"x": 473, "y": 356, "w": 29, "h": 65}}, {"index": 16, "name": "𓇳", "position": {"x": 505, "y": 361, "w": 54, "h": 36}}, {"index": 13, "name": "𓈖", "position": {"x": 568, "y": 376, "w": 50, "h": 20}}, {"index": 12, "name": "𓏏", "position": {"x": 586, "y": 338, "w": 17, "h": 32}}, {"index": 11, "name": "𓇋", "position": {"x": 621, "y": 341, "w": 27, "h": 63}}, {"index": 10, "name": "𓅓", "position": {"x": 645, "y": 342, "w": 31, "h": 68}}, {"index": 9, "name": "𓏛", "position": {"x": 694, "y": 348, "w": 31, "h": 40}}, {"index": 7, "name": "𓅓", "position": {"x": 724, "y": 343, "w": 32, "h": 48}}, {"index": 6, "name": "𓎸", "position": {"x": 767, "y": 328, "w": 42, "h": 66}}, {"index": 5, "name": "𓇯", "position": {"x": 799, "y": 350, "w": 48, "h": 43}}, {"index": 4, "name": "𓊪𓐰𓏏", "position": {"x": 853, "y": 341, "w": 53, "h": 57}}, {"index": 2, "name": "𓇯", "position": {"x": 981, "y": 349, "w": 57, "h": 51}}, {"index": 1, "name": "𓁷𓐰𓂋", "position": {"x": 1037, "y": 345, "w": 43, "h": 64}}, {"index": 0, "name": "𓋴", "position": {"x": 1080, "y": 332, "w": 28, "h": 75}}]}, {"index": 7, "name": "8", "points": [{"x": 1130, "y": 420}, {"x": 1139, "y": 436}, {"x": 1122, "y": 455}, {"x": 1138, "y": 470}, {"x": 1150, "y": 477}, {"x": 1147, "y": 485}, {"x": 1119, "y": 490}, {"x": 1108, "y": 485}, {"x": 1088, "y": 486}, {"x": 1033, "y": 479}, {"x": 989, "y": 478}, {"x": 941, "y": 482}, {"x": 906, "y": 461}, {"x": 866, "y": 480}, {"x": 820, "y": 491}, {"x": 808, "y": 475}, {"x": 772, "y": 468}, {"x": 748, "y": 482}, {"x": 734, "y": 466}, {"x": 697, "y": 473}, {"x": 692, "y": 461}, {"x": 650, "y": 480}, {"x": 604, "y": 467}, {"x": 568, "y": 476}, {"x": 530, "y": 480}, {"x": 515, "y": 485}, {"x": 509, "y": 488}, {"x": 506, "y": 491}, {"x": 502, "y": 487}, {"x": 447, "y": 476}, {"x": 416, "y": 481}, {"x": 399, "y": 485}, {"x": 385, "y": 482}, {"x": 399, "y": 428}, {"x": 416, "y": 415}, {"x": 449, "y": 420}, {"x": 466, "y": 412}, {"x": 485, "y": 424}, {"x": 511, "y": 408}, {"x": 643, "y": 414}, {"x": 813, "y": 402}, {"x": 908, "y": 431}, {"x": 1003, "y": 412}], "direction": "hrl", "glyphs": [{"index": 22, "name": "𓐷𓎼𓐰𓂋𓐸𓀁", "position": {"x": 391, "y": 419, "w": 87, "h": 61}}, {"index": 20, "name": "𓋴", "position": {"x": 482, "y": 418, "w": 28, "h": 73}}, {"index": 19, "name": "𓅓", "position": {"x": 512, "y": 428, "w": 40, "h": 56}}, {"index": 16, "name": "𓏲", "position": {"x": 606, "y": 423, "w": 22, "h": 43}}, {"index": 15, "name": "𓈖", "position": {"x": 634, "y": 417, "w": 33, "h": 13}}, {"index": 14, "name": "𓏌", "position": {"x": 648, "y": 436, "w": 21, "h": 40}}, {"index": 13, "name": "𓄚", "position": {"x": 689, "y": 419, "w": 79, "h": 49}}, {"index": 10, "name": "𓏲", "position": {"x": 750, "y": 417, "w": 35, "h": 62}}, {"index": 9, "name": "𓇋", "position": {"x": 798, "y": 407, "w": 21, "h": 62}}, {"index": 0, "name": "𓏲", "position": {"x": 821, "y": 421, "w": 29, "h": 67}}, {"index": 1, "name": "𓇓", "position": {"x": 843, "y": 420, "w": 51, "h": 53}}, {"index": 7, "name": "𓅓𓁹", "position": {"x": 881, "y": 427, "w": 81, "h": 52}}, {"index": 6, "name": "𓏛", "position": {"x": 973, "y": 429, "w": 27, "h": 46}}, {"index": 3, "name": "𓏴", "position": {"x": 1008, "y": 450, "w": 42, "h": 21}}, {"index": 4, "name": "𓐍", "position": {"x": 1008, "y": 424, "w": 47, "h": 25}}, {"index": 2, "name": "𓍋𓃀", "position": {"x": 1059, "y": 425, "w": 84, "h": 61}}]}, {"index": 8, "name": "9", "points": [{"x": 1066, "y": 535}, {"x": 1107, "y": 538}, {"x": 1131, "y": 541}, {"x": 1135, "y": 521}, {"x": 1141, "y": 498}, {"x": 1145, "y": 485}, {"x": 1119, "y": 490}, {"x": 1106, "y": 485}, {"x": 1015, "y": 478}, {"x": 948, "y": 481}, {"x": 935, "y": 483}, {"x": 903, "y": 463}, {"x": 816, "y": 493}, {"x": 805, "y": 474}, {"x": 767, "y": 470}, {"x": 748, "y": 482}, {"x": 738, "y": 467}, {"x": 696, "y": 472}, {"x": 691, "y": 462}, {"x": 647, "y": 482}, {"x": 606, "y": 467}, {"x": 529, "y": 480}, {"x": 514, "y": 486}, {"x": 507, "y": 487}, {"x": 495, "y": 486}, {"x": 441, "y": 478}, {"x": 413, "y": 484}, {"x": 400, "y": 527}, {"x": 411, "y": 564}, {"x": 430, "y": 565}, {"x": 455, "y": 544}, {"x": 506, "y": 541}, {"x": 580, "y": 538}, {"x": 594, "y": 524}, {"x": 634, "y": 528}, {"x": 687, "y": 534}, {"x": 739, "y": 532}, {"x": 764, "y": 535}, {"x": 769, "y": 542}, {"x": 771, "y": 544}, {"x": 781, "y": 535}, {"x": 833, "y": 535}, {"x": 896, "y": 539}, {"x": 983, "y": 535}, {"x": 998, "y": 562}, {"x": 1008, "y": 558}, {"x": 1031, "y": 532}], "direction": "hrl", "glyphs": [{"index": 21, "name": "𓂝", "position": {"x": 406, "y": 520, "w": 52, "h": 40}}, {"index": 17, "name": "𓐍", "position": {"x": 492, "y": 483, "w": 41, "h": 23}}, {"index": 16, "name": "𓏏", "position": {"x": 497, "y": 517, "w": 23, "h": 13}}, {"index": 14, "name": "𓏏𓐰𓏭", "position": {"x": 588, "y": 470, "w": 24, "h": 52}}, {"index": 13, "name": "𓅨𓐰𓂋", "position": {"x": 622, "y": 467, "w": 73, "h": 64}}, {"index": 10, "name": "𓇯", "position": {"x": 701, "y": 477, "w": 43, "h": 49}}, {"index": 9, "name": "𓏏𓐰𓏭", "position": {"x": 747, "y": 477, "w": 18, "h": 55}}, {"index": 8, "name": "𓏲", "position": {"x": 770, "y": 481, "w": 34, "h": 61}}, {"index": 7, "name": "𓂋", "position": {"x": 807, "y": 500, "w": 48, "h": 30}}, {"index": 6, "name": "𓅪𓐰𓏥", "position": {"x": 858, "y": 468, "w": 44, "h": 64}}, {"index": 5, "name": "𓏲", "position": {"x": 905, "y": 483, "w": 21, "h": 42}}, {"index": 4, "name": "𓅓", "position": {"x": 932, "y": 487, "w": 28, "h": 42}}, {"index": 3, "name": "𓅠", "position": {"x": 960, "y": 481, "w": 56, "h": 40}}, {"index": 2, "name": "𓅓", "position": {"x": 1000, "y": 487, "w": 41, "h": 72}}]}, {"index": 9, "name": "10", "points": [{"x": 1132, "y": 545}, {"x": 1129, "y": 593}, {"x": 1128, "y": 603}, {"x": 1036, "y": 610}, {"x": 974, "y": 600}, {"x": 917, "y": 603}, {"x": 891, "y": 594}, {"x": 859, "y": 605}, {"x": 810, "y": 597}, {"x": 744, "y": 599}, {"x": 649, "y": 590}, {"x": 591, "y": 591}, {"x": 559, "y": 599}, {"x": 518, "y": 610}, {"x": 455, "y": 611}, {"x": 431, "y": 605}, {"x": 434, "y": 557}, {"x": 457, "y": 544}, {"x": 509, "y": 540}, {"x": 577, "y": 538}, {"x": 595, "y": 525}, {"x": 685, "y": 534}, {"x": 743, "y": 530}, {"x": 762, "y": 535}, {"x": 771, "y": 543}, {"x": 782, "y": 535}, {"x": 858, "y": 536}, {"x": 913, "y": 540}, {"x": 989, "y": 530}, {"x": 998, "y": 561}, {"x": 1002, "y": 562}, {"x": 1009, "y": 557}, {"x": 1031, "y": 533}, {"x": 1072, "y": 537}, {"x": 1096, "y": 535}], "direction": "hrl", "glyphs": [{"index": 21, "name": "𓏥", "position": {"x": 439, "y": 586, "w": 43, "h": 21}}, {"index": 20, "name": "𓀀", "position": {"x": 481, "y": 571, "w": 37, "h": 20}}, {"index": 19, "name": "𓏏", "position": {"x": 484, "y": 545, "w": 24, "h": 19}}, {"index": 18, "name": "𓊪", "position": {"x": 519, "y": 545, "w": 48, "h": 25}}, {"index": 17, "name": "𓂝", "position": {"x": 526, "y": 576, "w": 39, "h": 23}}, {"index": 14, "name": "𓏏", "position": {"x": 633, "y": 558, "w": 16, "h": 25}}, {"index": 10, "name": "𓏤", "position": {"x": 799, "y": 539, "w": 12, "h": 51}}, {"index": 6, "name": "𓏥", "position": {"x": 901, "y": 581, "w": 39, "h": 16}}, {"index": 7, "name": "𓀀", "position": {"x": 901, "y": 547, "w": 38, "h": 17}}, {"index": 5, "name": "𓀙", "position": {"x": 943, "y": 539, "w": 44, "h": 56}}]}, {"index": 10, "name": "11", "points": [{"x": 1128, "y": 614}, {"x": 1131, "y": 682}, {"x": 1082, "y": 680}, {"x": 1009, "y": 676}, {"x": 993, "y": 677}, {"x": 987, "y": 682}, {"x": 976, "y": 675}, {"x": 902, "y": 666}, {"x": 822, "y": 674}, {"x": 799, "y": 663}, {"x": 742, "y": 680}, {"x": 739, "y": 686}, {"x": 728, "y": 681}, {"x": 694, "y": 660}, {"x": 598, "y": 660}, {"x": 551, "y": 687}, {"x": 552, "y": 711}, {"x": 556, "y": 718}, {"x": 556, "y": 720}, {"x": 543, "y": 722}, {"x": 539, "y": 720}, {"x": 532, "y": 709}, {"x": 510, "y": 689}, {"x": 440, "y": 668}, {"x": 430, "y": 637}, {"x": 460, "y": 611}, {"x": 524, "y": 609}, {"x": 583, "y": 592}, {"x": 619, "y": 591}, {"x": 734, "y": 599}, {"x": 812, "y": 597}, {"x": 862, "y": 608}, {"x": 890, "y": 594}, {"x": 928, "y": 603}, {"x": 984, "y": 598}, {"x": 1039, "y": 610}], "direction": "hrl", "glyphs": [{"index": 17, "name": "𓀀𓐰𓏥", "position": {"x": 442, "y": 619, "w": 34, "h": 42}}, {"index": 16, "name": "𓀎", "position": {"x": 481, "y": 616, "w": 69, "h": 49}}, {"index": 12, "name": "𓃀𓐰𓂻", "position": {"x": 616, "y": 596, "w": 92, "h": 55}}, {"index": 11, "name": "𓈖", "position": {"x": 622, "y": 633, "w": 45, "h": 18}}, {"index": 10, "name": "𓊄", "position": {"x": 708, "y": 609, "w": 54, "h": 38}}, {"index": 9, "name": "𓆑", "position": {"x": 736, "y": 634, "w": 73, "h": 49}}, {"index": 8, "name": "𓂋", "position": {"x": 769, "y": 602, "w": 41, "h": 30}}, {"index": 7, "name": "𓏏", "position": {"x": 829, "y": 637, "w": 14, "h": 19}}, {"index": 6, "name": "𓋴", "position": {"x": 843, "y": 608, "w": 27, "h": 57}}, {"index": 5, "name": "𓇋", "position": {"x": 877, "y": 600, "w": 33, "h": 62}}, {"index": 4, "name": "𓏥", "position": {"x": 903, "y": 638, "w": 41, "h": 25}}, {"index": 3, "name": "𓀁", "position": {"x": 949, "y": 605, "w": 46, "h": 58}}]}, {"index": 11, "name": "12", "points": [{"x": 1132, "y": 687}, {"x": 1134, "y": 744}, {"x": 1029, "y": 755}, {"x": 808, "y": 745}, {"x": 677, "y": 737}, {"x": 623, "y": 772}, {"x": 570, "y": 751}, {"x": 518, "y": 731}, {"x": 511, "y": 708}, {"x": 528, "y": 704}, {"x": 539, "y": 717}, {"x": 544, "y": 722}, {"x": 552, "y": 720}, {"x": 553, "y": 711}, {"x": 553, "y": 679}, {"x": 609, "y": 659}, {"x": 700, "y": 660}, {"x": 737, "y": 686}, {"x": 746, "y": 679}, {"x": 805, "y": 661}, {"x": 875, "y": 672}, {"x": 961, "y": 668}, {"x": 984, "y": 676}, {"x": 999, "y": 677}, {"x": 1083, "y": 680}], "direction": "hrl", "glyphs": [{"index": 12, "name": "𓅭", "position": {"x": 623, "y": 666, "w": 72, "h": 36}}, {"index": 11, "name": "𓆑", "position": {"x": 627, "y": 701, "w": 69, "h": 57}}, {"index": 10, "name": "𓈉", "position": {"x": 706, "y": 684, "w": 48, "h": 37}}, {"index": 9, "name": "𓏥", "position": {"x": 761, "y": 702, "w": 46, "h": 19}}, {"index": 8, "name": "𓁐", "position": {"x": 763, "y": 668, "w": 37, "h": 25}}, {"index": 7, "name": "𓀀", "position": {"x": 819, "y": 695, "w": 32, "h": 20}}, {"index": 6, "name": "𓌙", "position": {"x": 858, "y": 677, "w": 18, "h": 60}}, {"index": 5, "name": "𓇋", "position": {"x": 889, "y": 675, "w": 24, "h": 69}}, {"index": 4, "name": "𓎛", "position": {"x": 916, "y": 675, "w": 21, "h": 63}}, {"index": 3, "name": "𓅓", "position": {"x": 933, "y": 687, "w": 28, "h": 54}}, {"index": 2, "name": "𓍘", "position": {"x": 971, "y": 677, "w": 24, "h": 63}}, {"index": 1, "name": "𓏤", "position": {"x": 1025, "y": 704, "w": 12, "h": 40}}]}, {"index": 12, "name": "13", "points": [{"x": 2172, "y": 964}, {"x": 2170, "y": 1033}, {"x": 2130, "y": 1049}, {"x": 2098, "y": 1049}, {"x": 2080, "y": 1058}, {"x": 2071, "y": 1057}, {"x": 2045, "y": 1039}, {"x": 1966, "y": 1041}, {"x": 1940, "y": 1035}, {"x": 1826, "y": 1037}, {"x": 1788, "y": 1032}, {"x": 1753, "y": 1031}, {"x": 1674, "y": 1031}, {"x": 1642, "y": 1042}, {"x": 1584, "y": 1026}, {"x": 1564, "y": 1030}, {"x": 1541, "y": 1019}, {"x": 1464, "y": 1019}, {"x": 1400, "y": 1013}, {"x": 1403, "y": 960}, {"x": 1471, "y": 930}, {"x": 1650, "y": 944}, {"x": 1884, "y": 942}, {"x": 2064, "y": 950}], "direction": "hrl", "glyphs": [{"index": 20, "name": "𓄿𓃀𓂻", "position": {"x": 1409, "y": 949, "w": 122, "h": 61}}, {"index": 17, "name": "𓏲", "position": {"x": 1569, "y": 974, "w": 32, "h": 51}}, {"index": 15, "name": "𓇓", "position": {"x": 1599, "y": 963, "w": 41, "h": 64}}, {"index": 14, "name": "𓍘", "position": {"x": 1644, "y": 963, "w": 26, "h": 67}}, {"index": 13, "name": "𓍸", "position": {"x": 1670, "y": 969, "w": 40, "h": 54}}, {"index": 12, "name": "𓊃", "position": {"x": 1701, "y": 970, "w": 61, "h": 24}}, {"index": 11, "name": "𓈖", "position": {"x": 1712, "y": 1001, "w": 53, "h": 15}}, {"index": 10, "name": "𓂋𓐰𓏏", "position": {"x": 1767, "y": 965, "w": 27, "h": 64}}, {"index": 9, "name": "𓋴", "position": {"x": 1800, "y": 959, "w": 25, "h": 70}}, {"index": 8, "name": "𓄊", "position": {"x": 1827, "y": 957, "w": 37, "h": 66}}, {"index": 7, "name": "𓍷", "position": {"x": 1849, "y": 968, "w": 37, "h": 58}}, {"index": 6, "name": "𓄤", "position": {"x": 1902, "y": 962, "w": 28, "h": 63}}, {"index": 5, "name": "𓊹", "position": {"x": 1938, "y": 956, "w": 33, "h": 72}}, {"index": 4, "name": "𓂋𓐰𓏭", "position": {"x": 1975, "y": 974, "w": 38, "h": 58}}, {"index": 2, "name": "𓇋", "position": {"x": 2022, "y": 968, "w": 21, "h": 68}}, {"index": 21, "name": "𓇯", "position": {"x": 2043, "y": 989, "w": 44, "h": 47}}, {"index": 22, "name": "𓏭", "position": {"x": 2061, "y": 971, "w": 22, "h": 22}}, {"index": 1, "name": "𓁷𓐰𓂋", "position": {"x": 2076, "y": 967, "w": 60, "h": 88}}, {"index": 0, "name": "𓅓", "position": {"x": 2134, "y": 976, "w": 31, "h": 56}}]}, {"index": 13, "name": "14", "points": [{"x": 2159, "y": 1047}, {"x": 2162, "y": 1106}, {"x": 2122, "y": 1111}, {"x": 2028, "y": 1108}, {"x": 2011, "y": 1100}, {"x": 1994, "y": 1108}, {"x": 1983, "y": 1118}, {"x": 1958, "y": 1104}, {"x": 1940, "y": 1103}, {"x": 1927, "y": 1108}, {"x": 1909, "y": 1102}, {"x": 1870, "y": 1100}, {"x": 1823, "y": 1107}, {"x": 1776, "y": 1104}, {"x": 1698, "y": 1099}, {"x": 1695, "y": 1099}, {"x": 1687, "y": 1103}, {"x": 1672, "y": 1105}, {"x": 1661, "y": 1100}, {"x": 1637, "y": 1112}, {"x": 1619, "y": 1121}, {"x": 1618, "y": 1116}, {"x": 1623, "y": 1111}, {"x": 1619, "y": 1101}, {"x": 1564, "y": 1107}, {"x": 1554, "y": 1098}, {"x": 1531, "y": 1102}, {"x": 1505, "y": 1102}, {"x": 1499, "y": 1096}, {"x": 1450, "y": 1114}, {"x": 1441, "y": 1111}, {"x": 1410, "y": 1094}, {"x": 1344, "y": 1084}, {"x": 1324, "y": 1061}, {"x": 1345, "y": 1032}, {"x": 1455, "y": 1021}, {"x": 1513, "y": 1022}, {"x": 1556, "y": 1023}, {"x": 1570, "y": 1029}, {"x": 1583, "y": 1034}, {"x": 1575, "y": 1045}, {"x": 1576, "y": 1054}, {"x": 1598, "y": 1062}, {"x": 1606, "y": 1037}, {"x": 1640, "y": 1040}, {"x": 1711, "y": 1028}, {"x": 1768, "y": 1033}, {"x": 1820, "y": 1033}, {"x": 1871, "y": 1035}, {"x": 1954, "y": 1035}, {"x": 2045, "y": 1043}, {"x": 2074, "y": 1048}, {"x": 2080, "y": 1044}, {"x": 2097, "y": 1042}, {"x": 2106, "y": 1052}], "direction": "hrl", "glyphs": [{"index": 24, "name": "𓈉", "position": {"x": 1336, "y": 1037, "w": 39, "h": 33}}, {"index": 23, "name": "𓏥", "position": {"x": 1384, "y": 1063, "w": 42, "h": 17}}, {"index": 22, "name": "𓁐", "position": {"x": 1390, "y": 1031, "w": 29, "h": 21}}, {"index": 21, "name": "𓀀", "position": {"x": 1430, "y": 1048, "w": 25, "h": 17}}, {"index": 20, "name": "𓏲", "position": {"x": 1447, "y": 1051, "w": 46, "h": 61}}, {"index": 19, "name": "𓌙", "position": {"x": 1455, "y": 1026, "w": 18, "h": 63}}, {"index": 18, "name": "𓈖", "position": {"x": 1472, "y": 1033, "w": 47, "h": 25}}, {"index": 17, "name": "𓏌", "position": {"x": 1496, "y": 1053, "w": 24, "h": 46}}, {"index": 2, "name": "𓋣", "position": {"x": 1525, "y": 1028, "w": 53, "h": 74}}, {"index": 14, "name": "𓏥", "position": {"x": 1585, "y": 1078, "w": 40, "h": 20}}, {"index": 13, "name": "𓏲", "position": {"x": 1606, "y": 1041, "w": 11, "h": 32}}, {"index": 11, "name": "𓌪", "position": {"x": 1698, "y": 1036, "w": 66, "h": 36}}, {"index": 10, "name": "𓂝", "position": {"x": 1712, "y": 1069, "w": 47, "h": 26}}, {"index": 9, "name": "𓈎𓐰𓂋", "position": {"x": 1761, "y": 1036, "w": 46, "h": 65}}, {"index": 8, "name": "𓋴", "position": {"x": 1811, "y": 1040, "w": 22, "h": 58}}, {"index": 7, "name": "𓂋", "position": {"x": 1838, "y": 1062, "w": 46, "h": 31}}, {"index": 6, "name": "𓏥", "position": {"x": 1883, "y": 1081, "w": 40, "h": 12}}, {"index": 5, "name": "𓈉𓐰𓏏", "position": {"x": 1900, "y": 1041, "w": 51, "h": 64}}, {"index": 4, "name": "𓂝", "position": {"x": 1956, "y": 1077, "w": 48, "h": 37}}, {"index": 3, "name": "𓏏", "position": {"x": 1964, "y": 1050, "w": 28, "h": 19}}, {"index": 15, "name": "𓀝", "position": {"x": 1985, "y": 1050, "w": 89, "h": 54}}, {"index": 1, "name": "𓎛", "position": {"x": 2080, "y": 1046, "w": 18, "h": 62}}, {"index": 0, "name": "𓂋", "position": {"x": 2107, "y": 1070, "w": 49, "h": 36}}]}, {"index": 14, "name": "15", "points": [{"x": 2163, "y": 1115}, {"x": 2162, "y": 1186}, {"x": 2133, "y": 1183}, {"x": 2097, "y": 1175}, {"x": 2085, "y": 1168}, {"x": 2066, "y": 1180}, {"x": 2040, "y": 1167}, {"x": 1990, "y": 1179}, {"x": 1980, "y": 1164}, {"x": 1933, "y": 1170}, {"x": 1864, "y": 1163}, {"x": 1833, "y": 1173}, {"x": 1819, "y": 1192}, {"x": 1815, "y": 1198}, {"x": 1810, "y": 1197}, {"x": 1810, "y": 1189}, {"x": 1816, "y": 1170}, {"x": 1802, "y": 1159}, {"x": 1738, "y": 1164}, {"x": 1706, "y": 1176}, {"x": 1698, "y": 1187}, {"x": 1689, "y": 1191}, {"x": 1686, "y": 1185}, {"x": 1694, "y": 1179}, {"x": 1699, "y": 1171}, {"x": 1687, "y": 1160}, {"x": 1639, "y": 1166}, {"x": 1620, "y": 1172}, {"x": 1604, "y": 1169}, {"x": 1567, "y": 1165}, {"x": 1548, "y": 1177}, {"x": 1509, "y": 1160}, {"x": 1475, "y": 1172}, {"x": 1423, "y": 1160}, {"x": 1373, "y": 1155}, {"x": 1399, "y": 1104}, {"x": 1432, "y": 1105}, {"x": 1449, "y": 1116}, {"x": 1498, "y": 1097}, {"x": 1514, "y": 1104}, {"x": 1550, "y": 1098}, {"x": 1567, "y": 1108}, {"x": 1622, "y": 1101}, {"x": 1626, "y": 1109}, {"x": 1620, "y": 1122}, {"x": 1633, "y": 1117}, {"x": 1661, "y": 1102}, {"x": 1670, "y": 1103}, {"x": 1684, "y": 1103}, {"x": 1690, "y": 1102}, {"x": 1698, "y": 1099}, {"x": 1805, "y": 1107}, {"x": 1856, "y": 1100}, {"x": 1913, "y": 1100}, {"x": 1928, "y": 1109}, {"x": 1944, "y": 1101}, {"x": 1976, "y": 1114}, {"x": 1983, "y": 1115}, {"x": 1993, "y": 1107}, {"x": 2018, "y": 1101}, {"x": 2091, "y": 1113}], "direction": "hrl", "glyphs": [{"index": 24, "name": "𓏥", "position": {"x": 1396, "y": 1137, "w": 47, "h": 14}}, {"index": 23, "name": "𓁐", "position": {"x": 1397, "y": 1108, "w": 38, "h": 20}}, {"index": 22, "name": "𓀀", "position": {"x": 1445, "y": 1117, "w": 21, "h": 20}}, {"index": 21, "name": "𓌙", "position": {"x": 1479, "y": 1100, "w": 19, "h": 68}}, {"index": 20, "name": "𓈖𓐰𓐍", "position": {"x": 1496, "y": 1112, "w": 42, "h": 46}}, {"index": 19, "name": "𓋹", "position": {"x": 1535, "y": 1103, "w": 24, "h": 68}}, {"index": 17, "name": "𓌪", "position": {"x": 1568, "y": 1109, "w": 54, "h": 43}}, {"index": 16, "name": "𓂝", "position": {"x": 1591, "y": 1141, "w": 40, "h": 29}}, {"index": 15, "name": "𓈎𓐰𓂋", "position": {"x": 1632, "y": 1103, "w": 46, "h": 52}}, {"index": 5, "name": "𓋴", "position": {"x": 1682, "y": 1101, "w": 23, "h": 61}}, {"index": 14, "name": "𓆑", "position": {"x": 1689, "y": 1136, "w": 43, "h": 52}}, {"index": 13, "name": "𓈖", "position": {"x": 1732, "y": 1138, "w": 39, "h": 16}}, {"index": 12, "name": "𓈖", "position": {"x": 1734, "y": 1113, "w": 35, "h": 22}}, {"index": 11, "name": "𓏎", "position": {"x": 1773, "y": 1111, "w": 40, "h": 42}}, {"index": 10, "name": "𓆑", "position": {"x": 1810, "y": 1130, "w": 55, "h": 67}}, {"index": 9, "name": "𓂻", "position": {"x": 1813, "y": 1109, "w": 66, "h": 20}}, {"index": 8, "name": "𓇋", "position": {"x": 1883, "y": 1104, "w": 18, "h": 55}}, {"index": 7, "name": "𓇋", "position": {"x": 1906, "y": 1106, "w": 21, "h": 53}}, {"index": 6, "name": "𓂝𓇍", "position": {"x": 1932, "y": 1105, "w": 83, "h": 70}}, {"index": 4, "name": "𓅓", "position": {"x": 1982, "y": 1107, "w": 26, "h": 38}}, {"index": 3, "name": "𓈞", "position": {"x": 2022, "y": 1120, "w": 35, "h": 40}}, {"index": 2, "name": "𓏲", "position": {"x": 2062, "y": 1127, "w": 22, "h": 48}}, {"index": 1, "name": "𓇓", "position": {"x": 2086, "y": 1119, "w": 35, "h": 54}}, {"index": 0, "name": "𓍘", "position": {"x": 2133, "y": 1119, "w": 23, "h": 60}}]}, {"index": 15, "name": "16", "points": [{"x": 2160, "y": 1192}, {"x": 2159, "y": 1228}, {"x": 2147, "y": 1233}, {"x": 2131, "y": 1235}, {"x": 2109, "y": 1236}, {"x": 2090, "y": 1233}, {"x": 2050, "y": 1237}, {"x": 2001, "y": 1240}, {"x": 1957, "y": 1241}, {"x": 1878, "y": 1235}, {"x": 1857, "y": 1232}, {"x": 1842, "y": 1224}, {"x": 1817, "y": 1232}, {"x": 1787, "y": 1232}, {"x": 1729, "y": 1233}, {"x": 1664, "y": 1231}, {"x": 1648, "y": 1223}, {"x": 1600, "y": 1234}, {"x": 1549, "y": 1236}, {"x": 1545, "y": 1238}, {"x": 1539, "y": 1238}, {"x": 1530, "y": 1219}, {"x": 1497, "y": 1231}, {"x": 1458, "y": 1225}, {"x": 1445, "y": 1236}, {"x": 1421, "y": 1231}, {"x": 1386, "y": 1230}, {"x": 1364, "y": 1188}, {"x": 1420, "y": 1166}, {"x": 1475, "y": 1171}, {"x": 1508, "y": 1160}, {"x": 1547, "y": 1175}, {"x": 1566, "y": 1167}, {"x": 1599, "y": 1165}, {"x": 1629, "y": 1178}, {"x": 1668, "y": 1160}, {"x": 1695, "y": 1164}, {"x": 1699, "y": 1169}, {"x": 1702, "y": 1172}, {"x": 1711, "y": 1178}, {"x": 1768, "y": 1164}, {"x": 1814, "y": 1169}, {"x": 1814, "y": 1186}, {"x": 1827, "y": 1189}, {"x": 1838, "y": 1172}, {"x": 1865, "y": 1164}, {"x": 1946, "y": 1169}, {"x": 1983, "y": 1163}, {"x": 1992, "y": 1180}, {"x": 2035, "y": 1166}, {"x": 2067, "y": 1181}, {"x": 2084, "y": 1167}, {"x": 2095, "y": 1191}, {"x": 2098, "y": 1202}, {"x": 2115, "y": 1206}], "direction": "hrl", "glyphs": [{"index": 8, "name": "𓋴", "position": {"x": 1419, "y": 1172, "w": 29, "h": 62}}, {"index": 11, "name": "𓈐", "position": {"x": 1446, "y": 1165, "w": 65, "h": 34}}, {"index": 21, "name": "𓏥", "position": {"x": 1460, "y": 1208, "w": 49, "h": 21}}, {"index": 20, "name": "𓏲", "position": {"x": 1511, "y": 1175, "w": 16, "h": 39}}, {"index": 16, "name": "𓎟", "position": {"x": 1620, "y": 1170, "w": 86, "h": 37}}, {"index": 15, "name": "𓏏", "position": {"x": 1657, "y": 1213, "w": 18, "h": 15}}, {"index": 14, "name": "𓃒", "position": {"x": 1694, "y": 1172, "w": 52, "h": 42}}, {"index": 13, "name": "𓏥", "position": {"x": 1697, "y": 1217, "w": 51, "h": 13}}, {"index": 10, "name": "𓏏", "position": {"x": 1754, "y": 1204, "w": 14, "h": 22}}, {"index": 9, "name": "𓏠𓐰𓈖", "position": {"x": 1778, "y": 1172, "w": 54, "h": 58}}, {"index": 7, "name": "𓏠𓐰𓈖", "position": {"x": 1833, "y": 1172, "w": 44, "h": 57}}, {"index": 6, "name": "𓏥", "position": {"x": 1884, "y": 1208, "w": 43, "h": 19}}, {"index": 5, "name": "𓁐", "position": {"x": 1889, "y": 1176, "w": 33, "h": 23}}, {"index": 4, "name": "𓀀", "position": {"x": 1937, "y": 1191, "w": 16, "h": 20}}, {"index": 3, "name": "𓌙", "position": {"x": 1963, "y": 1169, "w": 18, "h": 63}}, {"index": 24, "name": "𓏲", "position": {"x": 1976, "y": 1177, "w": 33, "h": 51}}, {"index": 2, "name": "𓈖", "position": {"x": 2011, "y": 1178, "w": 43, "h": 14}}, {"index": 1, "name": "𓏌", "position": {"x": 2025, "y": 1195, "w": 21, "h": 41}}, {"index": 0, "name": "𓋣", "position": {"x": 2050, "y": 1173, "w": 59, "h": 62}}, {"index": 23, "name": "𓈖", "position": {"x": 2108, "y": 1207, "w": 46, "h": 24}}]}, {"index": 16, "name": "17", "points": [{"x": 2134, "y": 1239}, {"x": 2158, "y": 1239}, {"x": 2149, "y": 1300}, {"x": 2143, "y": 1307}, {"x": 2134, "y": 1311}, {"x": 2132, "y": 1292}, {"x": 2118, "y": 1293}, {"x": 2104, "y": 1314}, {"x": 2074, "y": 1313}, {"x": 2055, "y": 1304}, {"x": 1997, "y": 1311}, {"x": 1988, "y": 1303}, {"x": 1926, "y": 1293}, {"x": 1873, "y": 1291}, {"x": 1848, "y": 1301}, {"x": 1819, "y": 1294}, {"x": 1770, "y": 1301}, {"x": 1755, "y": 1287}, {"x": 1705, "y": 1285}, {"x": 1641, "y": 1284}, {"x": 1573, "y": 1289}, {"x": 1530, "y": 1298}, {"x": 1503, "y": 1291}, {"x": 1406, "y": 1296}, {"x": 1397, "y": 1290}, {"x": 1397, "y": 1241}, {"x": 1410, "y": 1231}, {"x": 1446, "y": 1235}, {"x": 1464, "y": 1225}, {"x": 1503, "y": 1232}, {"x": 1514, "y": 1228}, {"x": 1531, "y": 1217}, {"x": 1540, "y": 1223}, {"x": 1551, "y": 1232}, {"x": 1581, "y": 1231}, {"x": 1609, "y": 1232}, {"x": 1624, "y": 1226}, {"x": 1651, "y": 1224}, {"x": 1675, "y": 1233}, {"x": 1783, "y": 1237}, {"x": 1815, "y": 1233}, {"x": 1843, "y": 1224}, {"x": 1866, "y": 1234}, {"x": 1985, "y": 1240}, {"x": 2040, "y": 1240}, {"x": 2081, "y": 1239}, {"x": 2089, "y": 1250}, {"x": 2098, "y": 1247}, {"x": 2103, "y": 1246}, {"x": 2106, "y": 1247}, {"x": 2116, "y": 1251}], "direction": "hrl", "glyphs": [{"index": 20, "name": "𓏥", "position": {"x": 1475, "y": 1261, "w": 42, "h": 24}}, {"index": 19, "name": "𓈖", "position": {"x": 1478, "y": 1233, "w": 29, "h": 17}}, {"index": 18, "name": "𓋴", "position": {"x": 1518, "y": 1225, "w": 28, "h": 70}}, {"index": 17, "name": "𓂻", "position": {"x": 1546, "y": 1248, "w": 54, "h": 26}}, {"index": 14, "name": "𓉔", "position": {"x": 1691, "y": 1241, "w": 50, "h": 44}}, {"index": 12, "name": "𓉐", "position": {"x": 1749, "y": 1245, "w": 36, "h": 48}}, {"index": 11, "name": "𓍉", "position": {"x": 1789, "y": 1228, "w": 76, "h": 37}}, {"index": 9, "name": "𓎂", "position": {"x": 1800, "y": 1271, "w": 66, "h": 21}}, {"index": 7, "name": "𓏤", "position": {"x": 1871, "y": 1238, "w": 14, "h": 47}}, {"index": 6, "name": "𓏌", "position": {"x": 1893, "y": 1248, "w": 27, "h": 42}}, {"index": 5, "name": "𓀀𓐰𓏥", "position": {"x": 1929, "y": 1248, "w": 27, "h": 31}}, {"index": 4, "name": "𓀙", "position": {"x": 1958, "y": 1244, "w": 55, "h": 49}}, {"index": 3, "name": "𓏲", "position": {"x": 1995, "y": 1249, "w": 43, "h": 60}}, {"index": 1, "name": "𓍋", "position": {"x": 2087, "y": 1246, "w": 23, "h": 65}}, {"index": 0, "name": "𓋴", "position": {"x": 2120, "y": 1244, "w": 26, "h": 66}}]}, {"index": 17, "name": "18", "points": [{"x": 2167, "y": 1302}, {"x": 2170, "y": 1322}, {"x": 2163, "y": 1349}, {"x": 2161, "y": 1384}, {"x": 2131, "y": 1391}, {"x": 2105, "y": 1374}, {"x": 2095, "y": 1378}, {"x": 2008, "y": 1372}, {"x": 1914, "y": 1381}, {"x": 1845, "y": 1378}, {"x": 1694, "y": 1366}, {"x": 1531, "y": 1369}, {"x": 1490, "y": 1373}, {"x": 1444, "y": 1411}, {"x": 1420, "y": 1402}, {"x": 1460, "y": 1306}, {"x": 1509, "y": 1296}, {"x": 1531, "y": 1297}, {"x": 1561, "y": 1295}, {"x": 1595, "y": 1284}, {"x": 1688, "y": 1285}, {"x": 1753, "y": 1289}, {"x": 1773, "y": 1299}, {"x": 1811, "y": 1293}, {"x": 1847, "y": 1299}, {"x": 1879, "y": 1289}, {"x": 1906, "y": 1296}, {"x": 1939, "y": 1290}, {"x": 1988, "y": 1303}, {"x": 1999, "y": 1312}, {"x": 2054, "y": 1304}, {"x": 2075, "y": 1313}, {"x": 2104, "y": 1314}, {"x": 2118, "y": 1294}, {"x": 2133, "y": 1292}, {"x": 2135, "y": 1306}, {"x": 2148, "y": 1305}], "direction": "hrl", "glyphs": [{"index": 19, "name": "𓂋", "position": {"x": 1444, "y": 1314, "w": 59, "h": 86}}, {"index": 18, "name": "𓆣", "position": {"x": 1501, "y": 1298, "w": 52, "h": 58}}, {"index": 16, "name": "𓏛𓐰𓏥", "position": {"x": 1567, "y": 1293, "w": 37, "h": 56}}, {"index": 13, "name": "𓅭𓐰𓀀", "position": {"x": 1700, "y": 1295, "w": 56, "h": 51}}, {"index": 12, "name": "𓈖", "position": {"x": 1760, "y": 1334, "w": 39, "h": 11}}, {"index": 11, "name": "𓏏", "position": {"x": 1770, "y": 1305, "w": 17, "h": 25}}, {"index": 10, "name": "𓇓", "position": {"x": 1790, "y": 1298, "w": 43, "h": 60}}, {"index": 9, "name": "𓐍", "position": {"x": 1845, "y": 1293, "w": 47, "h": 29}}, {"index": 8, "name": "𓏛", "position": {"x": 1860, "y": 1331, "w": 33, "h": 39}}, {"index": 7, "name": "𓂋", "position": {"x": 1899, "y": 1322, "w": 50, "h": 31}}, {"index": 6, "name": "𓏏", "position": {"x": 1917, "y": 1298, "w": 20, "h": 18}}, {"index": 5, "name": "𓂝", "position": {"x": 1952, "y": 1335, "w": 52, "h": 27}}, {"index": 4, "name": "𓂋", "position": {"x": 1959, "y": 1307, "w": 38, "h": 33}}, {"index": 3, "name": "𓈉𓐰𓂋", "position": {"x": 2010, "y": 1307, "w": 49, "h": 59}}, {"index": 2, "name": "𓏏", "position": {"x": 2078, "y": 1319, "w": 30, "h": 24}}, {"index": 1, "name": "𓏭", "position": {"x": 2085, "y": 1348, "w": 20, "h": 26}}]}, {"index": 18, "name": "19", "points": [{"x": 1172, "y": 950}, {"x": 1257, "y": 966}, {"x": 1235, "y": 1036}, {"x": 1177, "y": 1043}, {"x": 1108, "y": 1033}, {"x": 1064, "y": 1034}, {"x": 1040, "y": 1025}, {"x": 1015, "y": 1032}, {"x": 940, "y": 1011}, {"x": 881, "y": 1016}, {"x": 821, "y": 1012}, {"x": 800, "y": 1014}, {"x": 795, "y": 1016}, {"x": 785, "y": 1024}, {"x": 774, "y": 1033}, {"x": 764, "y": 1034}, {"x": 751, "y": 1015}, {"x": 693, "y": 1028}, {"x": 679, "y": 1012}, {"x": 673, "y": 1012}, {"x": 669, "y": 1010}, {"x": 661, "y": 1012}, {"x": 598, "y": 1001}, {"x": 560, "y": 1015}, {"x": 535, "y": 997}, {"x": 481, "y": 1010}, {"x": 401, "y": 993}, {"x": 381, "y": 983}, {"x": 414, "y": 938}, {"x": 499, "y": 927}, {"x": 731, "y": 942}, {"x": 837, "y": 934}, {"x": 1056, "y": 948}], "direction": "hrl", "glyphs": [{"index": 24, "name": "𓈐", "position": {"x": 393, "y": 961, "w": 54, "h": 25}}, {"index": 23, "name": "𓏏", "position": {"x": 423, "y": 945, "w": 11, "h": 13}}, {"index": 16, "name": "𓄿", "position": {"x": 445, "y": 948, "w": 48, "h": 40}}, {"index": 22, "name": "𓍯", "position": {"x": 490, "y": 944, "w": 46, "h": 57}}, {"index": 21, "name": "𓏤", "position": {"x": 543, "y": 947, "w": 10, "h": 50}}, {"index": 20, "name": "𓁷", "position": {"x": 560, "y": 952, "w": 20, "h": 57}}, {"index": 19, "name": "𓀀𓏥", "position": {"x": 589, "y": 974, "w": 75, "h": 22}}, {"index": 18, "name": "𓂻", "position": {"x": 609, "y": 953, "w": 56, "h": 25}}, {"index": 17, "name": "𓅂", "position": {"x": 661, "y": 951, "w": 51, "h": 60}}, {"index": 15, "name": "𓏲", "position": {"x": 693, "y": 956, "w": 34, "h": 67}}, {"index": 11, "name": "𓊪", "position": {"x": 736, "y": 977, "w": 50, "h": 33}}, {"index": 14, "name": "𓄋", "position": {"x": 739, "y": 943, "w": 56, "h": 37}}, {"index": 13, "name": "𓏲", "position": {"x": 770, "y": 954, "w": 49, "h": 78}}, {"index": 12, "name": "𓇓", "position": {"x": 821, "y": 950, "w": 35, "h": 54}}, {"index": 1, "name": "𓅓𓐰𓈖", "position": {"x": 861, "y": 949, "w": 41, "h": 61}}, {"index": 2, "name": "𓅠", "position": {"x": 900, "y": 959, "w": 69, "h": 47}}, {"index": 4, "name": "𓉐", "position": {"x": 967, "y": 961, "w": 45, "h": 43}}, {"index": 10, "name": "𓏭", "position": {"x": 1015, "y": 990, "w": 23, "h": 37}}, {"index": 9, "name": "𓏏", "position": {"x": 1016, "y": 962, "w": 30, "h": 22}}, {"index": 8, "name": "𓍘", "position": {"x": 1056, "y": 963, "w": 20, "h": 66}}, {"index": 7, "name": "𓈖", "position": {"x": 1080, "y": 966, "w": 46, "h": 21}}, {"index": 6, "name": "𓏌", "position": {"x": 1090, "y": 988, "w": 31, "h": 34}}, {"index": 5, "name": "𓄚", "position": {"x": 1123, "y": 995, "w": 79, "h": 42}}, {"index": 3, "name": "𓂝", "position": {"x": 1141, "y": 962, "w": 58, "h": 29}}, {"index": 0, "name": "𓅓", "position": {"x": 1207, "y": 977, "w": 34, "h": 52}}]}, {"index": 19, "name": "20", "points": [{"x": 1237, "y": 1041}, {"x": 1244, "y": 1081}, {"x": 1269, "y": 1088}, {"x": 1248, "y": 1099}, {"x": 1200, "y": 1102}, {"x": 1134, "y": 1105}, {"x": 1105, "y": 1110}, {"x": 1050, "y": 1099}, {"x": 972, "y": 1100}, {"x": 936, "y": 1087}, {"x": 912, "y": 1091}, {"x": 888, "y": 1087}, {"x": 831, "y": 1075}, {"x": 795, "y": 1086}, {"x": 766, "y": 1069}, {"x": 699, "y": 1095}, {"x": 687, "y": 1077}, {"x": 606, "y": 1074}, {"x": 494, "y": 1064}, {"x": 467, "y": 1036}, {"x": 489, "y": 1004}, {"x": 518, "y": 1001}, {"x": 534, "y": 994}, {"x": 559, "y": 1015}, {"x": 596, "y": 1000}, {"x": 658, "y": 1013}, {"x": 669, "y": 1010}, {"x": 675, "y": 1013}, {"x": 694, "y": 1026}, {"x": 747, "y": 1014}, {"x": 768, "y": 1034}, {"x": 774, "y": 1033}, {"x": 784, "y": 1024}, {"x": 799, "y": 1013}, {"x": 850, "y": 1012}, {"x": 913, "y": 1019}, {"x": 1016, "y": 1031}, {"x": 1042, "y": 1025}, {"x": 1071, "y": 1035}, {"x": 1142, "y": 1042}, {"x": 1200, "y": 1042}], "direction": "hrl", "glyphs": [{"index": 17, "name": "𓊪𓐰𓊗", "position": {"x": 487, "y": 1004, "w": 57, "h": 55}}, {"index": 16, "name": "𓂜𓐰𓊃", "position": {"x": 558, "y": 1007, "w": 67, "h": 56}}, {"index": 5, "name": "𓇰", "position": {"x": 628, "y": 1011, "w": 59, "h": 56}}, {"index": 10, "name": "𓏭", "position": {"x": 676, "y": 1032, "w": 20, "h": 32}}, {"index": 13, "name": "𓏲", "position": {"x": 699, "y": 1036, "w": 28, "h": 52}}, {"index": 12, "name": "𓆼𓄿", "position": {"x": 733, "y": 1017, "w": 85, "h": 59}}, {"index": 11, "name": "𓇳", "position": {"x": 813, "y": 1023, "w": 46, "h": 32}}, {"index": 9, "name": "𓆵", "position": {"x": 868, "y": 1022, "w": 41, "h": 54}}, {"index": 8, "name": "𓏏𓐰𓂋", "position": {"x": 906, "y": 1028, "w": 37, "h": 57}}, {"index": 7, "name": "𓂋", "position": {"x": 949, "y": 1047, "w": 43, "h": 30}}, {"index": 6, "name": "𓏲", "position": {"x": 978, "y": 1042, "w": 35, "h": 56}}, {"index": 4, "name": "𓈖𓐰𓏥", "position": {"x": 1052, "y": 1050, "w": 37, "h": 38}}, {"index": 3, "name": "𓋴", "position": {"x": 1097, "y": 1045, "w": 24, "h": 58}}, {"index": 2, "name": "𓈖", "position": {"x": 1140, "y": 1078, "w": 39, "h": 17}}, {"index": 1, "name": "𓂻", "position": {"x": 1142, "y": 1047, "w": 52, "h": 26}}, {"index": 0, "name": "𓄖", "position": {"x": 1194, "y": 1048, "w": 58, "h": 49}}]}, {"index": 20, "name": "21", "points": [{"x": 1161, "y": 1106}, {"x": 1245, "y": 1104}, {"x": 1240, "y": 1164}, {"x": 1239, "y": 1181}, {"x": 1206, "y": 1182}, {"x": 1134, "y": 1175}, {"x": 1074, "y": 1174}, {"x": 1027, "y": 1169}, {"x": 964, "y": 1175}, {"x": 917, "y": 1164}, {"x": 870, "y": 1165}, {"x": 858, "y": 1174}, {"x": 836, "y": 1170}, {"x": 814, "y": 1152}, {"x": 741, "y": 1149}, {"x": 690, "y": 1158}, {"x": 596, "y": 1149}, {"x": 536, "y": 1161}, {"x": 450, "y": 1129}, {"x": 465, "y": 1084}, {"x": 538, "y": 1071}, {"x": 653, "y": 1077}, {"x": 694, "y": 1081}, {"x": 698, "y": 1096}, {"x": 735, "y": 1081}, {"x": 773, "y": 1070}, {"x": 800, "y": 1089}, {"x": 836, "y": 1074}, {"x": 911, "y": 1089}, {"x": 970, "y": 1096}, {"x": 985, "y": 1103}, {"x": 1061, "y": 1098}, {"x": 1127, "y": 1111}], "direction": "hrl", "glyphs": [{"index": 20, "name": "𓂝", "position": {"x": 471, "y": 1112, "w": 50, "h": 23}}, {"index": 21, "name": "𓈖", "position": {"x": 471, "y": 1087, "w": 38, "h": 20}}, {"index": 19, "name": "𓎛", "position": {"x": 527, "y": 1078, "w": 16, "h": 61}}, {"index": 18, "name": "𓆑", "position": {"x": 543, "y": 1112, "w": 90, "h": 42}}, {"index": 16, "name": "𓄡", "position": {"x": 638, "y": 1113, "w": 56, "h": 21}}, {"index": 15, "name": "𓂝", "position": {"x": 645, "y": 1089, "w": 46, "h": 30}}, {"index": 14, "name": "𓅄", "position": {"x": 697, "y": 1075, "w": 72, "h": 76}}, {"index": 12, "name": "𓎡", "position": {"x": 766, "y": 1118, "w": 93, "h": 54}}, {"index": 11, "name": "𓇋", "position": {"x": 805, "y": 1086, "w": 16, "h": 52}}, {"index": 2, "name": "𓃀", "position": {"x": 837, "y": 1083, "w": 46, "h": 62}}, {"index": 3, "name": "𓏭𓐰𓈐", "position": {"x": 879, "y": 1093, "w": 45, "h": 48}}, {"index": 8, "name": "𓋴", "position": {"x": 929, "y": 1098, "w": 26, "h": 69}}, {"index": 7, "name": "𓋴", "position": {"x": 962, "y": 1102, "w": 22, "h": 66}}, {"index": 6, "name": "𓆑", "position": {"x": 994, "y": 1107, "w": 60, "h": 42}}, {"index": 9, "name": "𓂋", "position": {"x": 1000, "y": 1133, "w": 58, "h": 35}}, {"index": 5, "name": "𓈖", "position": {"x": 1053, "y": 1117, "w": 51, "h": 21}}, {"index": 4, "name": "𓂻", "position": {"x": 1057, "y": 1140, "w": 52, "h": 24}}, {"index": 1, "name": "𓇋", "position": {"x": 1184, "y": 1110, "w": 24, "h": 56}}, {"index": 0, "name": "𓋴", "position": {"x": 1213, "y": 1116, "w": 23, "h": 61}}]}, {"index": 21, "name": "22", "points": [{"x": 1264, "y": 1174}, {"x": 1276, "y": 1184}, {"x": 1251, "y": 1224}, {"x": 1246, "y": 1252}, {"x": 1202, "y": 1258}, {"x": 1182, "y": 1243}, {"x": 1171, "y": 1242}, {"x": 1156, "y": 1248}, {"x": 1123, "y": 1240}, {"x": 1080, "y": 1237}, {"x": 1053, "y": 1253}, {"x": 1041, "y": 1246}, {"x": 1024, "y": 1239}, {"x": 991, "y": 1246}, {"x": 970, "y": 1237}, {"x": 856, "y": 1229}, {"x": 829, "y": 1227}, {"x": 786, "y": 1230}, {"x": 702, "y": 1224}, {"x": 633, "y": 1232}, {"x": 632, "y": 1253}, {"x": 632, "y": 1259}, {"x": 633, "y": 1266}, {"x": 623, "y": 1266}, {"x": 613, "y": 1252}, {"x": 585, "y": 1230}, {"x": 566, "y": 1222}, {"x": 498, "y": 1222}, {"x": 399, "y": 1224}, {"x": 386, "y": 1194}, {"x": 442, "y": 1152}, {"x": 523, "y": 1160}, {"x": 563, "y": 1155}, {"x": 605, "y": 1147}, {"x": 708, "y": 1157}, {"x": 813, "y": 1154}, {"x": 830, "y": 1162}, {"x": 841, "y": 1167}, {"x": 861, "y": 1157}, {"x": 936, "y": 1168}, {"x": 977, "y": 1177}, {"x": 1033, "y": 1170}, {"x": 1071, "y": 1170}, {"x": 1159, "y": 1178}, {"x": 1243, "y": 1180}], "direction": "hrl", "glyphs": [{"index": 21, "name": "𓉔𓄿𓃀𓂻", "position": {"x": 402, "y": 1161, "w": 152, "h": 54}}, {"index": 20, "name": "𓏏", "position": {"x": 561, "y": 1199, "w": 13, "h": 14}}, {"index": 17, "name": "𓆑", "position": {"x": 619, "y": 1197, "w": 32, "h": 69}}, {"index": 16, "name": "𓀀𓐰𓏥", "position": {"x": 654, "y": 1170, "w": 30, "h": 33}}, {"index": 15, "name": "𓀎", "position": {"x": 684, "y": 1167, "w": 76, "h": 50}}, {"index": 14, "name": "𓏏", "position": {"x": 766, "y": 1187, "w": 16, "h": 18}}, {"index": 13, "name": "𓋴", "position": {"x": 799, "y": 1160, "w": 30, "h": 62}}, {"index": 12, "name": "𓐍", "position": {"x": 832, "y": 1166, "w": 51, "h": 26}}, {"index": 11, "name": "𓏛", "position": {"x": 851, "y": 1196, "w": 27, "h": 31}}, {"index": 10, "name": "𓂋", "position": {"x": 884, "y": 1202, "w": 52, "h": 26}}, {"index": 9, "name": "𓏏", "position": {"x": 904, "y": 1175, "w": 26, "h": 21}}, {"index": 7, "name": "𓂝", "position": {"x": 943, "y": 1211, "w": 61, "h": 29}}, {"index": 8, "name": "𓂋", "position": {"x": 943, "y": 1181, "w": 54, "h": 32}}, {"index": 6, "name": "𓂜𓐰𓈖", "position": {"x": 997, "y": 1175, "w": 56, "h": 58}}, {"index": 4, "name": "𓆑", "position": {"x": 1050, "y": 1216, "w": 66, "h": 32}}, {"index": 3, "name": "𓏥", "position": {"x": 1063, "y": 1180, "w": 45, "h": 18}}, {"index": 1, "name": "𓋴", "position": {"x": 1193, "y": 1186, "w": 20, "h": 64}}, {"index": 0, "name": "𓌞", "position": {"x": 1228, "y": 1182, "w": 38, "h": 65}}]}, {"index": 22, "name": "23", "points": [{"x": 1245, "y": 1261}, {"x": 1244, "y": 1312}, {"x": 1169, "y": 1315}, {"x": 1106, "y": 1304}, {"x": 1020, "y": 1325}, {"x": 956, "y": 1349}, {"x": 887, "y": 1322}, {"x": 773, "y": 1311}, {"x": 634, "y": 1303}, {"x": 603, "y": 1304}, {"x": 557, "y": 1330}, {"x": 462, "y": 1300}, {"x": 387, "y": 1278}, {"x": 414, "y": 1224}, {"x": 550, "y": 1221}, {"x": 586, "y": 1227}, {"x": 618, "y": 1255}, {"x": 634, "y": 1237}, {"x": 717, "y": 1227}, {"x": 822, "y": 1234}, {"x": 846, "y": 1229}, {"x": 889, "y": 1237}, {"x": 985, "y": 1239}, {"x": 999, "y": 1248}, {"x": 1024, "y": 1240}, {"x": 1054, "y": 1232}, {"x": 1057, "y": 1249}, {"x": 1084, "y": 1235}, {"x": 1156, "y": 1249}, {"x": 1173, "y": 1240}, {"x": 1206, "y": 1257}], "direction": "hrl", "glyphs": [{"index": 21, "name": "𓊪", "position": {"x": 415, "y": 1231, "w": 46, "h": 25}}, {"index": 2, "name": "𓈖", "position": {"x": 422, "y": 1264, "w": 43, "h": 16}}, {"index": 12, "name": "𓀀𓐰𓏥", "position": {"x": 466, "y": 1236, "w": 26, "h": 38}}, {"index": 16, "name": "𓀎", "position": {"x": 485, "y": 1226, "w": 65, "h": 52}}, {"index": 15, "name": "𓏏𓐰𓂻", "position": {"x": 615, "y": 1241, "w": 56, "h": 41}}, {"index": 14, "name": "𓆱", "position": {"x": 658, "y": 1233, "w": 70, "h": 32}}, {"index": 13, "name": "𓐍", "position": {"x": 684, "y": 1260, "w": 49, "h": 24}}, {"index": 11, "name": "𓅓", "position": {"x": 726, "y": 1237, "w": 30, "h": 58}}, {"index": 10, "name": "𓏲𓐰𓏥", "position": {"x": 766, "y": 1239, "w": 44, "h": 59}}, {"index": 9, "name": "𓈖", "position": {"x": 816, "y": 1282, "w": 60, "h": 21}}, {"index": 8, "name": "𓃹", "position": {"x": 817, "y": 1234, "w": 61, "h": 48}}, {"index": 7, "name": "𓏥", "position": {"x": 878, "y": 1282, "w": 42, "h": 24}}, {"index": 6, "name": "𓀔", "position": {"x": 922, "y": 1245, "w": 60, "h": 74}}, {"index": 5, "name": "𓏲", "position": {"x": 959, "y": 1251, "w": 36, "h": 83}}, {"index": 4, "name": "𓋴", "position": {"x": 1003, "y": 1246, "w": 26, "h": 70}}, {"index": 3, "name": "𓄟", "position": {"x": 1038, "y": 1237, "w": 50, "h": 60}}, {"index": 1, "name": "𓇓", "position": {"x": 1146, "y": 1244, "w": 37, "h": 65}}, {"index": 0, "name": "𓂋", "position": {"x": 1189, "y": 1266, "w": 51, "h": 40}}]}, {"index": 23, "name": "24", "points": [{"x": 1085, "y": 1315}, {"x": 1060, "y": 1321}, {"x": 1062, "y": 1353}, {"x": 1053, "y": 1377}, {"x": 1137, "y": 1383}, {"x": 1189, "y": 1381}, {"x": 1227, "y": 1374}, {"x": 1237, "y": 1332}, {"x": 1174, "y": 1314}, {"x": 1136, "y": 1307}], "direction": "hrl", "glyphs": [{"index": 4, "name": "𓀁", "position": {"x": 1059, "y": 1318, "w": 57, "h": 56}}, {"index": 2, "name": "𓋴", "position": {"x": 1116, "y": 1319, "w": 29, "h": 63}}, {"index": 1, "name": "𓇋", "position": {"x": 1151, "y": 1316, "w": 28, "h": 62}}, {"index": 0, "name": "𓈖", "position": {"x": 1183, "y": 1346, "w": 46, "h": 22}}]}]}], "comments": "", "history": [], "genre": "literary"}