{"name":"Rhind","creator":"Möller","provenance":"unknown","period":"15 dyn","genre":"mathematical","notes":"","pages":[{"index":0,"name":"1","type":"","images":[],"lines":[{"index":0,"name":"A1","points":[{"x":1661,"y":191},{"x":1674,"y":265},{"x":1670,"y":288},{"x":1598,"y":288},{"x":1515,"y":290},{"x":1263,"y":285},{"x":1212,"y":256},{"x":1196,"y":229},{"x":1127,"y":234},{"x":1089,"y":236},{"x":1027,"y":237},{"x":946,"y":268},{"x":884,"y":270},{"x":769,"y":267},{"x":707,"y":281},{"x":694,"y":290},{"x":688,"y":295},{"x":678,"y":282},{"x":661,"y":269},{"x":624,"y":270},{"x":616,"y":201},{"x":878,"y":192},{"x":1019,"y":187},{"x":1187,"y":187}],"direction":"hrl","glyphs":[{"index":26,"name":"𓂭","position":{"x":639,"y":210,"w":34,"h":56}},{"index":25,"name":"𓅓","position":{"x":667,"y":214,"w":30,"h":50}},{"index":24,"name":"𓆐","position":{"x":688,"y":229,"w":70,"h":61}},{"index":22,"name":"𓈖","position":{"x":772,"y":247,"w":42,"h":12}},{"index":0,"name":"𓂋𓐰𓎆","position":{"x":833,"y":203,"w":26,"h":60}},{"index":19,"name":"𓆼","position":{"x":931,"y":198,"w":19,"h":65}},{"index":18,"name":"𓏤","position":{"x":970,"y":222,"w":10,"h":8}},{"index":17,"name":"𓎆","position":{"x":1097,"y":192,"w":30,"h":42}},{"index":16,"name":"𓆱","position":{"x":1131,"y":200,"w":59,"h":21}},{"index":15,"name":"𓈖","position":{"x":1267,"y":259,"w":52,"h":11}},{"index":14,"name":"𓏤","position":{"x":1272,"y":209,"w":7,"h":30}},{"index":13,"name":"𓈇","position":{"x":1292,"y":218,"w":23,"h":26}},{"index":12,"name":"𓂢","position":{"x":1332,"y":228,"w":74,"h":41}},{"index":10,"name":"𓆑","position":{"x":1392,"y":206,"w":67,"h":42}},{"index":9,"name":"𓂧","position":{"x":1395,"y":241,"w":76,"h":27}},{"index":8,"name":"𓇋","position":{"x":1468,"y":205,"w":26,"h":63}},{"index":7,"name":"𓈖","position":{"x":1496,"y":212,"w":31,"h":42}},{"index":6,"name":"𓎡","position":{"x":1500,"y":253,"w":86,"h":30}},{"index":5,"name":"𓆓","position":{"x":1525,"y":201,"w":62,"h":41}},{"index":4,"name":"𓂧","position":{"x":1543,"y":223,"w":58,"h":34}},{"index":3,"name":"𓇋","position":{"x":1601,"y":205,"w":28,"h":66}},{"index":1,"name":"𓏇","position":{"x":1624,"y":207,"w":38,"h":71}}]},{"index":1,"name":"A2","points":[{"x":2142,"y":293},{"x":2155,"y":351},{"x":2155,"y":363},{"x":1990,"y":370},{"x":1787,"y":376},{"x":1583,"y":376},{"x":1365,"y":394},{"x":1309,"y":402},{"x":1233,"y":367},{"x":1172,"y":354},{"x":975,"y":335},{"x":861,"y":344},{"x":736,"y":348},{"x":678,"y":352},{"x":647,"y":368},{"x":628,"y":340},{"x":639,"y":271},{"x":675,"y":273},{"x":732,"y":279},{"x":784,"y":266},{"x":898,"y":274},{"x":990,"y":260},{"x":1046,"y":234},{"x":1079,"y":239},{"x":1084,"y":309},{"x":1212,"y":303},{"x":1234,"y":276},{"x":1493,"y":290},{"x":1698,"y":290},{"x":2006,"y":283}],"direction":"hrl","glyphs":[{"index":41,"name":"𓆼","position":{"x":643,"y":274,"w":23,"h":59}},{"index":40,"name":"𓆑","position":{"x":649,"y":312,"w":97,"h":49}},{"index":39,"name":"𓅓","position":{"x":672,"y":278,"w":34,"h":48}},{"index":38,"name":"𓂋𓐰𓎆","position":{"x":754,"y":275,"w":22,"h":65}},{"index":36,"name":"𓈖","position":{"x":783,"y":320,"w":42,"h":13}},{"index":35,"name":"𓂋𓐰𓎆","position":{"x":834,"y":282,"w":28,"h":61}},{"index":33,"name":"𓂭","position":{"x":921,"y":275,"w":21,"h":50}},{"index":32,"name":"𓎆","position":{"x":968,"y":268,"w":26,"h":54}},{"index":31,"name":"𓆱","position":{"x":1019,"y":241,"w":56,"h":30}},{"index":30,"name":"𓏮","position":{"x":1044,"y":269,"w":25,"h":37}},{"index":28,"name":"𓆣𓐰𓂋","position":{"x":1222,"y":291,"w":36,"h":68}},{"index":26,"name":"𓇋","position":{"x":1258,"y":297,"w":29,"h":65}},{"index":25,"name":"𓏇","position":{"x":1278,"y":297,"w":31,"h":66}},{"index":23,"name":"𓁹","position":{"x":1311,"y":307,"w":97,"h":22}},{"index":22,"name":"𓏏","position":{"x":1333,"y":341,"w":27,"h":15}},{"index":21,"name":"𓆑","position":{"x":1343,"y":341,"w":69,"h":49}},{"index":20,"name":"𓈇𓐰𓏥","position":{"x":1411,"y":308,"w":28,"h":61}},{"index":19,"name":"𓏏","position":{"x":1452,"y":341,"w":21,"h":26}},{"index":18,"name":"𓎛","position":{"x":1473,"y":300,"w":19,"h":65}},{"index":17,"name":"𓄿","position":{"x":1501,"y":311,"w":45,"h":51}},{"index":16,"name":"𓀁","position":{"x":1551,"y":298,"w":39,"h":66}},{"index":15,"name":"𓆵","position":{"x":1586,"y":305,"w":27,"h":56}},{"index":14,"name":"𓊪𓐰𓏏","position":{"x":1610,"y":303,"w":39,"h":61}},{"index":13,"name":"𓏭","position":{"x":1617,"y":339,"w":18,"h":18}},{"index":11,"name":"𓏮","position":{"x":1663,"y":305,"w":18,"h":65}},{"index":9,"name":"𓆱","position":{"x":1695,"y":329,"w":62,"h":34}},{"index":8,"name":"𓂋","position":{"x":1763,"y":328,"w":46,"h":23}},{"index":7,"name":"𓎆","position":{"x":1815,"y":303,"w":34,"h":58}},{"index":6,"name":"𓆱","position":{"x":1857,"y":326,"w":68,"h":33}},{"index":5,"name":"𓈖","position":{"x":1936,"y":343,"w":54,"h":20}},{"index":4,"name":"𓈇𓐰𓏥","position":{"x":2003,"y":305,"w":27,"h":50}},{"index":3,"name":"𓏏","position":{"x":2042,"y":336,"w":25,"h":25}},{"index":2,"name":"𓎛","position":{"x":2064,"y":296,"w":18,"h":60}},{"index":0,"name":"𓄿","position":{"x":2096,"y":307,"w":49,"h":49}}]},{"index":2,"name":"A3","points":[{"x":1013,"y":347},{"x":923,"y":333},{"x":843,"y":350},{"x":747,"y":352},{"x":716,"y":347},{"x":664,"y":338},{"x":631,"y":346},{"x":597,"y":348},{"x":591,"y":380},{"x":607,"y":413},{"x":764,"y":416},{"x":937,"y":416},{"x":1024,"y":400}],"direction":"hrl","glyphs":[{"index":11,"name":"𓈇𓐰𓏥","position":{"x":604,"y":352,"w":26,"h":54}},{"index":10,"name":"𓏏","position":{"x":633,"y":384,"w":24,"h":24}},{"index":9,"name":"𓎛","position":{"x":649,"y":344,"w":19,"h":62}},{"index":2,"name":"𓄿","position":{"x":676,"y":357,"w":47,"h":47}},{"index":8,"name":"𓅓","position":{"x":710,"y":355,"w":29,"h":49}},{"index":6,"name":"𓏲","position":{"x":743,"y":367,"w":15,"h":35}},{"index":5,"name":"𓊪","position":{"x":759,"y":370,"w":43,"h":25}},{"index":4,"name":"𓆑","position":{"x":765,"y":385,"w":77,"h":24}},{"index":3,"name":"𓈖𓐰𓏏","position":{"x":814,"y":355,"w":51,"h":50}},{"index":0,"name":"𓆐","position":{"x":875,"y":350,"w":82,"h":52}},{"index":1,"name":"𓍢","position":{"x":940,"y":354,"w":66,"h":35}}]},{"index":3,"name":"B1","points":[{"x":1905,"y":433},{"x":1909,"y":472},{"x":1932,"y":481},{"x":1913,"y":505},{"x":1763,"y":505},{"x":1528,"y":505},{"x":1465,"y":500},{"x":1306,"y":528},{"x":1215,"y":500},{"x":1077,"y":501},{"x":882,"y":530},{"x":669,"y":553},{"x":563,"y":492},{"x":571,"y":441},{"x":706,"y":436},{"x":924,"y":435},{"x":1201,"y":438},{"x":1577,"y":435},{"x":1715,"y":428},{"x":1841,"y":428}],"direction":"hrl","glyphs":[{"index":32,"name":"𓈇𓐰𓏥","position":{"x":591,"y":457,"w":30,"h":54}},{"index":31,"name":"𓏏","position":{"x":632,"y":487,"w":21,"h":25}},{"index":30,"name":"𓎛","position":{"x":654,"y":444,"w":15,"h":67}},{"index":0,"name":"𓄿","position":{"x":684,"y":452,"w":50,"h":52}},{"index":28,"name":"𓆑","position":{"x":702,"y":487,"w":77,"h":57}},{"index":9,"name":"𓅓","position":{"x":723,"y":452,"w":24,"h":54}},{"index":10,"name":"𓏛","position":{"x":790,"y":444,"w":37,"h":58}},{"index":13,"name":"𓏥","position":{"x":797,"y":495,"w":34,"h":16}},{"index":23,"name":"𓏏","position":{"x":846,"y":495,"w":23,"h":18}},{"index":22,"name":"𓂋𓐰𓐍","position":{"x":847,"y":452,"w":50,"h":60}},{"index":21,"name":"𓐂","position":{"x":1093,"y":449,"w":63,"h":40}},{"index":17,"name":"𓏤","position":{"x":1167,"y":469,"w":11,"h":8}},{"index":16,"name":"𓁹","position":{"x":1256,"y":460,"w":97,"h":29}},{"index":15,"name":"𓏏","position":{"x":1276,"y":497,"w":31,"h":20}},{"index":14,"name":"𓐂","position":{"x":1511,"y":452,"w":60,"h":40}},{"index":12,"name":"𓆱","position":{"x":1569,"y":440,"w":62,"h":30}},{"index":11,"name":"𓏥","position":{"x":1584,"y":479,"w":34,"h":13}},{"index":8,"name":"𓈖","position":{"x":1629,"y":483,"w":46,"h":14}},{"index":7,"name":"𓏤","position":{"x":1690,"y":443,"w":8,"h":58}},{"index":6,"name":"𓈇","position":{"x":1709,"y":472,"w":25,"h":23}},{"index":5,"name":"𓄲𓐰𓈖","position":{"x":1730,"y":439,"w":52,"h":62}},{"index":4,"name":"𓈇𓐰𓏥","position":{"x":1779,"y":445,"w":37,"h":51}},{"index":3,"name":"𓏏","position":{"x":1817,"y":478,"w":23,"h":16}},{"index":2,"name":"𓎛","position":{"x":1835,"y":434,"w":21,"h":69}},{"index":1,"name":"𓄿","position":{"x":1864,"y":448,"w":58,"h":50}}]},{"index":4,"name":"B2","points":[{"x":2136,"y":525},{"x":2136,"y":605},{"x":2009,"y":607},{"x":1855,"y":597},{"x":1835,"y":602},{"x":1823,"y":614},{"x":1806,"y":605},{"x":1795,"y":591},{"x":1637,"y":587},{"x":1613,"y":597},{"x":1574,"y":597},{"x":1493,"y":585},{"x":1422,"y":609},{"x":1313,"y":609},{"x":1279,"y":597},{"x":1248,"y":603},{"x":1211,"y":576},{"x":1077,"y":584},{"x":1045,"y":531},{"x":1076,"y":499},{"x":1222,"y":509},{"x":1294,"y":528},{"x":1403,"y":510},{"x":1482,"y":498},{"x":1637,"y":510},{"x":1818,"y":508},{"x":2000,"y":514}],"direction":"hrl","glyphs":[{"index":32,"name":"𓏤","position":{"x":1083,"y":509,"w":10,"h":47}},{"index":31,"name":"𓆑","position":{"x":1087,"y":540,"w":55,"h":41}},{"index":30,"name":"𓂋𓐰𓐂","position":{"x":1150,"y":511,"w":64,"h":54}},{"index":27,"name":"𓇋","position":{"x":1259,"y":528,"w":25,"h":65}},{"index":26,"name":"𓏇","position":{"x":1285,"y":537,"w":29,"h":65}},{"index":25,"name":"𓏤","position":{"x":1435,"y":511,"w":8,"h":51}},{"index":24,"name":"𓆑","position":{"x":1438,"y":547,"w":57,"h":49}},{"index":23,"name":"𓅓","position":{"x":1447,"y":519,"w":27,"h":40}},{"index":22,"name":"𓂋𓐰𓐂","position":{"x":1504,"y":510,"w":39,"h":63}},{"index":0,"name":"𓎡","position":{"x":1551,"y":558,"w":66,"h":33}},{"index":18,"name":"𓐍","position":{"x":1578,"y":513,"w":27,"h":31}},{"index":7,"name":"𓂋","position":{"x":1588,"y":543,"w":25,"h":38}},{"index":17,"name":"𓏴","position":{"x":1616,"y":547,"w":18,"h":27}},{"index":16,"name":"𓃀","position":{"x":1645,"y":522,"w":38,"h":49}},{"index":15,"name":"𓐍","position":{"x":1667,"y":519,"w":35,"h":35}},{"index":14,"name":"𓈇𓐰𓏥","position":{"x":1713,"y":527,"w":27,"h":48}},{"index":12,"name":"𓏏","position":{"x":1749,"y":555,"w":23,"h":28}},{"index":11,"name":"𓎛","position":{"x":1771,"y":515,"w":22,"h":67}},{"index":5,"name":"𓄿","position":{"x":1802,"y":523,"w":41,"h":54}},{"index":9,"name":"𓆑","position":{"x":1823,"y":567,"w":75,"h":44}},{"index":10,"name":"𓅓","position":{"x":1838,"y":523,"w":28,"h":57}},{"index":8,"name":"𓏪","position":{"x":1906,"y":540,"w":11,"h":48}},{"index":6,"name":"𓏏","position":{"x":1927,"y":528,"w":27,"h":29}},{"index":13,"name":"𓏛","position":{"x":1936,"y":557,"w":34,"h":31}},{"index":4,"name":"𓂋𓐰𓐍","position":{"x":1966,"y":524,"w":42,"h":60}},{"index":3,"name":"𓀁","position":{"x":2020,"y":527,"w":39,"h":59}},{"index":2,"name":"𓆵","position":{"x":2058,"y":537,"w":22,"h":52}},{"index":1,"name":"𓊪𓐰𓏏","position":{"x":2083,"y":536,"w":40,"h":59}},{"index":19,"name":"𓏭","position":{"x":2089,"y":568,"w":18,"h":18}}]},{"index":5,"name":"B3","points":[{"x":2130,"y":613},{"x":2140,"y":673},{"x":2028,"y":676},{"x":1822,"y":677},{"x":1666,"y":667},{"x":1501,"y":656},{"x":1350,"y":656},{"x":1291,"y":680},{"x":1149,"y":664},{"x":1035,"y":674},{"x":959,"y":640},{"x":783,"y":631},{"x":701,"y":614},{"x":715,"y":558},{"x":828,"y":551},{"x":1018,"y":567},{"x":1066,"y":590},{"x":1124,"y":579},{"x":1208,"y":576},{"x":1253,"y":603},{"x":1280,"y":600},{"x":1320,"y":618},{"x":1455,"y":607},{"x":1521,"y":580},{"x":1581,"y":597},{"x":1610,"y":596},{"x":1625,"y":591},{"x":1692,"y":587},{"x":1799,"y":590},{"x":1820,"y":614},{"x":1824,"y":613},{"x":1845,"y":595},{"x":1938,"y":603},{"x":2093,"y":604}],"direction":"hrl","glyphs":[{"index":44,"name":"𓊌","position":{"x":722,"y":563,"w":46,"h":14}},{"index":43,"name":"𓏽","position":{"x":728,"y":594,"w":47,"h":25}},{"index":39,"name":"𓎋","position":{"x":796,"y":576,"w":34,"h":40}},{"index":37,"name":"𓐁","position":{"x":957,"y":608,"w":44,"h":25}},{"index":35,"name":"𓏏𓐰𓏥","position":{"x":1013,"y":593,"w":22,"h":45}},{"index":34,"name":"𓆑","position":{"x":1032,"y":623,"w":52,"h":42}},{"index":33,"name":"𓍒","position":{"x":1038,"y":583,"w":22,"h":52}},{"index":32,"name":"𓈖𓐰𓏏","position":{"x":1077,"y":596,"w":33,"h":51}},{"index":31,"name":"𓏃","position":{"x":1117,"y":585,"w":41,"h":69}},{"index":27,"name":"𓐍","position":{"x":1162,"y":585,"w":39,"h":35}},{"index":25,"name":"𓏴","position":{"x":1178,"y":627,"w":18,"h":28}},{"index":24,"name":"𓆣𓐰𓂋","position":{"x":1263,"y":606,"w":38,"h":62}},{"index":23,"name":"𓐁","position":{"x":1429,"y":618,"w":51,"h":22}},{"index":22,"name":"𓊗","position":{"x":1494,"y":599,"w":36,"h":34}},{"index":21,"name":"𓏥","position":{"x":1501,"y":635,"w":30,"h":13}},{"index":18,"name":"𓐁","position":{"x":1539,"y":622,"w":45,"h":27}},{"index":16,"name":"𓅓","position":{"x":1584,"y":601,"w":26,"h":53}},{"index":15,"name":"𓏤","position":{"x":1623,"y":600,"w":7,"h":54}},{"index":14,"name":"𓁶","position":{"x":1640,"y":597,"w":44,"h":61}},{"index":12,"name":"𓏛","position":{"x":1690,"y":627,"w":23,"h":32}},{"index":10,"name":"𓎛","position":{"x":1709,"y":596,"w":18,"h":64}},{"index":9,"name":"𓎝","position":{"x":1734,"y":595,"w":59,"h":60}},{"index":8,"name":"𓎡","position":{"x":1789,"y":637,"w":59,"h":31}},{"index":7,"name":"𓐍","position":{"x":1824,"y":602,"w":32,"h":28}},{"index":6,"name":"𓂋","position":{"x":1839,"y":630,"w":22,"h":26}},{"index":5,"name":"𓁹","position":{"x":1864,"y":634,"w":88,"h":26}},{"index":4,"name":"𓐁","position":{"x":1967,"y":633,"w":53,"h":29}},{"index":2,"name":"𓅓","position":{"x":2023,"y":617,"w":29,"h":51}},{"index":1,"name":"𓏏𓐰𓏥","position":{"x":2066,"y":622,"w":40,"h":44}},{"index":0,"name":"𓍒","position":{"x":2109,"y":614,"w":17,"h":55}}]},{"index":6,"name":"B4","points":[{"x":2139,"y":680},{"x":2126,"y":764},{"x":2034,"y":769},{"x":1861,"y":770},{"x":1615,"y":784},{"x":1314,"y":789},{"x":1231,"y":784},{"x":1226,"y":734},{"x":1137,"y":717},{"x":1047,"y":709},{"x":951,"y":717},{"x":884,"y":690},{"x":888,"y":642},{"x":988,"y":649},{"x":1001,"y":667},{"x":1072,"y":675},{"x":1192,"y":678},{"x":1307,"y":676},{"x":1375,"y":657},{"x":1533,"y":660},{"x":1664,"y":667},{"x":1789,"y":679},{"x":1998,"y":684}],"direction":"hrl","glyphs":[{"index":46,"name":"𓏮","position":{"x":912,"y":649,"w":15,"h":53}},{"index":45,"name":"𓎐","position":{"x":939,"y":653,"w":42,"h":57}},{"index":43,"name":"𓏽","position":{"x":995,"y":678,"w":38,"h":12}},{"index":42,"name":"𓐁","position":{"x":1100,"y":685,"w":48,"h":22}},{"index":40,"name":"𓏤","position":{"x":1185,"y":704,"w":9,"h":10}},{"index":5,"name":"𓆱","position":{"x":1264,"y":704,"w":39,"h":24}},{"index":38,"name":"𓐂","position":{"x":1276,"y":717,"w":48,"h":40}},{"index":35,"name":"𓊌","position":{"x":1332,"y":671,"w":52,"h":18}},{"index":34,"name":"𓏽","position":{"x":1341,"y":698,"w":46,"h":26}},{"index":30,"name":"𓎋","position":{"x":1399,"y":694,"w":41,"h":28}},{"index":29,"name":"𓈇𓐰𓏥","position":{"x":1454,"y":675,"w":23,"h":46}},{"index":28,"name":"𓏏","position":{"x":1486,"y":704,"w":24,"h":33}},{"index":27,"name":"𓎛","position":{"x":1515,"y":666,"w":19,"h":68}},{"index":0,"name":"𓄿","position":{"x":1542,"y":675,"w":41,"h":54}},{"index":2,"name":"𓅓","position":{"x":1580,"y":678,"w":23,"h":52}},{"index":23,"name":"𓏲","position":{"x":1599,"y":704,"w":26,"h":32}},{"index":22,"name":"𓆑","position":{"x":1625,"y":722,"w":75,"h":47}},{"index":21,"name":"𓊪","position":{"x":1629,"y":709,"w":38,"h":26}},{"index":1,"name":"𓏛","position":{"x":1711,"y":680,"w":35,"h":52}},{"index":10,"name":"𓏥","position":{"x":1714,"y":728,"w":37,"h":17}},{"index":15,"name":"𓂋𓐰𓐍","position":{"x":1760,"y":689,"w":47,"h":49}},{"index":14,"name":"𓏏","position":{"x":1762,"y":723,"w":20,"h":19}},{"index":13,"name":"𓏽","position":{"x":1821,"y":712,"w":43,"h":35}},{"index":9,"name":"𓎋","position":{"x":1871,"y":714,"w":43,"h":33}},{"index":8,"name":"𓆑","position":{"x":1894,"y":737,"w":88,"h":30}},{"index":11,"name":"𓅓","position":{"x":1910,"y":702,"w":50,"h":48}},{"index":7,"name":"𓐍","position":{"x":1983,"y":694,"w":36,"h":33}},{"index":6,"name":"𓂋","position":{"x":1985,"y":737,"w":42,"h":18}},{"index":4,"name":"𓂋","position":{"x":2035,"y":731,"w":37,"h":23}},{"index":3,"name":"𓆣","position":{"x":2086,"y":688,"w":39,"h":69}}]},{"index":7,"name":"B5","points":[{"x":914,"y":730},{"x":834,"y":746},{"x":883,"y":778},{"x":1141,"y":788},{"x":1218,"y":788},{"x":1212,"y":740},{"x":1123,"y":715},{"x":1023,"y":708}],"direction":"hrl","glyphs":[{"index":12,"name":"𓏽","position":{"x":881,"y":749,"w":38,"h":9}},{"index":11,"name":"𓎋","position":{"x":934,"y":734,"w":42,"h":31}},{"index":10,"name":"𓐁","position":{"x":990,"y":743,"w":50,"h":23}},{"index":9,"name":"𓏰","position":{"x":1042,"y":721,"w":17,"h":26}},{"index":8,"name":"𓏿","position":{"x":1068,"y":722,"w":36,"h":43}},{"index":2,"name":"𓎆","position":{"x":1105,"y":725,"w":33,"h":52}},{"index":1,"name":"𓏮","position":{"x":1182,"y":761,"w":24,"h":16}}]},{"index":8,"name":"C1","points":[{"x":1337,"y":843},{"x":1336,"y":898},{"x":1267,"y":894},{"x":1165,"y":879},{"x":1051,"y":849},{"x":912,"y":881},{"x":821,"y":900},{"x":739,"y":892},{"x":618,"y":892},{"x":541,"y":890},{"x":528,"y":815},{"x":775,"y":820},{"x":840,"y":817},{"x":1168,"y":818}],"direction":"hrl","glyphs":[{"index":19,"name":"𓏮","position":{"x":544,"y":825,"w":17,"h":52}},{"index":17,"name":"𓅓","position":{"x":574,"y":823,"w":33,"h":51}},{"index":16,"name":"𓏽","position":{"x":617,"y":829,"w":47,"h":46}},{"index":12,"name":"𓏤","position":{"x":675,"y":825,"w":7,"h":27}},{"index":11,"name":"𓈖","position":{"x":678,"y":867,"w":55,"h":11}},{"index":10,"name":"𓐝","position":{"x":698,"y":831,"w":41,"h":22}},{"index":9,"name":"𓎡","position":{"x":751,"y":864,"w":68,"h":33}},{"index":8,"name":"𓐍","position":{"x":794,"y":822,"w":35,"h":27}},{"index":7,"name":"𓂋","position":{"x":798,"y":851,"w":38,"h":30}},{"index":6,"name":"𓁹","position":{"x":838,"y":834,"w":105,"h":31}},{"index":4,"name":"𓎆","position":{"x":1195,"y":836,"w":38,"h":42}},{"index":3,"name":"𓆱","position":{"x":1257,"y":852,"w":71,"h":22}},{"index":2,"name":"𓏥","position":{"x":1280,"y":882,"w":44,"h":12}}]},{"index":9,"name":"C2","points":[{"x":2116,"y":910},{"x":2115,"y":985},{"x":2012,"y":996},{"x":1922,"y":996},{"x":1805,"y":995},{"x":1652,"y":990},{"x":1447,"y":975},{"x":1007,"y":992},{"x":872,"y":979},{"x":776,"y":971},{"x":652,"y":962},{"x":576,"y":970},{"x":550,"y":910},{"x":567,"y":892},{"x":777,"y":891},{"x":815,"y":902},{"x":936,"y":885},{"x":1241,"y":913},{"x":1521,"y":894}],"direction":"hrl","glyphs":[{"index":36,"name":"𓋴","position":{"x":574,"y":901,"w":18,"h":61}},{"index":35,"name":"𓈇","position":{"x":604,"y":932,"w":20,"h":21}},{"index":7,"name":"𓂢","position":{"x":630,"y":931,"w":59,"h":27}},{"index":20,"name":"𓆑","position":{"x":676,"y":905,"w":72,"h":43}},{"index":33,"name":"𓂧","position":{"x":693,"y":934,"w":63,"h":25}},{"index":32,"name":"𓇋","position":{"x":762,"y":902,"w":26,"h":60}},{"index":30,"name":"𓂝","position":{"x":784,"y":909,"w":42,"h":36}},{"index":29,"name":"𓏏","position":{"x":797,"y":943,"w":30,"h":15}},{"index":28,"name":"𓂋","position":{"x":840,"y":910,"w":47,"h":21}},{"index":27,"name":"𓂋","position":{"x":846,"y":941,"w":48,"h":22}},{"index":26,"name":"𓆱","position":{"x":979,"y":904,"w":65,"h":30}},{"index":25,"name":"𓏽","position":{"x":985,"y":938,"w":51,"h":35}},{"index":19,"name":"𓏤","position":{"x":1534,"y":916,"w":6,"h":48}},{"index":18,"name":"𓁷","position":{"x":1542,"y":914,"w":20,"h":53}},{"index":17,"name":"𓎆","position":{"x":1568,"y":922,"w":35,"h":60}},{"index":16,"name":"𓆱","position":{"x":1611,"y":952,"w":52,"h":22}},{"index":15,"name":"𓈖","position":{"x":1659,"y":934,"w":46,"h":20}},{"index":14,"name":"𓏏","position":{"x":1675,"y":960,"w":23,"h":22}},{"index":13,"name":"𓏤","position":{"x":1716,"y":925,"w":10,"h":59}},{"index":12,"name":"𓈇","position":{"x":1735,"y":957,"w":19,"h":27}},{"index":11,"name":"𓇮","position":{"x":1762,"y":920,"w":23,"h":64}},{"index":10,"name":"𓏏","position":{"x":1801,"y":964,"w":24,"h":20}},{"index":9,"name":"𓂧","position":{"x":1834,"y":964,"w":59,"h":23}},{"index":8,"name":"𓊪","position":{"x":1840,"y":927,"w":35,"h":28}},{"index":6,"name":"𓋴","position":{"x":1889,"y":923,"w":18,"h":60}},{"index":5,"name":"𓈖","position":{"x":1919,"y":933,"w":34,"h":17}},{"index":4,"name":"𓎡","position":{"x":1924,"y":967,"w":85,"h":23}},{"index":3,"name":"𓆓","position":{"x":1961,"y":916,"w":60,"h":39}},{"index":2,"name":"𓂧","position":{"x":1970,"y":937,"w":60,"h":38}},{"index":1,"name":"𓇋","position":{"x":2040,"y":920,"w":22,"h":61}},{"index":0,"name":"𓏇","position":{"x":2064,"y":918,"w":38,"h":65}}]},{"index":10,"name":"C3","points":[{"x":2105,"y":998},{"x":2099,"y":1079},{"x":1841,"y":1082},{"x":1642,"y":1073},{"x":1457,"y":1059},{"x":1321,"y":1077},{"x":1234,"y":1079},{"x":1144,"y":1055},{"x":1025,"y":1075},{"x":773,"y":1057},{"x":459,"y":1045},{"x":460,"y":969},{"x":640,"y":972},{"x":700,"y":966},{"x":921,"y":992},{"x":1279,"y":998},{"x":1654,"y":995}],"direction":"hrl","glyphs":[{"index":37,"name":"𓎆","position":{"x":475,"y":978,"w":32,"h":49}},{"index":36,"name":"𓅓","position":{"x":505,"y":986,"w":33,"h":49}},{"index":35,"name":"𓏤","position":{"x":552,"y":984,"w":6,"h":54}},{"index":34,"name":"𓁶","position":{"x":564,"y":986,"w":49,"h":55}},{"index":32,"name":"𓏛","position":{"x":620,"y":1013,"w":23,"h":28}},{"index":30,"name":"𓎛","position":{"x":646,"y":978,"w":20,"h":63}},{"index":1,"name":"𓎝","position":{"x":671,"y":975,"w":66,"h":68}},{"index":28,"name":"𓎡","position":{"x":728,"y":1025,"w":71,"h":25}},{"index":26,"name":"𓐍","position":{"x":774,"y":981,"w":37,"h":30}},{"index":29,"name":"𓂋","position":{"x":782,"y":1012,"w":32,"h":33}},{"index":25,"name":"𓁹","position":{"x":820,"y":1000,"w":95,"h":28}},{"index":23,"name":"𓆼","position":{"x":1239,"y":1025,"w":34,"h":51}},{"index":22,"name":"𓏤","position":{"x":1292,"y":1049,"w":9,"h":9}},{"index":21,"name":"𓍥","position":{"x":1348,"y":1022,"w":98,"h":42}},{"index":17,"name":"𓏤","position":{"x":1460,"y":1035,"w":8,"h":7}},{"index":16,"name":"𓋴","position":{"x":1663,"y":1001,"w":17,"h":66}},{"index":15,"name":"𓂋𓐰𓏤","position":{"x":1689,"y":1005,"w":31,"h":60}},{"index":14,"name":"𓏤","position":{"x":1732,"y":1008,"w":8,"h":55}},{"index":8,"name":"𓁶","position":{"x":1750,"y":1004,"w":52,"h":58}},{"index":12,"name":"𓅓","position":{"x":1800,"y":1009,"w":24,"h":52}},{"index":11,"name":"𓆱","position":{"x":1834,"y":1007,"w":64,"h":26}},{"index":10,"name":"𓏽","position":{"x":1852,"y":1038,"w":52,"h":30}},{"index":7,"name":"𓋴","position":{"x":1914,"y":1009,"w":20,"h":59}},{"index":6,"name":"𓏏","position":{"x":1942,"y":1010,"w":23,"h":17}},{"index":5,"name":"𓈖","position":{"x":1947,"y":1038,"w":24,"h":24}},{"index":4,"name":"𓇋","position":{"x":1975,"y":1004,"w":23,"h":58}},{"index":3,"name":"𓇋","position":{"x":1999,"y":1007,"w":23,"h":55}},{"index":2,"name":"𓌻","position":{"x":2014,"y":1005,"w":78,"h":40}},{"index":0,"name":"𓂋","position":{"x":2041,"y":1047,"w":40,"h":18}}]},{"index":11,"name":"C4","points":[{"x":2098,"y":1089},{"x":2098,"y":1169},{"x":2066,"y":1174},{"x":1894,"y":1173},{"x":1631,"y":1175},{"x":1373,"y":1158},{"x":1058,"y":1152},{"x":729,"y":1140},{"x":510,"y":1134},{"x":437,"y":1137},{"x":436,"y":1080},{"x":520,"y":1050},{"x":675,"y":1052},{"x":969,"y":1074},{"x":1143,"y":1053},{"x":1235,"y":1082},{"x":1283,"y":1074},{"x":1617,"y":1069},{"x":1977,"y":1084}],"direction":"hrl","glyphs":[{"index":52,"name":"𓏲","position":{"x":446,"y":1083,"w":46,"h":42}},{"index":51,"name":"𓊪","position":{"x":493,"y":1083,"w":24,"h":26}},{"index":49,"name":"𓋴","position":{"x":522,"y":1060,"w":19,"h":62}},{"index":48,"name":"𓈇𓐰𓏥","position":{"x":546,"y":1065,"w":22,"h":54}},{"index":47,"name":"𓏏","position":{"x":574,"y":1100,"w":20,"h":20}},{"index":46,"name":"𓎛","position":{"x":593,"y":1056,"w":20,"h":64}},{"index":45,"name":"𓄿","position":{"x":619,"y":1069,"w":56,"h":50}},{"index":44,"name":"𓏮","position":{"x":676,"y":1068,"w":20,"h":55}},{"index":42,"name":"𓏤","position":{"x":710,"y":1102,"w":11,"h":11}},{"index":41,"name":"𓊗","position":{"x":745,"y":1098,"w":20,"h":26}},{"index":4,"name":"𓊃","position":{"x":750,"y":1070,"w":64,"h":27}},{"index":13,"name":"𓊪","position":{"x":772,"y":1089,"w":40,"h":25}},{"index":39,"name":"𓂋","position":{"x":826,"y":1086,"w":39,"h":27}},{"index":38,"name":"𓏮","position":{"x":903,"y":1079,"w":19,"h":63}},{"index":36,"name":"𓏤","position":{"x":939,"y":1117,"w":10,"h":14}},{"index":35,"name":"𓏲","position":{"x":982,"y":1100,"w":12,"h":38}},{"index":34,"name":"𓊪","position":{"x":1002,"y":1101,"w":37,"h":36}},{"index":33,"name":"𓋴","position":{"x":1052,"y":1080,"w":20,"h":64}},{"index":32,"name":"𓈇𓐰𓏥","position":{"x":1080,"y":1082,"w":28,"h":53}},{"index":31,"name":"𓏏","position":{"x":1118,"y":1114,"w":23,"h":22}},{"index":30,"name":"𓎛","position":{"x":1141,"y":1065,"w":18,"h":68}},{"index":28,"name":"𓄿","position":{"x":1170,"y":1090,"w":60,"h":41}},{"index":26,"name":"𓆽","position":{"x":1240,"y":1081,"w":37,"h":50}},{"index":25,"name":"𓏮","position":{"x":1291,"y":1105,"w":19,"h":18}},{"index":24,"name":"𓍣","position":{"x":1332,"y":1092,"w":102,"h":38}},{"index":22,"name":"𓐝","position":{"x":1449,"y":1090,"w":33,"h":21}},{"index":21,"name":"𓂋","position":{"x":1526,"y":1133,"w":32,"h":17}},{"index":19,"name":"𓆣","position":{"x":1576,"y":1080,"w":40,"h":76}},{"index":14,"name":"𓇋","position":{"x":1625,"y":1086,"w":22,"h":71}},{"index":12,"name":"𓏇","position":{"x":1647,"y":1092,"w":31,"h":68}},{"index":11,"name":"𓁹","position":{"x":1688,"y":1100,"w":97,"h":22}},{"index":10,"name":"𓏏","position":{"x":1717,"y":1132,"w":28,"h":18}},{"index":9,"name":"𓋴","position":{"x":1798,"y":1095,"w":16,"h":63}},{"index":8,"name":"𓈇𓐰𓏥","position":{"x":1828,"y":1103,"w":26,"h":47}},{"index":7,"name":"𓏏","position":{"x":1861,"y":1133,"w":22,"h":18}},{"index":6,"name":"𓎛","position":{"x":1887,"y":1086,"w":17,"h":70}},{"index":5,"name":"𓄿","position":{"x":1913,"y":1103,"w":52,"h":55}},{"index":3,"name":"𓀁","position":{"x":1971,"y":1102,"w":39,"h":58}},{"index":2,"name":"𓆵","position":{"x":2008,"y":1108,"w":28,"h":55}},{"index":1,"name":"𓊪𓐰𓏏","position":{"x":2044,"y":1101,"w":43,"h":69}},{"index":0,"name":"𓏭","position":{"x":2053,"y":1142,"w":17,"h":19}}]},{"index":12,"name":"D1","points":[{"x":1454,"y":1191},{"x":1451,"y":1262},{"x":1414,"y":1264},{"x":1333,"y":1265},{"x":1231,"y":1268},{"x":1214,"y":1262},{"x":1087,"y":1266},{"x":937,"y":1271},{"x":828,"y":1230},{"x":723,"y":1228},{"x":675,"y":1223},{"x":629,"y":1207},{"x":671,"y":1186},{"x":701,"y":1178},{"x":753,"y":1186},{"x":1143,"y":1186},{"x":1285,"y":1187},{"x":1385,"y":1184}],"direction":"hrl","glyphs":[{"index":0,"name":"𓎇","position":{"x":694,"y":1182,"w":22,"h":41}},{"index":25,"name":"𓆱","position":{"x":734,"y":1196,"w":40,"h":19}},{"index":24,"name":"𓈇𓐰𓏥","position":{"x":894,"y":1202,"w":22,"h":54}},{"index":23,"name":"𓏏","position":{"x":927,"y":1235,"w":20,"h":31}},{"index":22,"name":"𓎛","position":{"x":945,"y":1194,"w":20,"h":68}},{"index":21,"name":"𓄿","position":{"x":970,"y":1208,"w":56,"h":49}},{"index":20,"name":"𓈖","position":{"x":1005,"y":1204,"w":53,"h":28}},{"index":19,"name":"𓏏","position":{"x":1030,"y":1235,"w":25,"h":17}},{"index":18,"name":"𓊦","position":{"x":1070,"y":1191,"w":60,"h":47}},{"index":17,"name":"𓏤","position":{"x":1093,"y":1231,"w":9,"h":23}},{"index":16,"name":"𓈇","position":{"x":1110,"y":1238,"w":15,"h":18}},{"index":15,"name":"𓎡","position":{"x":1117,"y":1204,"w":69,"h":27}},{"index":14,"name":"𓏏","position":{"x":1148,"y":1240,"w":26,"h":16}},{"index":13,"name":"𓄿","position":{"x":1195,"y":1207,"w":50,"h":51}},{"index":11,"name":"𓇉","position":{"x":1236,"y":1189,"w":43,"h":72}},{"index":7,"name":"𓈖","position":{"x":1274,"y":1201,"w":40,"h":41}},{"index":6,"name":"𓎡","position":{"x":1280,"y":1237,"w":89,"h":25}},{"index":5,"name":"𓆓","position":{"x":1314,"y":1186,"w":69,"h":40}},{"index":4,"name":"𓂧","position":{"x":1327,"y":1211,"w":67,"h":35}},{"index":3,"name":"𓇋","position":{"x":1395,"y":1192,"w":28,"h":68}},{"index":1,"name":"𓏇","position":{"x":1419,"y":1194,"w":30,"h":65}}]},{"index":13,"name":"D2","points":[{"x":2105,"y":1272},{"x":2093,"y":1331},{"x":2046,"y":1333},{"x":1932,"y":1339},{"x":1831,"y":1333},{"x":1684,"y":1341},{"x":1649,"y":1347},{"x":1613,"y":1339},{"x":1578,"y":1346},{"x":1457,"y":1343},{"x":1324,"y":1336},{"x":1207,"y":1349},{"x":1104,"y":1345},{"x":977,"y":1345},{"x":940,"y":1342},{"x":909,"y":1346},{"x":845,"y":1344},{"x":775,"y":1316},{"x":478,"y":1299},{"x":488,"y":1196},{"x":567,"y":1191},{"x":603,"y":1226},{"x":834,"y":1253},{"x":932,"y":1272},{"x":1216,"y":1264},{"x":1311,"y":1272},{"x":1467,"y":1269},{"x":1680,"y":1257},{"x":1862,"y":1268},{"x":1910,"y":1261},{"x":2007,"y":1269}],"direction":"hrl","glyphs":[{"index":66,"name":"𓏿","position":{"x":493,"y":1234,"w":38,"h":62}},{"index":65,"name":"𓆱","position":{"x":494,"y":1203,"w":46,"h":20}},{"index":57,"name":"𓏽","position":{"x":751,"y":1259,"w":41,"h":31}},{"index":53,"name":"𓆱","position":{"x":813,"y":1264,"w":37,"h":16}},{"index":52,"name":"𓋴","position":{"x":856,"y":1278,"w":19,"h":63}},{"index":51,"name":"𓈇𓐰𓏥","position":{"x":879,"y":1282,"w":22,"h":53}},{"index":50,"name":"𓏏","position":{"x":906,"y":1320,"w":9,"h":14}},{"index":49,"name":"𓎛","position":{"x":910,"y":1276,"w":16,"h":64}},{"index":4,"name":"𓄿","position":{"x":934,"y":1279,"w":44,"h":57}},{"index":7,"name":"𓀁","position":{"x":967,"y":1274,"w":19,"h":66}},{"index":9,"name":"𓆵","position":{"x":993,"y":1281,"w":26,"h":56}},{"index":13,"name":"𓊪𓐰𓏏","position":{"x":1018,"y":1278,"w":33,"h":60}},{"index":14,"name":"𓏭","position":{"x":1019,"y":1309,"w":15,"h":24}},{"index":46,"name":"𓏤","position":{"x":1060,"y":1280,"w":9,"h":57}},{"index":45,"name":"𓈇","position":{"x":1078,"y":1312,"w":21,"h":23}},{"index":44,"name":"𓎡","position":{"x":1095,"y":1276,"w":72,"h":26}},{"index":43,"name":"𓊦","position":{"x":1106,"y":1302,"w":67,"h":36}},{"index":19,"name":"𓄿","position":{"x":1170,"y":1286,"w":47,"h":44}},{"index":20,"name":"𓇉","position":{"x":1209,"y":1270,"w":24,"h":70}},{"index":39,"name":"𓄿","position":{"x":1237,"y":1298,"w":21,"h":33}},{"index":38,"name":"𓅯","position":{"x":1270,"y":1275,"w":64,"h":52}},{"index":21,"name":"𓏤","position":{"x":1338,"y":1277,"w":8,"h":54}},{"index":22,"name":"𓁷","position":{"x":1344,"y":1277,"w":28,"h":55}},{"index":35,"name":"𓏽","position":{"x":1384,"y":1311,"w":57,"h":24}},{"index":34,"name":"𓆱","position":{"x":1386,"y":1276,"w":60,"h":29}},{"index":30,"name":"𓋴","position":{"x":1458,"y":1274,"w":18,"h":66}},{"index":29,"name":"𓂋𓐰𓏤","position":{"x":1480,"y":1277,"w":30,"h":57}},{"index":28,"name":"𓏤","position":{"x":1518,"y":1283,"w":9,"h":54}},{"index":27,"name":"𓁶","position":{"x":1536,"y":1282,"w":44,"h":58}},{"index":5,"name":"𓅓","position":{"x":1571,"y":1279,"w":31,"h":58}},{"index":25,"name":"𓆱","position":{"x":1612,"y":1274,"w":57,"h":28}},{"index":24,"name":"𓏿","position":{"x":1618,"y":1303,"w":47,"h":37}},{"index":18,"name":"𓋴","position":{"x":1680,"y":1271,"w":17,"h":64}},{"index":17,"name":"𓏏𓐰𓈇","position":{"x":1703,"y":1272,"w":25,"h":51}},{"index":16,"name":"𓇋","position":{"x":1731,"y":1270,"w":20,"h":57}},{"index":15,"name":"𓇋","position":{"x":1750,"y":1270,"w":26,"h":58}},{"index":31,"name":"𓌻","position":{"x":1766,"y":1278,"w":58,"h":39}},{"index":12,"name":"𓂋","position":{"x":1787,"y":1304,"w":33,"h":21}},{"index":11,"name":"𓏤","position":{"x":1837,"y":1273,"w":8,"h":50}},{"index":23,"name":"𓁷","position":{"x":1843,"y":1274,"w":24,"h":49}},{"index":10,"name":"𓎇","position":{"x":1875,"y":1268,"w":33,"h":63}},{"index":8,"name":"𓆱","position":{"x":1915,"y":1271,"w":50,"h":36}},{"index":6,"name":"𓏥","position":{"x":1934,"y":1311,"w":39,"h":16}},{"index":3,"name":"𓈖","position":{"x":1980,"y":1279,"w":47,"h":25}},{"index":2,"name":"𓏏","position":{"x":2005,"y":1307,"w":26,"h":17}},{"index":1,"name":"𓈖","position":{"x":2038,"y":1283,"w":47,"h":16}},{"index":0,"name":"𓏏","position":{"x":2059,"y":1309,"w":26,"h":17}}]},{"index":14,"name":"D3","points":[{"x":2124,"y":1334},{"x":2129,"y":1418},{"x":2019,"y":1414},{"x":1999,"y":1417},{"x":1985,"y":1432},{"x":1946,"y":1410},{"x":1932,"y":1409},{"x":1901,"y":1404},{"x":1814,"y":1409},{"x":1723,"y":1408},{"x":1655,"y":1415},{"x":1565,"y":1410},{"x":1499,"y":1419},{"x":1435,"y":1413},{"x":1327,"y":1413},{"x":1320,"y":1419},{"x":1311,"y":1428},{"x":1253,"y":1418},{"x":1163,"y":1413},{"x":1063,"y":1417},{"x":993,"y":1412},{"x":877,"y":1413},{"x":790,"y":1395},{"x":719,"y":1380},{"x":612,"y":1379},{"x":550,"y":1371},{"x":535,"y":1356},{"x":545,"y":1329},{"x":660,"y":1322},{"x":792,"y":1324},{"x":871,"y":1345},{"x":958,"y":1341},{"x":1037,"y":1343},{"x":1163,"y":1342},{"x":1223,"y":1350},{"x":1317,"y":1335},{"x":1484,"y":1346},{"x":1582,"y":1345},{"x":1610,"y":1339},{"x":1652,"y":1349},{"x":1694,"y":1340},{"x":1831,"y":1334},{"x":1933,"y":1340},{"x":2085,"y":1332}],"direction":"hrl","glyphs":[{"index":50,"name":"𓆽","position":{"x":556,"y":1333,"w":22,"h":38}},{"index":49,"name":"𓏤","position":{"x":596,"y":1347,"w":6,"h":8}},{"index":47,"name":"𓆼","position":{"x":750,"y":1326,"w":25,"h":52}},{"index":46,"name":"𓏤","position":{"x":787,"y":1358,"w":12,"h":12}},{"index":45,"name":"𓋴","position":{"x":829,"y":1349,"w":17,"h":52}},{"index":44,"name":"𓂢","position":{"x":849,"y":1351,"w":61,"h":23}},{"index":43,"name":"𓏤","position":{"x":857,"y":1378,"w":8,"h":22}},{"index":14,"name":"𓈇","position":{"x":872,"y":1380,"w":13,"h":18}},{"index":15,"name":"𓆑","position":{"x":884,"y":1347,"w":61,"h":49}},{"index":40,"name":"𓂧","position":{"x":898,"y":1374,"w":58,"h":28}},{"index":39,"name":"𓇋","position":{"x":956,"y":1347,"w":22,"h":58}},{"index":38,"name":"𓂝","position":{"x":977,"y":1349,"w":34,"h":45}},{"index":37,"name":"𓏏","position":{"x":990,"y":1380,"w":27,"h":22}},{"index":36,"name":"𓂋","position":{"x":1020,"y":1357,"w":36,"h":21}},{"index":35,"name":"𓂋","position":{"x":1029,"y":1387,"w":37,"h":21}},{"index":34,"name":"𓏾","position":{"x":1063,"y":1353,"w":30,"h":54}},{"index":32,"name":"𓅓","position":{"x":1095,"y":1351,"w":25,"h":50}},{"index":31,"name":"𓎆","position":{"x":1125,"y":1353,"w":32,"h":55}},{"index":30,"name":"𓏤","position":{"x":1166,"y":1355,"w":7,"h":28}},{"index":29,"name":"𓈖","position":{"x":1172,"y":1399,"w":48,"h":9}},{"index":28,"name":"𓐝","position":{"x":1187,"y":1358,"w":40,"h":23}},{"index":8,"name":"𓎡","position":{"x":1239,"y":1396,"w":78,"h":28}},{"index":26,"name":"𓐍","position":{"x":1269,"y":1349,"w":42,"h":37}},{"index":13,"name":"𓂋","position":{"x":1287,"y":1383,"w":30,"h":38}},{"index":25,"name":"𓁹","position":{"x":1317,"y":1373,"w":91,"h":30}},{"index":24,"name":"𓎆","position":{"x":1408,"y":1353,"w":31,"h":57}},{"index":23,"name":"𓐍","position":{"x":1446,"y":1352,"w":30,"h":38}},{"index":22,"name":"𓂋","position":{"x":1456,"y":1391,"w":29,"h":22}},{"index":21,"name":"𓆣𓐰𓂋","position":{"x":1478,"y":1352,"w":34,"h":62}},{"index":19,"name":"𓎡","position":{"x":1517,"y":1358,"w":59,"h":26}},{"index":18,"name":"𓏤","position":{"x":1531,"y":1376,"w":9,"h":26}},{"index":17,"name":"𓈇","position":{"x":1546,"y":1384,"w":19,"h":21}},{"index":2,"name":"𓄿","position":{"x":1575,"y":1361,"w":46,"h":45}},{"index":5,"name":"𓇉","position":{"x":1609,"y":1347,"w":21,"h":60}},{"index":16,"name":"𓄿","position":{"x":1627,"y":1357,"w":62,"h":47}},{"index":20,"name":"𓅯","position":{"x":1680,"y":1350,"w":69,"h":51}},{"index":27,"name":"𓏤","position":{"x":1744,"y":1349,"w":7,"h":45}},{"index":33,"name":"𓁷","position":{"x":1749,"y":1345,"w":29,"h":53}},{"index":12,"name":"𓋴","position":{"x":1790,"y":1345,"w":20,"h":61}},{"index":11,"name":"𓂋𓐰𓏤","position":{"x":1816,"y":1346,"w":34,"h":56}},{"index":10,"name":"𓏤","position":{"x":1857,"y":1350,"w":8,"h":53}},{"index":9,"name":"𓁶","position":{"x":1880,"y":1346,"w":53,"h":54}},{"index":7,"name":"𓎡","position":{"x":1938,"y":1388,"w":52,"h":36}},{"index":6,"name":"𓐍","position":{"x":1970,"y":1342,"w":38,"h":32}},{"index":4,"name":"𓂋","position":{"x":1981,"y":1376,"w":34,"h":27}},{"index":3,"name":"𓏭","position":{"x":2019,"y":1378,"w":17,"h":21}},{"index":1,"name":"𓋬","position":{"x":2034,"y":1346,"w":76,"h":34}},{"index":0,"name":"𓂧","position":{"x":2045,"y":1380,"w":72,"h":20}}]},{"index":15,"name":"D4","points":[{"x":2151,"y":1427},{"x":2151,"y":1462},{"x":2066,"y":1494},{"x":1957,"y":1496},{"x":1815,"y":1494},{"x":1606,"y":1489},{"x":1379,"y":1492},{"x":1287,"y":1498},{"x":1112,"y":1491},{"x":980,"y":1498},{"x":852,"y":1463},{"x":813,"y":1451},{"x":700,"y":1453},{"x":607,"y":1450},{"x":591,"y":1447},{"x":577,"y":1452},{"x":553,"y":1449},{"x":489,"y":1456},{"x":443,"y":1446},{"x":369,"y":1443},{"x":377,"y":1388},{"x":471,"y":1387},{"x":547,"y":1371},{"x":619,"y":1386},{"x":709,"y":1382},{"x":825,"y":1406},{"x":1000,"y":1411},{"x":1110,"y":1415},{"x":1250,"y":1417},{"x":1282,"y":1426},{"x":1310,"y":1428},{"x":1328,"y":1413},{"x":1505,"y":1423},{"x":1641,"y":1416},{"x":1720,"y":1408},{"x":1813,"y":1416},{"x":1900,"y":1403},{"x":1932,"y":1409},{"x":1952,"y":1411},{"x":1985,"y":1435},{"x":2009,"y":1417},{"x":2041,"y":1411}],"direction":"hrl","glyphs":[{"index":56,"name":"𓅓","position":{"x":384,"y":1397,"w":25,"h":43}},{"index":55,"name":"𓁹","position":{"x":419,"y":1421,"w":62,"h":20}},{"index":54,"name":"𓂭","position":{"x":481,"y":1399,"w":30,"h":52}},{"index":52,"name":"𓏛","position":{"x":507,"y":1409,"w":19,"h":28}},{"index":50,"name":"𓇃","position":{"x":543,"y":1411,"w":43,"h":38}},{"index":49,"name":"𓆿","position":{"x":548,"y":1375,"w":34,"h":34}},{"index":48,"name":"𓏽","position":{"x":595,"y":1431,"w":36,"h":10}},{"index":47,"name":"𓏮","position":{"x":598,"y":1389,"w":20,"h":10}},{"index":44,"name":"𓍫","position":{"x":688,"y":1394,"w":85,"h":47}},{"index":39,"name":"𓐝","position":{"x":777,"y":1406,"w":34,"h":22}},{"index":38,"name":"𓆣𓐰𓂋","position":{"x":983,"y":1420,"w":38,"h":65}},{"index":36,"name":"𓇋","position":{"x":1022,"y":1420,"w":26,"h":64}},{"index":34,"name":"𓏇","position":{"x":1046,"y":1420,"w":31,"h":62}},{"index":33,"name":"𓁹","position":{"x":1086,"y":1425,"w":91,"h":26}},{"index":32,"name":"𓏏","position":{"x":1108,"y":1454,"w":28,"h":21}},{"index":31,"name":"𓏲","position":{"x":1153,"y":1441,"w":30,"h":42}},{"index":30,"name":"𓊪","position":{"x":1186,"y":1449,"w":37,"h":30}},{"index":29,"name":"𓋴","position":{"x":1234,"y":1422,"w":20,"h":57}},{"index":28,"name":"𓈇𓐰𓏥","position":{"x":1254,"y":1431,"w":30,"h":48}},{"index":27,"name":"𓏏","position":{"x":1288,"y":1460,"w":21,"h":27}},{"index":26,"name":"𓎛","position":{"x":1308,"y":1422,"w":20,"h":66}},{"index":25,"name":"𓄿","position":{"x":1332,"y":1433,"w":49,"h":46}},{"index":24,"name":"𓎆","position":{"x":1384,"y":1429,"w":26,"h":55}},{"index":23,"name":"𓐍","position":{"x":1421,"y":1431,"w":33,"h":33}},{"index":22,"name":"𓂋","position":{"x":1427,"y":1467,"w":35,"h":19}},{"index":21,"name":"𓆣𓐰𓂋","position":{"x":1463,"y":1426,"w":38,"h":60}},{"index":19,"name":"𓏾","position":{"x":1505,"y":1429,"w":39,"h":54}},{"index":16,"name":"𓏪","position":{"x":1550,"y":1433,"w":11,"h":46}},{"index":6,"name":"𓊃","position":{"x":1573,"y":1425,"w":70,"h":28}},{"index":14,"name":"𓊗","position":{"x":1576,"y":1453,"w":17,"h":29}},{"index":7,"name":"𓊪","position":{"x":1603,"y":1449,"w":32,"h":24}},{"index":13,"name":"𓂋","position":{"x":1650,"y":1451,"w":32,"h":22}},{"index":12,"name":"𓎇","position":{"x":1697,"y":1414,"w":28,"h":61}},{"index":10,"name":"𓅓","position":{"x":1731,"y":1422,"w":31,"h":55}},{"index":9,"name":"𓏤","position":{"x":1775,"y":1424,"w":7,"h":57}},{"index":8,"name":"𓁶","position":{"x":1787,"y":1426,"w":53,"h":60}},{"index":57,"name":"𓏛","position":{"x":1840,"y":1448,"w":20,"h":34}},{"index":5,"name":"𓎛","position":{"x":1860,"y":1419,"w":15,"h":68}},{"index":2,"name":"𓎝","position":{"x":1879,"y":1412,"w":64,"h":71}},{"index":4,"name":"𓎡","position":{"x":1938,"y":1458,"w":62,"h":34}},{"index":3,"name":"𓐍","position":{"x":1991,"y":1418,"w":42,"h":33}},{"index":1,"name":"𓂋","position":{"x":2006,"y":1451,"w":30,"h":33}},{"index":0,"name":"𓁹","position":{"x":2042,"y":1440,"w":104,"h":27}}]},{"index":16,"name":"D5","points":[{"x":845,"y":1459},{"x":848,"y":1518},{"x":733,"y":1520},{"x":565,"y":1523},{"x":400,"y":1516},{"x":355,"y":1507},{"x":355,"y":1448},{"x":406,"y":1445},{"x":454,"y":1447},{"x":493,"y":1456},{"x":558,"y":1448},{"x":577,"y":1452},{"x":601,"y":1446},{"x":696,"y":1455},{"x":832,"y":1448}],"direction":"hrl","glyphs":[{"index":19,"name":"𓎇","position":{"x":366,"y":1450,"w":26,"h":52}},{"index":17,"name":"𓈇𓐰𓏥","position":{"x":401,"y":1459,"w":18,"h":37}},{"index":16,"name":"𓏏","position":{"x":425,"y":1482,"w":14,"h":17}},{"index":15,"name":"𓎛","position":{"x":441,"y":1452,"w":12,"h":50}},{"index":14,"name":"𓄿","position":{"x":462,"y":1458,"w":37,"h":44}},{"index":13,"name":"𓈇𓐰𓏥","position":{"x":528,"y":1458,"w":20,"h":53}},{"index":12,"name":"𓏏","position":{"x":559,"y":1492,"w":20,"h":21}},{"index":11,"name":"𓎛","position":{"x":577,"y":1450,"w":19,"h":66}},{"index":1,"name":"𓄿","position":{"x":603,"y":1464,"w":43,"h":47}},{"index":4,"name":"𓅓","position":{"x":635,"y":1464,"w":25,"h":49}},{"index":9,"name":"𓏲","position":{"x":655,"y":1482,"w":24,"h":37}},{"index":8,"name":"𓊪","position":{"x":683,"y":1485,"w":30,"h":28}},{"index":6,"name":"𓋴","position":{"x":723,"y":1459,"w":13,"h":54}},{"index":5,"name":"𓏪","position":{"x":746,"y":1469,"w":10,"h":36}},{"index":3,"name":"𓏏","position":{"x":763,"y":1459,"w":22,"h":24}},{"index":2,"name":"𓏛","position":{"x":774,"y":1485,"w":25,"h":25}},{"index":0,"name":"𓂋𓐰𓐍","position":{"x":794,"y":1458,"w":39,"h":51}}]}]}],"history":[{"username":"noname","date":"2023-08-23T16:01:02.940Z"}]}