{"index": 11, "name": "Peasant R", "creator": "Möller", "provenance": "Thebes", "period": "13 dyn", "pages": [{"index": 0, "name": "1.1-8", "type": "", "images": [], "lines": [{"index": 0, "name": "1.1", "points": [{"x": 1410, "y": 243}, {"x": 1413, "y": 305}, {"x": 1352, "y": 313}, {"x": 1302, "y": 303}, {"x": 1263, "y": 319}, {"x": 1220, "y": 325}, {"x": 1143, "y": 337}, {"x": 1101, "y": 346}, {"x": 1079, "y": 362}, {"x": 1081, "y": 343}, {"x": 1038, "y": 350}, {"x": 1020, "y": 359}, {"x": 1021, "y": 376}, {"x": 1014, "y": 392}, {"x": 1005, "y": 392}, {"x": 1000, "y": 361}, {"x": 980, "y": 347}, {"x": 940, "y": 334}, {"x": 921, "y": 344}, {"x": 911, "y": 338}, {"x": 901, "y": 346}, {"x": 887, "y": 356}, {"x": 845, "y": 334}, {"x": 807, "y": 351}, {"x": 785, "y": 338}, {"x": 751, "y": 345}, {"x": 731, "y": 349}, {"x": 726, "y": 364}, {"x": 716, "y": 385}, {"x": 701, "y": 397}, {"x": 694, "y": 388}, {"x": 704, "y": 382}, {"x": 705, "y": 373}, {"x": 697, "y": 368}, {"x": 684, "y": 360}, {"x": 667, "y": 345}, {"x": 657, "y": 344}, {"x": 648, "y": 336}, {"x": 592, "y": 344}, {"x": 497, "y": 335}, {"x": 477, "y": 352}, {"x": 452, "y": 335}, {"x": 374, "y": 326}, {"x": 328, "y": 336}, {"x": 307, "y": 331}, {"x": 297, "y": 324}, {"x": 262, "y": 326}, {"x": 188, "y": 313}, {"x": 205, "y": 278}, {"x": 307, "y": 266}, {"x": 379, "y": 263}, {"x": 607, "y": 264}, {"x": 830, "y": 276}, {"x": 1070, "y": 259}, {"x": 1254, "y": 245}], "direction": "hrl", "glyphs": [{"index": 33, "name": "𓊖", "position": {"x": 209, "y": 282, "w": 54, "h": 30}}, {"index": 32, "name": "𓏥", "position": {"x": 259, "y": 311, "w": 36, "h": 13}}, {"index": 31, "name": "𓈒", "position": {"x": 265, "y": 282, "w": 27, "h": 24}}, {"index": 30, "name": "𓎛𓌳", "position": {"x": 376, "y": 267, "w": 61, "h": 62}}, {"index": 29, "name": "𓈇", "position": {"x": 442, "y": 295, "w": 35, "h": 39}}, {"index": 28, "name": "𓏏", "position": {"x": 454, "y": 278, "w": 19, "h": 16}}, {"index": 27, "name": "𓇏", "position": {"x": 476, "y": 276, "w": 67, "h": 67}}, {"index": 26, "name": "𓊪", "position": {"x": 554, "y": 284, "w": 49, "h": 32}}, {"index": 24, "name": "𓈖", "position": {"x": 558, "y": 316, "w": 53, "h": 24}}, {"index": 23, "name": "𓀀", "position": {"x": 613, "y": 306, "w": 35, "h": 20}}, {"index": 22, "name": "𓏏", "position": {"x": 645, "y": 282, "w": 34, "h": 35}}, {"index": 21, "name": "𓏭", "position": {"x": 654, "y": 314, "w": 22, "h": 29}}, {"index": 19, "name": "𓇏", "position": {"x": 680, "y": 288, "w": 69, "h": 69}}, {"index": 18, "name": "𓆑", "position": {"x": 706, "y": 316, "w": 70, "h": 71}}, {"index": 17, "name": "𓂋𓐰𓈖", "position": {"x": 781, "y": 289, "w": 54, "h": 51}}, {"index": 16, "name": "𓀀", "position": {"x": 835, "y": 302, "w": 32, "h": 25}}, {"index": 14, "name": "𓏛𓐰𓈖", "position": {"x": 866, "y": 280, "w": 53, "h": 71}}, {"index": 12, "name": "𓏲", "position": {"x": 920, "y": 288, "w": 26, "h": 53}}, {"index": 11, "name": "𓐍", "position": {"x": 955, "y": 289, "w": 59, "h": 25}}, {"index": 10, "name": "𓂡", "position": {"x": 963, "y": 320, "w": 46, "h": 27}}, {"index": 8, "name": "𓏲", "position": {"x": 1081, "y": 293, "w": 44, "h": 64}}, {"index": 7, "name": "𓇋", "position": {"x": 1162, "y": 260, "w": 29, "h": 66}}]}, {"index": 1, "name": "1.2", "points": [{"x": 1406, "y": 313}, {"x": 1409, "y": 387}, {"x": 1358, "y": 391}, {"x": 1312, "y": 390}, {"x": 1294, "y": 403}, {"x": 1285, "y": 405}, {"x": 1281, "y": 403}, {"x": 1298, "y": 393}, {"x": 1312, "y": 381}, {"x": 1287, "y": 383}, {"x": 1252, "y": 391}, {"x": 1180, "y": 393}, {"x": 1157, "y": 396}, {"x": 1122, "y": 395}, {"x": 1110, "y": 402}, {"x": 1094, "y": 416}, {"x": 1086, "y": 421}, {"x": 1076, "y": 422}, {"x": 1073, "y": 415}, {"x": 1084, "y": 411}, {"x": 1095, "y": 407}, {"x": 1097, "y": 400}, {"x": 1095, "y": 392}, {"x": 1071, "y": 398}, {"x": 1040, "y": 402}, {"x": 1000, "y": 396}, {"x": 982, "y": 401}, {"x": 974, "y": 403}, {"x": 967, "y": 397}, {"x": 955, "y": 394}, {"x": 948, "y": 396}, {"x": 941, "y": 404}, {"x": 936, "y": 405}, {"x": 931, "y": 398}, {"x": 890, "y": 404}, {"x": 887, "y": 391}, {"x": 858, "y": 391}, {"x": 836, "y": 402}, {"x": 778, "y": 399}, {"x": 746, "y": 400}, {"x": 740, "y": 413}, {"x": 735, "y": 414}, {"x": 727, "y": 411}, {"x": 722, "y": 403}, {"x": 701, "y": 405}, {"x": 695, "y": 391}, {"x": 671, "y": 393}, {"x": 654, "y": 402}, {"x": 636, "y": 394}, {"x": 616, "y": 396}, {"x": 597, "y": 401}, {"x": 590, "y": 396}, {"x": 571, "y": 395}, {"x": 525, "y": 399}, {"x": 511, "y": 390}, {"x": 505, "y": 391}, {"x": 496, "y": 399}, {"x": 491, "y": 405}, {"x": 492, "y": 419}, {"x": 489, "y": 426}, {"x": 476, "y": 419}, {"x": 486, "y": 388}, {"x": 468, "y": 383}, {"x": 447, "y": 389}, {"x": 433, "y": 393}, {"x": 414, "y": 399}, {"x": 406, "y": 405}, {"x": 402, "y": 405}, {"x": 401, "y": 398}, {"x": 410, "y": 391}, {"x": 409, "y": 386}, {"x": 402, "y": 387}, {"x": 359, "y": 381}, {"x": 340, "y": 389}, {"x": 305, "y": 390}, {"x": 294, "y": 397}, {"x": 291, "y": 400}, {"x": 281, "y": 408}, {"x": 276, "y": 410}, {"x": 267, "y": 400}, {"x": 284, "y": 396}, {"x": 290, "y": 393}, {"x": 301, "y": 385}, {"x": 296, "y": 379}, {"x": 287, "y": 385}, {"x": 258, "y": 384}, {"x": 228, "y": 373}, {"x": 190, "y": 379}, {"x": 168, "y": 361}, {"x": 184, "y": 326}, {"x": 212, "y": 319}, {"x": 257, "y": 326}, {"x": 276, "y": 325}, {"x": 298, "y": 323}, {"x": 326, "y": 338}, {"x": 377, "y": 325}, {"x": 455, "y": 338}, {"x": 479, "y": 351}, {"x": 496, "y": 337}, {"x": 595, "y": 344}, {"x": 648, "y": 335}, {"x": 659, "y": 346}, {"x": 693, "y": 364}, {"x": 709, "y": 349}, {"x": 732, "y": 349}, {"x": 786, "y": 338}, {"x": 808, "y": 350}, {"x": 846, "y": 333}, {"x": 891, "y": 342}, {"x": 910, "y": 338}, {"x": 924, "y": 344}, {"x": 942, "y": 334}, {"x": 984, "y": 349}, {"x": 1000, "y": 359}, {"x": 1020, "y": 361}, {"x": 1046, "y": 348}, {"x": 1082, "y": 342}, {"x": 1079, "y": 363}, {"x": 1104, "y": 344}, {"x": 1268, "y": 318}, {"x": 1303, "y": 302}, {"x": 1353, "y": 314}, {"x": 1400, "y": 309}], "direction": "hrl", "glyphs": [{"index": 41, "name": "𓄿𓐷𓏏𓐰𓂻𓐸", "position": {"x": 182, "y": 324, "w": 82, "h": 49}}, {"index": 40, "name": "𓅓", "position": {"x": 274, "y": 340, "w": 47, "h": 67}}, {"index": 39, "name": "𓏲", "position": {"x": 349, "y": 331, "w": 27, "h": 50}}, {"index": 38, "name": "𓂝𓐰𓏏", "position": {"x": 383, "y": 336, "w": 38, "h": 49}}, {"index": 37, "name": "𓅓", "position": {"x": 402, "y": 341, "w": 55, "h": 59}}, {"index": 0, "name": "𓋴", "position": {"x": 923, "y": 340, "w": 25, "h": 64}}, {"index": 6, "name": "𓈖", "position": {"x": 945, "y": 380, "w": 48, "h": 21}}, {"index": 20, "name": "𓂋", "position": {"x": 952, "y": 350, "w": 36, "h": 27}}, {"index": 18, "name": "𓀁", "position": {"x": 1035, "y": 350, "w": 53, "h": 48}}, {"index": 5, "name": "𓏏", "position": {"x": 1248, "y": 360, "w": 26, "h": 25}}, {"index": 4, "name": "𓃹𓐰𓈖", "position": {"x": 1280, "y": 316, "w": 57, "h": 87}}, {"index": 3, "name": "𓏏", "position": {"x": 1343, "y": 366, "w": 17, "h": 13}}, {"index": 2, "name": "𓋴", "position": {"x": 1351, "y": 315, "w": 27, "h": 72}}, {"index": 1, "name": "𓇋", "position": {"x": 1378, "y": 321, "w": 27, "h": 61}}]}, {"index": 2, "name": "1.3", "points": [{"x": 1406, "y": 391}, {"x": 1400, "y": 436}, {"x": 1363, "y": 442}, {"x": 1262, "y": 443}, {"x": 1244, "y": 436}, {"x": 1207, "y": 452}, {"x": 1195, "y": 443}, {"x": 1185, "y": 447}, {"x": 1187, "y": 457}, {"x": 1174, "y": 458}, {"x": 1163, "y": 445}, {"x": 1150, "y": 441}, {"x": 1130, "y": 449}, {"x": 1116, "y": 453}, {"x": 1111, "y": 444}, {"x": 1106, "y": 444}, {"x": 1099, "y": 446}, {"x": 1097, "y": 445}, {"x": 1091, "y": 447}, {"x": 1086, "y": 449}, {"x": 1060, "y": 445}, {"x": 1042, "y": 453}, {"x": 1031, "y": 460}, {"x": 1022, "y": 465}, {"x": 1017, "y": 463}, {"x": 1024, "y": 453}, {"x": 1003, "y": 451}, {"x": 984, "y": 443}, {"x": 974, "y": 433}, {"x": 962, "y": 451}, {"x": 949, "y": 455}, {"x": 946, "y": 444}, {"x": 934, "y": 449}, {"x": 916, "y": 468}, {"x": 902, "y": 480}, {"x": 894, "y": 484}, {"x": 889, "y": 483}, {"x": 889, "y": 479}, {"x": 900, "y": 468}, {"x": 906, "y": 460}, {"x": 903, "y": 452}, {"x": 899, "y": 450}, {"x": 889, "y": 454}, {"x": 870, "y": 456}, {"x": 851, "y": 458}, {"x": 840, "y": 456}, {"x": 824, "y": 462}, {"x": 814, "y": 456}, {"x": 799, "y": 459}, {"x": 792, "y": 461}, {"x": 788, "y": 458}, {"x": 794, "y": 452}, {"x": 786, "y": 444}, {"x": 769, "y": 452}, {"x": 716, "y": 447}, {"x": 709, "y": 443}, {"x": 683, "y": 448}, {"x": 619, "y": 444}, {"x": 573, "y": 450}, {"x": 523, "y": 453}, {"x": 519, "y": 453}, {"x": 507, "y": 459}, {"x": 504, "y": 459}, {"x": 503, "y": 452}, {"x": 495, "y": 444}, {"x": 451, "y": 443}, {"x": 435, "y": 449}, {"x": 430, "y": 454}, {"x": 426, "y": 454}, {"x": 424, "y": 449}, {"x": 426, "y": 445}, {"x": 435, "y": 440}, {"x": 432, "y": 435}, {"x": 418, "y": 437}, {"x": 399, "y": 439}, {"x": 387, "y": 444}, {"x": 382, "y": 444}, {"x": 377, "y": 439}, {"x": 324, "y": 440}, {"x": 252, "y": 442}, {"x": 205, "y": 446}, {"x": 176, "y": 424}, {"x": 185, "y": 377}, {"x": 232, "y": 374}, {"x": 271, "y": 406}, {"x": 276, "y": 410}, {"x": 285, "y": 403}, {"x": 292, "y": 398}, {"x": 284, "y": 394}, {"x": 279, "y": 391}, {"x": 286, "y": 386}, {"x": 299, "y": 380}, {"x": 300, "y": 387}, {"x": 307, "y": 390}, {"x": 359, "y": 382}, {"x": 399, "y": 386}, {"x": 413, "y": 386}, {"x": 410, "y": 393}, {"x": 410, "y": 397}, {"x": 416, "y": 398}, {"x": 446, "y": 389}, {"x": 475, "y": 383}, {"x": 484, "y": 387}, {"x": 476, "y": 421}, {"x": 491, "y": 425}, {"x": 492, "y": 413}, {"x": 492, "y": 405}, {"x": 494, "y": 401}, {"x": 509, "y": 388}, {"x": 529, "y": 401}, {"x": 574, "y": 395}, {"x": 590, "y": 396}, {"x": 599, "y": 401}, {"x": 625, "y": 395}, {"x": 639, "y": 394}, {"x": 651, "y": 402}, {"x": 667, "y": 398}, {"x": 694, "y": 392}, {"x": 699, "y": 394}, {"x": 701, "y": 404}, {"x": 721, "y": 404}, {"x": 727, "y": 410}, {"x": 739, "y": 411}, {"x": 746, "y": 401}, {"x": 774, "y": 397}, {"x": 838, "y": 402}, {"x": 863, "y": 390}, {"x": 887, "y": 392}, {"x": 894, "y": 405}, {"x": 933, "y": 397}, {"x": 940, "y": 400}, {"x": 942, "y": 403}, {"x": 952, "y": 395}, {"x": 969, "y": 395}, {"x": 970, "y": 403}, {"x": 983, "y": 402}, {"x": 999, "y": 395}, {"x": 1047, "y": 401}, {"x": 1078, "y": 397}, {"x": 1095, "y": 391}, {"x": 1096, "y": 404}, {"x": 1095, "y": 412}, {"x": 1120, "y": 395}, {"x": 1150, "y": 395}, {"x": 1160, "y": 396}, {"x": 1173, "y": 394}, {"x": 1256, "y": 391}, {"x": 1310, "y": 381}, {"x": 1310, "y": 387}, {"x": 1323, "y": 395}], "direction": "hrl", "glyphs": [{"index": 26, "name": "𓌾𓐰𓏥", "position": {"x": 195, "y": 378, "w": 43, "h": 61}}, {"index": 25, "name": "𓈖", "position": {"x": 239, "y": 407, "w": 36, "h": 17}}, {"index": 24, "name": "𓄿", "position": {"x": 273, "y": 383, "w": 63, "h": 50}}, {"index": 12, "name": "𓈖", "position": {"x": 348, "y": 422, "w": 54, "h": 22}}, {"index": 22, "name": "𓀀", "position": {"x": 354, "y": 385, "w": 43, "h": 21}}, {"index": 15, "name": "𓂝", "position": {"x": 399, "y": 388, "w": 49, "h": 37}}, {"index": 23, "name": "𓈖", "position": {"x": 398, "y": 423, "w": 50, "h": 28}}, {"index": 19, "name": "𓄿", "position": {"x": 447, "y": 388, "w": 46, "h": 52}}, {"index": 20, "name": "𓆼", "position": {"x": 493, "y": 393, "w": 38, "h": 65}}, {"index": 18, "name": "𓇓", "position": {"x": 557, "y": 397, "w": 43, "h": 50}}, {"index": 17, "name": "𓅓𓐰𓂻", "position": {"x": 595, "y": 396, "w": 59, "h": 43}}, {"index": 16, "name": "𓈝", "position": {"x": 643, "y": 394, "w": 77, "h": 49}}, {"index": 14, "name": "𓏥", "position": {"x": 712, "y": 409, "w": 40, "h": 18}}, {"index": 13, "name": "𓀀", "position": {"x": 719, "y": 426, "w": 33, "h": 19}}, {"index": 11, "name": "𓏲", "position": {"x": 790, "y": 411, "w": 20, "h": 49}}, {"index": 10, "name": "𓀔", "position": {"x": 819, "y": 396, "w": 67, "h": 63}}, {"index": 9, "name": "𓈖", "position": {"x": 870, "y": 422, "w": 50, "h": 29}}, {"index": 28, "name": "𓅓", "position": {"x": 895, "y": 400, "w": 46, "h": 80}}, {"index": 8, "name": "𓇋", "position": {"x": 946, "y": 396, "w": 19, "h": 54}}, {"index": 7, "name": "𓈀", "position": {"x": 977, "y": 398, "w": 39, "h": 34}}, {"index": 6, "name": "𓏥", "position": {"x": 980, "y": 427, "w": 42, "h": 17}}, {"index": 5, "name": "𓏲", "position": {"x": 1012, "y": 404, "w": 32, "h": 48}}, {"index": 4, "name": "𓅧", "position": {"x": 1020, "y": 396, "w": 81, "h": 67}}, {"index": 3, "name": "𓂋", "position": {"x": 1180, "y": 402, "w": 59, "h": 43}}, {"index": 2, "name": "𓆎", "position": {"x": 1255, "y": 385, "w": 80, "h": 31}}, {"index": 27, "name": "𓊖", "position": {"x": 1255, "y": 415, "w": 34, "h": 21}}, {"index": 1, "name": "𓏏", "position": {"x": 1292, "y": 418, "w": 32, "h": 19}}, {"index": 0, "name": "𓂋", "position": {"x": 1333, "y": 405, "w": 63, "h": 28}}]}, {"index": 3, "name": "1.4", "points": [{"x": 1399, "y": 442}, {"x": 1399, "y": 496}, {"x": 1366, "y": 507}, {"x": 1321, "y": 495}, {"x": 1272, "y": 522}, {"x": 1265, "y": 521}, {"x": 1270, "y": 508}, {"x": 1273, "y": 497}, {"x": 1216, "y": 496}, {"x": 1160, "y": 508}, {"x": 1149, "y": 508}, {"x": 1145, "y": 494}, {"x": 1123, "y": 497}, {"x": 1062, "y": 498}, {"x": 987, "y": 512}, {"x": 968, "y": 500}, {"x": 938, "y": 508}, {"x": 909, "y": 521}, {"x": 901, "y": 520}, {"x": 894, "y": 509}, {"x": 856, "y": 508}, {"x": 842, "y": 506}, {"x": 785, "y": 509}, {"x": 725, "y": 508}, {"x": 709, "y": 508}, {"x": 706, "y": 511}, {"x": 700, "y": 513}, {"x": 681, "y": 505}, {"x": 667, "y": 508}, {"x": 655, "y": 503}, {"x": 625, "y": 515}, {"x": 617, "y": 517}, {"x": 613, "y": 517}, {"x": 613, "y": 515}, {"x": 616, "y": 509}, {"x": 615, "y": 502}, {"x": 579, "y": 502}, {"x": 542, "y": 506}, {"x": 531, "y": 499}, {"x": 505, "y": 503}, {"x": 487, "y": 507}, {"x": 472, "y": 493}, {"x": 432, "y": 497}, {"x": 428, "y": 498}, {"x": 422, "y": 500}, {"x": 404, "y": 506}, {"x": 386, "y": 497}, {"x": 379, "y": 499}, {"x": 377, "y": 507}, {"x": 378, "y": 509}, {"x": 379, "y": 512}, {"x": 376, "y": 513}, {"x": 371, "y": 513}, {"x": 362, "y": 512}, {"x": 343, "y": 502}, {"x": 326, "y": 507}, {"x": 325, "y": 498}, {"x": 328, "y": 488}, {"x": 325, "y": 484}, {"x": 320, "y": 482}, {"x": 308, "y": 487}, {"x": 288, "y": 489}, {"x": 263, "y": 483}, {"x": 262, "y": 443}, {"x": 341, "y": 441}, {"x": 376, "y": 438}, {"x": 388, "y": 438}, {"x": 393, "y": 441}, {"x": 403, "y": 438}, {"x": 433, "y": 435}, {"x": 436, "y": 448}, {"x": 496, "y": 445}, {"x": 503, "y": 452}, {"x": 504, "y": 459}, {"x": 509, "y": 458}, {"x": 526, "y": 450}, {"x": 573, "y": 450}, {"x": 624, "y": 445}, {"x": 682, "y": 447}, {"x": 709, "y": 443}, {"x": 735, "y": 454}, {"x": 777, "y": 449}, {"x": 785, "y": 444}, {"x": 795, "y": 451}, {"x": 795, "y": 460}, {"x": 814, "y": 456}, {"x": 824, "y": 461}, {"x": 839, "y": 456}, {"x": 853, "y": 459}, {"x": 874, "y": 456}, {"x": 890, "y": 453}, {"x": 899, "y": 450}, {"x": 906, "y": 456}, {"x": 901, "y": 470}, {"x": 901, "y": 476}, {"x": 917, "y": 466}, {"x": 938, "y": 445}, {"x": 945, "y": 447}, {"x": 952, "y": 456}, {"x": 975, "y": 432}, {"x": 984, "y": 445}, {"x": 1010, "y": 446}, {"x": 1019, "y": 443}, {"x": 1023, "y": 444}, {"x": 1027, "y": 450}, {"x": 1018, "y": 460}, {"x": 1018, "y": 464}, {"x": 1024, "y": 464}, {"x": 1034, "y": 457}, {"x": 1047, "y": 450}, {"x": 1065, "y": 444}, {"x": 1086, "y": 446}, {"x": 1091, "y": 448}, {"x": 1105, "y": 442}, {"x": 1115, "y": 445}, {"x": 1119, "y": 450}, {"x": 1130, "y": 451}, {"x": 1143, "y": 445}, {"x": 1151, "y": 443}, {"x": 1162, "y": 444}, {"x": 1170, "y": 456}, {"x": 1180, "y": 458}, {"x": 1184, "y": 456}, {"x": 1183, "y": 451}, {"x": 1183, "y": 442}, {"x": 1194, "y": 442}, {"x": 1202, "y": 450}, {"x": 1241, "y": 436}, {"x": 1273, "y": 443}], "direction": "hrl", "glyphs": [{"index": 28, "name": "𓋴", "position": {"x": 412, "y": 437, "w": 23, "h": 62}}, {"index": 27, "name": "𓆑", "position": {"x": 435, "y": 448, "w": 67, "h": 38}}, {"index": 26, "name": "𓈖", "position": {"x": 448, "y": 477, "w": 58, "h": 26}}, {"index": 25, "name": "𓈖", "position": {"x": 506, "y": 483, "w": 51, "h": 19}}, {"index": 24, "name": "𓂝", "position": {"x": 510, "y": 456, "w": 50, "h": 17}}, {"index": 23, "name": "𓄿", "position": {"x": 558, "y": 454, "w": 51, "h": 42}}, {"index": 22, "name": "𓐷𓂝𓐰𓈖𓐸𓆼", "position": {"x": 605, "y": 448, "w": 83, "h": 68}}, {"index": 21, "name": "𓊢", "position": {"x": 681, "y": 447, "w": 31, "h": 64}}, {"index": 13, "name": "𓏥", "position": {"x": 811, "y": 458, "w": 41, "h": 17}}, {"index": 12, "name": "𓈖", "position": {"x": 811, "y": 484, "w": 47, "h": 21}}, {"index": 11, "name": "𓌾", "position": {"x": 860, "y": 452, "w": 56, "h": 68}}, {"index": 10, "name": "𓏥", "position": {"x": 912, "y": 483, "w": 49, "h": 18}}, {"index": 9, "name": "𓏏", "position": {"x": 922, "y": 449, "w": 27, "h": 22}}, {"index": 38, "name": "𓍒", "position": {"x": 958, "y": 438, "w": 29, "h": 63}}, {"index": 8, "name": "𓅓", "position": {"x": 989, "y": 445, "w": 37, "h": 64}}, {"index": 7, "name": "𓉐", "position": {"x": 1032, "y": 448, "w": 41, "h": 46}}, {"index": 37, "name": "𓌨", "position": {"x": 1070, "y": 445, "w": 57, "h": 28}}, {"index": 0, "name": "𓂋", "position": {"x": 1087, "y": 467, "w": 43, "h": 27}}, {"index": 4, "name": "𓅓𓐰𓂝", "position": {"x": 1130, "y": 443, "w": 46, "h": 62}}, {"index": 6, "name": "𓄿", "position": {"x": 1174, "y": 445, "w": 55, "h": 41}}, {"index": 5, "name": "𓅯", "position": {"x": 1218, "y": 441, "w": 64, "h": 52}}, {"index": 3, "name": "𓅓", "position": {"x": 1269, "y": 448, "w": 49, "h": 70}}, {"index": 2, "name": "𓈖𓐰𓏏", "position": {"x": 1326, "y": 448, "w": 67, "h": 51}}, {"index": 1, "name": "𓏭", "position": {"x": 1334, "y": 471, "w": 13, "h": 21}}]}, {"index": 4, "name": "1.5", "points": [{"x": 892, "y": 506}, {"x": 910, "y": 497}, {"x": 928, "y": 503}, {"x": 928, "y": 558}, {"x": 895, "y": 566}, {"x": 855, "y": 567}, {"x": 850, "y": 564}, {"x": 850, "y": 551}, {"x": 838, "y": 551}, {"x": 823, "y": 558}, {"x": 808, "y": 557}, {"x": 792, "y": 563}, {"x": 762, "y": 564}, {"x": 749, "y": 572}, {"x": 740, "y": 572}, {"x": 736, "y": 560}, {"x": 719, "y": 574}, {"x": 703, "y": 564}, {"x": 682, "y": 573}, {"x": 655, "y": 567}, {"x": 567, "y": 566}, {"x": 511, "y": 567}, {"x": 444, "y": 561}, {"x": 369, "y": 570}, {"x": 334, "y": 569}, {"x": 291, "y": 558}, {"x": 247, "y": 562}, {"x": 238, "y": 567}, {"x": 231, "y": 571}, {"x": 195, "y": 560}, {"x": 169, "y": 564}, {"x": 170, "y": 531}, {"x": 187, "y": 505}, {"x": 255, "y": 493}, {"x": 306, "y": 487}, {"x": 313, "y": 485}, {"x": 320, "y": 481}, {"x": 329, "y": 485}, {"x": 329, "y": 491}, {"x": 323, "y": 502}, {"x": 327, "y": 507}, {"x": 341, "y": 502}, {"x": 363, "y": 512}, {"x": 366, "y": 498}, {"x": 391, "y": 497}, {"x": 406, "y": 506}, {"x": 421, "y": 498}, {"x": 435, "y": 498}, {"x": 471, "y": 493}, {"x": 488, "y": 507}, {"x": 530, "y": 498}, {"x": 544, "y": 506}, {"x": 616, "y": 501}, {"x": 619, "y": 507}, {"x": 618, "y": 517}, {"x": 656, "y": 502}, {"x": 667, "y": 507}, {"x": 682, "y": 506}, {"x": 700, "y": 513}, {"x": 710, "y": 510}, {"x": 795, "y": 506}, {"x": 848, "y": 508}], "direction": "hrl", "glyphs": [{"index": 23, "name": "𓏏", "position": {"x": 176, "y": 526, "w": 22, "h": 32}}, {"index": 22, "name": "𓁐", "position": {"x": 202, "y": 509, "w": 32, "h": 20}}, {"index": 21, "name": "𓏥", "position": {"x": 202, "y": 542, "w": 41, "h": 26}}, {"index": 19, "name": "𓈖", "position": {"x": 323, "y": 505, "w": 34, "h": 26}}, {"index": 18, "name": "𓂝", "position": {"x": 328, "y": 530, "w": 40, "h": 37}}, {"index": 17, "name": "𓎛", "position": {"x": 368, "y": 499, "w": 20, "h": 65}}, {"index": 16, "name": "𓏲𓐷𓈀𓐰𓏥𓐸", "position": {"x": 392, "y": 498, "w": 80, "h": 50}}, {"index": 15, "name": "𓅧", "position": {"x": 445, "y": 502, "w": 94, "h": 58}}, {"index": 14, "name": "𓂋", "position": {"x": 538, "y": 522, "w": 53, "h": 36}}, {"index": 13, "name": "𓏮", "position": {"x": 591, "y": 504, "w": 35, "h": 53}}, {"index": 12, "name": "𓌿", "position": {"x": 629, "y": 508, "w": 58, "h": 62}}, {"index": 11, "name": "𓌾", "position": {"x": 670, "y": 511, "w": 54, "h": 59}}, {"index": 9, "name": "𓈖𓐰𓏏", "position": {"x": 722, "y": 515, "w": 44, "h": 54}}, {"index": 2, "name": "𓂝𓐰𓏏", "position": {"x": 832, "y": 511, "w": 44, "h": 51}}, {"index": 1, "name": "𓅓", "position": {"x": 879, "y": 498, "w": 43, "h": 60}}]}, {"index": 5, "name": "1.6", "points": [{"x": 1304, "y": 568}, {"x": 1370, "y": 562}, {"x": 1407, "y": 570}, {"x": 1418, "y": 579}, {"x": 1416, "y": 591}, {"x": 1396, "y": 630}, {"x": 1341, "y": 634}, {"x": 1298, "y": 630}, {"x": 1235, "y": 632}, {"x": 1209, "y": 640}, {"x": 1177, "y": 634}, {"x": 1161, "y": 643}, {"x": 1139, "y": 634}, {"x": 1122, "y": 631}, {"x": 1047, "y": 628}, {"x": 954, "y": 625}, {"x": 914, "y": 633}, {"x": 868, "y": 638}, {"x": 858, "y": 636}, {"x": 855, "y": 643}, {"x": 853, "y": 646}, {"x": 847, "y": 646}, {"x": 845, "y": 638}, {"x": 850, "y": 627}, {"x": 814, "y": 631}, {"x": 745, "y": 628}, {"x": 728, "y": 634}, {"x": 702, "y": 625}, {"x": 652, "y": 628}, {"x": 588, "y": 629}, {"x": 487, "y": 630}, {"x": 464, "y": 624}, {"x": 438, "y": 630}, {"x": 414, "y": 625}, {"x": 337, "y": 625}, {"x": 221, "y": 625}, {"x": 172, "y": 649}, {"x": 148, "y": 670}, {"x": 123, "y": 653}, {"x": 134, "y": 626}, {"x": 152, "y": 571}, {"x": 175, "y": 563}, {"x": 199, "y": 560}, {"x": 229, "y": 571}, {"x": 244, "y": 567}, {"x": 260, "y": 561}, {"x": 315, "y": 565}, {"x": 349, "y": 573}, {"x": 412, "y": 563}, {"x": 483, "y": 566}, {"x": 579, "y": 566}, {"x": 663, "y": 568}, {"x": 682, "y": 574}, {"x": 703, "y": 564}, {"x": 719, "y": 574}, {"x": 736, "y": 560}, {"x": 742, "y": 572}, {"x": 756, "y": 567}, {"x": 776, "y": 562}, {"x": 796, "y": 564}, {"x": 803, "y": 574}, {"x": 822, "y": 569}, {"x": 838, "y": 567}, {"x": 851, "y": 569}, {"x": 921, "y": 560}, {"x": 943, "y": 583}, {"x": 960, "y": 594}, {"x": 972, "y": 593}, {"x": 970, "y": 575}, {"x": 980, "y": 557}, {"x": 1003, "y": 563}, {"x": 1018, "y": 558}, {"x": 1039, "y": 559}, {"x": 1058, "y": 562}, {"x": 1114, "y": 564}, {"x": 1141, "y": 568}, {"x": 1179, "y": 567}, {"x": 1216, "y": 565}], "direction": "hrl", "glyphs": [{"index": 41, "name": "𓆑", "position": {"x": 145, "y": 612, "w": 37, "h": 48}}, {"index": 40, "name": "𓅓", "position": {"x": 152, "y": 569, "w": 32, "h": 46}}, {"index": 39, "name": "𓇋", "position": {"x": 186, "y": 565, "w": 30, "h": 55}}, {"index": 31, "name": "𓏤𓐰𓎟", "position": {"x": 331, "y": 575, "w": 66, "h": 46}}, {"index": 29, "name": "𓇳", "position": {"x": 402, "y": 582, "w": 46, "h": 27}}, {"index": 27, "name": "𓏲", "position": {"x": 440, "y": 570, "w": 31, "h": 55}}, {"index": 26, "name": "𓂋", "position": {"x": 482, "y": 589, "w": 38, "h": 28}}, {"index": 25, "name": "𓉔", "position": {"x": 531, "y": 574, "w": 45, "h": 50}}, {"index": 23, "name": "𓈖", "position": {"x": 583, "y": 595, "w": 49, "h": 29}}, {"index": 22, "name": "𓏥", "position": {"x": 631, "y": 604, "w": 51, "h": 20}}, {"index": 21, "name": "𓏊", "position": {"x": 634, "y": 571, "w": 34, "h": 32}}, {"index": 20, "name": "𓈎𓐰𓏏", "position": {"x": 677, "y": 569, "w": 45, "h": 48}}, {"index": 19, "name": "𓎛", "position": {"x": 722, "y": 568, "w": 23, "h": 62}}, {"index": 18, "name": "𓏥", "position": {"x": 749, "y": 602, "w": 49, "h": 14}}, {"index": 17, "name": "𓏐", "position": {"x": 800, "y": 583, "w": 49, "h": 42}}, {"index": 16, "name": "𓏏", "position": {"x": 805, "y": 568, "w": 38, "h": 12}}, {"index": 15, "name": "𓅓", "position": {"x": 848, "y": 571, "w": 36, "h": 70}}, {"index": 12, "name": "𓏤𓏤𓏤𓏤𓏤𓏤", "position": {"x": 885, "y": 575, "w": 46, "h": 53}}, {"index": 7, "name": "𓄿", "position": {"x": 1071, "y": 570, "w": 57, "h": 52}}, {"index": 4, "name": "𓅱𓐰𓈖", "position": {"x": 1153, "y": 570, "w": 33, "h": 67}}, {"index": 1, "name": "𓇓", "position": {"x": 1184, "y": 569, "w": 58, "h": 65}}, {"index": 3, "name": "𓀀", "position": {"x": 1236, "y": 588, "w": 32, "h": 23}}, {"index": 2, "name": "𓏏𓐰𓈖", "position": {"x": 1272, "y": 579, "w": 53, "h": 51}}]}, {"index": 6, "name": "1.7", "points": [{"x": 1366, "y": 637}, {"x": 1407, "y": 634}, {"x": 1395, "y": 702}, {"x": 1331, "y": 697}, {"x": 1239, "y": 702}, {"x": 1134, "y": 707}, {"x": 1002, "y": 719}, {"x": 898, "y": 708}, {"x": 724, "y": 693}, {"x": 540, "y": 705}, {"x": 349, "y": 703}, {"x": 230, "y": 720}, {"x": 180, "y": 732}, {"x": 177, "y": 695}, {"x": 217, "y": 630}, {"x": 277, "y": 629}, {"x": 381, "y": 622}, {"x": 408, "y": 627}, {"x": 440, "y": 629}, {"x": 479, "y": 626}, {"x": 599, "y": 629}, {"x": 689, "y": 627}, {"x": 728, "y": 633}, {"x": 749, "y": 628}, {"x": 849, "y": 627}, {"x": 848, "y": 636}, {"x": 866, "y": 637}, {"x": 957, "y": 622}, {"x": 1033, "y": 633}, {"x": 1101, "y": 631}, {"x": 1144, "y": 636}, {"x": 1162, "y": 643}, {"x": 1177, "y": 635}, {"x": 1214, "y": 642}, {"x": 1249, "y": 630}, {"x": 1305, "y": 632}, {"x": 1327, "y": 632}], "direction": "hrl", "glyphs": [{"index": 21, "name": "𓉻", "position": {"x": 392, "y": 630, "w": 74, "h": 24}}, {"index": 20, "name": "𓂸", "position": {"x": 403, "y": 647, "w": 70, "h": 45}}, {"index": 19, "name": "𓆑", "position": {"x": 422, "y": 650, "w": 127, "h": 47}}, {"index": 17, "name": "𓂝𓐰𓈖", "position": {"x": 554, "y": 640, "w": 54, "h": 56}}, {"index": 16, "name": "𓀋", "position": {"x": 619, "y": 634, "w": 54, "h": 49}}, {"index": 13, "name": "𓄿", "position": {"x": 721, "y": 633, "w": 49, "h": 51}}, {"index": 12, "name": "𓆎", "position": {"x": 805, "y": 665, "w": 96, "h": 23}}, {"index": 11, "name": "𓂋", "position": {"x": 818, "y": 638, "w": 63, "h": 26}}, {"index": 14, "name": "𓊪𓐰𓈖", "position": {"x": 888, "y": 636, "w": 59, "h": 49}}, {"index": 15, "name": "𓀀", "position": {"x": 947, "y": 658, "w": 39, "h": 23}}, {"index": 9, "name": "𓏭", "position": {"x": 988, "y": 663, "w": 22, "h": 26}}, {"index": 8, "name": "𓏏", "position": {"x": 989, "y": 644, "w": 23, "h": 15}}, {"index": 5, "name": "𓏲𓁹", "position": {"x": 1083, "y": 637, "w": 95, "h": 59}}, {"index": 4, "name": "𓈖", "position": {"x": 1092, "y": 669, "w": 58, "h": 28}}, {"index": 3, "name": "𓊪", "position": {"x": 1186, "y": 649, "w": 40, "h": 35}}, {"index": 2, "name": "𓄿𓐷𓏏𓐰𓂻𓐸", "position": {"x": 1233, "y": 634, "w": 112, "h": 57}}, {"index": 0, "name": "𓉔", "position": {"x": 1340, "y": 639, "w": 52, "h": 52}}]}, {"index": 7, "name": "1.8", "points": [{"x": 1396, "y": 710}, {"x": 1369, "y": 700}, {"x": 1338, "y": 710}, {"x": 1337, "y": 769}, {"x": 1346, "y": 773}, {"x": 1409, "y": 764}, {"x": 1404, "y": 736}], "direction": "hrl", "glyphs": [{"index": 1, "name": "𓅓", "position": {"x": 1340, "y": 706, "w": 64, "h": 61}}]}]}], "comments": "", "history": [], "genre": "literary"}