{"name":"Will of Wah","creator":"Möller","provenance":"Lahun","period":"12 dyn","genre":"administrative","notes":"","pages":[{"index":0,"name":"1","type":"","images":[],"lines":[{"index":0,"name":"A2","points":[{"x":2085,"y":294},{"x":2122,"y":295},{"x":2122,"y":359},{"x":2101,"y":368},{"x":2087,"y":364},{"x":2009,"y":354},{"x":1933,"y":345},{"x":1934,"y":292}],"direction":"hrl","glyphs":[{"index":7,"name":"𓏽","position":{"x":1937,"y":305,"w":51,"h":39}},{"index":4,"name":"𓎑","position":{"x":1990,"y":308,"w":47,"h":34}},{"index":2,"name":"𓏏𓐰𓇳","position":{"x":2039,"y":308,"w":48,"h":46}},{"index":1,"name":"𓆳","position":{"x":2086,"y":297,"w":30,"h":69}}]},{"index":1,"name":"A3","points":[{"x":2118,"y":367},{"x":2130,"y":431},{"x":2097,"y":437},{"x":2039,"y":427},{"x":1931,"y":420},{"x":1886,"y":424},{"x":1873,"y":412},{"x":1801,"y":419},{"x":1725,"y":419},{"x":1695,"y":418},{"x":1692,"y":403},{"x":1657,"y":409},{"x":1624,"y":403},{"x":1582,"y":404},{"x":1566,"y":417},{"x":1518,"y":417},{"x":1505,"y":411},{"x":1403,"y":411},{"x":1375,"y":414},{"x":1365,"y":410},{"x":1360,"y":404},{"x":1355,"y":396},{"x":1339,"y":397},{"x":1329,"y":404},{"x":1323,"y":409},{"x":1290,"y":415},{"x":1260,"y":417},{"x":1221,"y":410},{"x":1148,"y":409},{"x":1091,"y":426},{"x":1075,"y":414},{"x":1055,"y":416},{"x":1037,"y":431},{"x":1006,"y":414},{"x":956,"y":414},{"x":869,"y":420},{"x":804,"y":418},{"x":790,"y":437},{"x":771,"y":424},{"x":783,"y":380},{"x":809,"y":355},{"x":941,"y":338},{"x":1268,"y":331},{"x":1407,"y":339},{"x":1599,"y":334},{"x":1714,"y":350},{"x":1721,"y":376},{"x":1733,"y":372},{"x":1744,"y":358},{"x":1763,"y":351},{"x":1892,"y":349},{"x":2051,"y":363},{"x":2097,"y":368},{"x":2111,"y":365}],"direction":"hrl","glyphs":[{"index":45,"name":"𓎔","position":{"x":784,"y":360,"w":70,"h":71}},{"index":44,"name":"𓏏","position":{"x":807,"y":393,"w":23,"h":14}},{"index":43,"name":"𓏏","position":{"x":837,"y":389,"w":16,"h":15}},{"index":42,"name":"𓏏𓐰𓈇","position":{"x":862,"y":358,"w":33,"h":48}},{"index":41,"name":"𓐷𓈖𓐰𓐍𓐸𓐱𓐷𓂋𓐰𓈖𓐸𓐱𓃀","position":{"x":890,"y":353,"w":121,"h":58}},{"index":40,"name":"𓋹","position":{"x":1011,"y":353,"w":25,"h":58}},{"index":39,"name":"𓈖𓐰𓆑","position":{"x":1030,"y":363,"w":31,"h":63}},{"index":38,"name":"𓏲","position":{"x":1061,"y":358,"w":24,"h":45}},{"index":37,"name":"𓆓","position":{"x":1086,"y":351,"w":30,"h":55}},{"index":36,"name":"𓂧","position":{"x":1093,"y":368,"w":36,"h":56}},{"index":35,"name":"𓀀","position":{"x":1132,"y":377,"w":20,"h":19}},{"index":1,"name":"𓈖𓐰𓃀","position":{"x":1149,"y":356,"w":43,"h":50}},{"index":6,"name":"𓋴","position":{"x":1177,"y":352,"w":22,"h":55}},{"index":33,"name":"𓇋","position":{"x":1204,"y":350,"w":25,"h":55}},{"index":32,"name":"𓇋","position":{"x":1228,"y":349,"w":24,"h":57}},{"index":31,"name":"𓎛","position":{"x":1249,"y":345,"w":23,"h":66}},{"index":30,"name":"𓇋","position":{"x":1282,"y":347,"w":28,"h":59}},{"index":29,"name":"𓏏𓐰𓁐","position":{"x":1310,"y":356,"w":31,"h":50}},{"index":28,"name":"𓋴","position":{"x":1346,"y":351,"w":24,"h":58}},{"index":27,"name":"𓀻","position":{"x":1373,"y":353,"w":46,"h":49}},{"index":25,"name":"𓏥","position":{"x":1422,"y":390,"w":39,"h":11}},{"index":24,"name":"𓏛","position":{"x":1427,"y":352,"w":31,"h":29}},{"index":13,"name":"𓀋","position":{"x":1466,"y":352,"w":60,"h":52}},{"index":22,"name":"𓂓𓐰𓏏","position":{"x":1521,"y":351,"w":33,"h":60}},{"index":18,"name":"𓍋","position":{"x":1555,"y":344,"w":19,"h":64}},{"index":17,"name":"𓈖","position":{"x":1579,"y":386,"w":42,"h":12}},{"index":16,"name":"𓀀","position":{"x":1586,"y":354,"w":30,"h":23}},{"index":15,"name":"𓄣𓏤","position":{"x":1622,"y":354,"w":65,"h":49}},{"index":14,"name":"𓏛","position":{"x":1682,"y":361,"w":38,"h":51}},{"index":12,"name":"𓄖","position":{"x":1723,"y":357,"w":59,"h":43}},{"index":11,"name":"𓏲","position":{"x":1779,"y":365,"w":21,"h":36}},{"index":10,"name":"𓋨","position":{"x":1800,"y":358,"w":43,"h":54}},{"index":9,"name":"𓁹","position":{"x":1843,"y":359,"w":93,"h":28}},{"index":8,"name":"𓈖","position":{"x":1849,"y":394,"w":40,"h":12}},{"index":7,"name":"𓏏","position":{"x":1892,"y":390,"w":24,"h":27}},{"index":5,"name":"𓏤","position":{"x":1938,"y":362,"w":11,"h":49}},{"index":4,"name":"𓉐","position":{"x":1956,"y":365,"w":42,"h":45}},{"index":2,"name":"𓈖","position":{"x":2000,"y":402,"w":41,"h":15}},{"index":3,"name":"𓏛","position":{"x":2000,"y":365,"w":29,"h":30}},{"index":0,"name":"𓅓𓐰𓏏","position":{"x":2041,"y":368,"w":33,"h":59}},{"index":19,"name":"𓏶","position":{"x":2073,"y":368,"w":50,"h":64}}]},{"index":2,"name":"A4","points":[{"x":2124,"y":437},{"x":2119,"y":491},{"x":2100,"y":506},{"x":1986,"y":499},{"x":1927,"y":489},{"x":1887,"y":483},{"x":1863,"y":484},{"x":1714,"y":490},{"x":1643,"y":482},{"x":1522,"y":487},{"x":1465,"y":488},{"x":1391,"y":486},{"x":1266,"y":476},{"x":1177,"y":485},{"x":1112,"y":473},{"x":1093,"y":473},{"x":1081,"y":478},{"x":1066,"y":485},{"x":1050,"y":479},{"x":1025,"y":486},{"x":1001,"y":490},{"x":955,"y":492},{"x":949,"y":490},{"x":936,"y":491},{"x":883,"y":491},{"x":793,"y":493},{"x":767,"y":491},{"x":746,"y":512},{"x":728,"y":490},{"x":672,"y":496},{"x":631,"y":484},{"x":612,"y":458},{"x":646,"y":429},{"x":742,"y":415},{"x":788,"y":442},{"x":806,"y":418},{"x":896,"y":420},{"x":984,"y":415},{"x":1038,"y":431},{"x":1052,"y":419},{"x":1075,"y":417},{"x":1089,"y":427},{"x":1109,"y":420},{"x":1209,"y":410},{"x":1260,"y":419},{"x":1326,"y":409},{"x":1337,"y":426},{"x":1350,"y":427},{"x":1360,"y":407},{"x":1361,"y":402},{"x":1371,"y":409},{"x":1401,"y":416},{"x":1505,"y":412},{"x":1546,"y":414},{"x":1587,"y":406},{"x":1619,"y":401},{"x":1643,"y":408},{"x":1690,"y":404},{"x":1699,"y":419},{"x":1785,"y":416},{"x":1875,"y":414},{"x":1891,"y":424},{"x":1987,"y":423},{"x":2091,"y":437},{"x":2118,"y":435}],"direction":"hrl","glyphs":[{"index":55,"name":"𓀀","position":{"x":633,"y":459,"w":19,"h":21}},{"index":54,"name":"𓏛","position":{"x":659,"y":445,"w":28,"h":35}},{"index":52,"name":"𓎛","position":{"x":680,"y":428,"w":20,"h":63}},{"index":51,"name":"𓐷𓈖𓐰𓆑𓐸𓐱𓎝","position":{"x":701,"y":425,"w":65,"h":81}},{"index":50,"name":"𓏲","position":{"x":765,"y":441,"w":18,"h":35}},{"index":49,"name":"𓆓","position":{"x":785,"y":428,"w":26,"h":51}},{"index":48,"name":"𓂧","position":{"x":787,"y":444,"w":32,"h":44}},{"index":47,"name":"𓀀","position":{"x":824,"y":448,"w":13,"h":29}},{"index":46,"name":"𓈖","position":{"x":844,"y":429,"w":18,"h":14}},{"index":9,"name":"𓃀","position":{"x":846,"y":447,"w":45,"h":32}},{"index":11,"name":"𓋴","position":{"x":872,"y":427,"w":32,"h":61}},{"index":44,"name":"𓇋","position":{"x":904,"y":426,"w":19,"h":58}},{"index":43,"name":"𓇋","position":{"x":926,"y":426,"w":23,"h":63}},{"index":38,"name":"𓋴","position":{"x":1037,"y":421,"w":26,"h":59}},{"index":37,"name":"𓀻","position":{"x":1072,"y":425,"w":51,"h":50}},{"index":35,"name":"𓈉","position":{"x":1114,"y":431,"w":40,"h":36}},{"index":33,"name":"𓏏𓐰𓏏","position":{"x":1159,"y":432,"w":26,"h":36}},{"index":32,"name":"𓎟𓐱𓋁𓐱𓃀","position":{"x":1190,"y":417,"w":121,"h":57}},{"index":2,"name":"𓀭","position":{"x":1310,"y":412,"w":16,"h":60}},{"index":5,"name":"𓏲","position":{"x":1325,"y":429,"w":26,"h":37}},{"index":30,"name":"𓏥𓐱𓇮","position":{"x":1346,"y":407,"w":90,"h":70}},{"index":29,"name":"𓀀","position":{"x":1404,"y":422,"w":31,"h":26}},{"index":27,"name":"𓎃","position":{"x":1441,"y":420,"w":39,"h":56}},{"index":26,"name":"𓁷𓐰𓂋","position":{"x":1476,"y":416,"w":34,"h":69}},{"index":25,"name":"𓈗","position":{"x":1516,"y":420,"w":46,"h":48}},{"index":23,"name":"𓀀𓐱𓃂","position":{"x":1566,"y":405,"w":73,"h":68}},{"index":21,"name":"𓈖","position":{"x":1615,"y":422,"w":45,"h":18}},{"index":20,"name":"𓀀","position":{"x":1644,"y":446,"w":28,"h":19}},{"index":19,"name":"𓌢","position":{"x":1665,"y":411,"w":25,"h":65}},{"index":18,"name":"𓈖","position":{"x":1695,"y":445,"w":46,"h":16}},{"index":17,"name":"𓊖","position":{"x":1741,"y":422,"w":44,"h":26}},{"index":16,"name":"𓏤","position":{"x":1753,"y":446,"w":9,"h":36}},{"index":15,"name":"𓏏","position":{"x":1770,"y":450,"w":20,"h":28}},{"index":14,"name":"𓅓","position":{"x":1794,"y":428,"w":50,"h":46}},{"index":13,"name":"𓆷𓐰𓏤𓐱𓈇","position":{"x":1837,"y":418,"w":45,"h":63}},{"index":10,"name":"𓅓","position":{"x":1894,"y":431,"w":52,"h":46}},{"index":8,"name":"𓎟","position":{"x":1931,"y":431,"w":58,"h":27}},{"index":7,"name":"𓏏","position":{"x":1955,"y":460,"w":27,"h":26}},{"index":6,"name":"𓀀","position":{"x":1993,"y":453,"w":28,"h":24}},{"index":4,"name":"𓈖","position":{"x":2022,"y":474,"w":47,"h":11}},{"index":3,"name":"𓏛","position":{"x":2027,"y":434,"w":32,"h":30}},{"index":1,"name":"𓐍","position":{"x":2068,"y":441,"w":49,"h":26}},{"index":0,"name":"𓏏","position":{"x":2076,"y":469,"w":37,"h":31}}]},{"index":3,"name":"A5","points":[{"x":2073,"y":507},{"x":2097,"y":506},{"x":2108,"y":520},{"x":2122,"y":514},{"x":2149,"y":514},{"x":2162,"y":539},{"x":2130,"y":540},{"x":2111,"y":548},{"x":2097,"y":570},{"x":2025,"y":574},{"x":1965,"y":567},{"x":1836,"y":565},{"x":1750,"y":567},{"x":1646,"y":555},{"x":1570,"y":560},{"x":1411,"y":572},{"x":1323,"y":558},{"x":1213,"y":558},{"x":1093,"y":552},{"x":1013,"y":554},{"x":905,"y":554},{"x":768,"y":557},{"x":673,"y":555},{"x":614,"y":560},{"x":580,"y":583},{"x":558,"y":577},{"x":573,"y":499},{"x":622,"y":492},{"x":705,"y":502},{"x":734,"y":495},{"x":747,"y":512},{"x":763,"y":491},{"x":872,"y":493},{"x":935,"y":490},{"x":960,"y":491},{"x":1027,"y":486},{"x":1052,"y":478},{"x":1071,"y":489},{"x":1089,"y":471},{"x":1133,"y":477},{"x":1191,"y":483},{"x":1216,"y":482},{"x":1292,"y":480},{"x":1394,"y":485},{"x":1512,"y":487},{"x":1638,"y":481},{"x":1727,"y":490},{"x":1845,"y":485},{"x":1913,"y":485},{"x":1988,"y":504}],"direction":"hrl","glyphs":[{"index":10,"name":"𓎆","position":{"x":579,"y":513,"w":78,"h":61}},{"index":13,"name":"𓏫","position":{"x":590,"y":500,"w":27,"h":41}},{"index":34,"name":"𓇳","position":{"x":663,"y":506,"w":14,"h":32}},{"index":35,"name":"𓈖𓐰𓈖","position":{"x":674,"y":509,"w":37,"h":41}},{"index":44,"name":"𓈙𓐰𓈖","position":{"x":709,"y":499,"w":32,"h":48}},{"index":43,"name":"𓇹𓐰𓏤𓐱𓏤","position":{"x":748,"y":499,"w":30,"h":46}},{"index":41,"name":"𓏽","position":{"x":792,"y":504,"w":51,"h":42}},{"index":40,"name":"𓎑","position":{"x":844,"y":501,"w":41,"h":39}},{"index":38,"name":"𓏏𓐰𓇳","position":{"x":889,"y":496,"w":45,"h":47}},{"index":37,"name":"𓆳","position":{"x":934,"y":492,"w":29,"h":57}},{"index":36,"name":"𓅓","position":{"x":969,"y":498,"w":43,"h":45}},{"index":33,"name":"𓏭","position":{"x":1007,"y":490,"w":23,"h":21}},{"index":32,"name":"𓈇","position":{"x":1014,"y":514,"w":31,"h":29}},{"index":31,"name":"𓇔","position":{"x":1039,"y":484,"w":41,"h":61}},{"index":30,"name":"𓏤𓐱𓏌𓐰𓈖","position":{"x":1085,"y":494,"w":53,"h":44}},{"index":26,"name":"𓏤","position":{"x":1134,"y":494,"w":13,"h":46}},{"index":25,"name":"𓏏","position":{"x":1156,"y":513,"w":12,"h":29}},{"index":24,"name":"𓏲𓐰𓀁","position":{"x":1168,"y":491,"w":62,"h":50}},{"index":23,"name":"𓅓","position":{"x":1230,"y":501,"w":19,"h":47}},{"index":22,"name":"𓈖𓐰𓄙","position":{"x":1248,"y":488,"w":85,"h":62}},{"index":21,"name":"𓉐","position":{"x":1289,"y":495,"w":33,"h":33}},{"index":20,"name":"𓄿","position":{"x":1335,"y":498,"w":46,"h":49}},{"index":19,"name":"𓍼𓐰𓆼","position":{"x":1374,"y":494,"w":91,"h":66}},{"index":18,"name":"𓂋","position":{"x":1422,"y":515,"w":40,"h":52}},{"index":17,"name":"𓇑𓐱𓇑𓐰𓈖","position":{"x":1474,"y":490,"w":88,"h":58}},{"index":16,"name":"𓈖","position":{"x":1480,"y":503,"w":33,"h":18}},{"index":15,"name":"𓋴","position":{"x":1566,"y":489,"w":25,"h":63}},{"index":14,"name":"𓅓","position":{"x":1595,"y":494,"w":47,"h":51}},{"index":28,"name":"𓇑𓐱𓇑","position":{"x":1639,"y":491,"w":55,"h":59}},{"index":12,"name":"𓂋","position":{"x":1695,"y":499,"w":46,"h":26}},{"index":11,"name":"𓂝","position":{"x":1702,"y":528,"w":47,"h":22}},{"index":0,"name":"𓈖","position":{"x":1758,"y":527,"w":52,"h":33}},{"index":3,"name":"𓊪","position":{"x":1763,"y":493,"w":40,"h":40}},{"index":5,"name":"𓀀","position":{"x":1809,"y":519,"w":27,"h":20}},{"index":9,"name":"𓈖","position":{"x":1814,"y":496,"w":48,"h":19}},{"index":8,"name":"𓀀","position":{"x":1840,"y":520,"w":30,"h":16}},{"index":7,"name":"𓌢","position":{"x":1864,"y":488,"w":26,"h":62}},{"index":6,"name":"𓈖","position":{"x":1895,"y":525,"w":43,"h":13}},{"index":4,"name":"𓀀","position":{"x":1948,"y":505,"w":28,"h":22}},{"index":2,"name":"𓀀𓐱𓁐𓐰𓏥","position":{"x":1990,"y":509,"w":56,"h":47}},{"index":27,"name":"𓏲","position":{"x":2033,"y":519,"w":35,"h":42}},{"index":1,"name":"𓎸","position":{"x":2074,"y":509,"w":76,"h":55}}]},{"index":4,"name":"B1","points":[{"x":2112,"y":619},{"x":2112,"y":696},{"x":2084,"y":696},{"x":2000,"y":689},{"x":2000,"y":617}],"direction":"hrl","glyphs":[{"index":4,"name":"𓏮","position":{"x":2004,"y":632,"w":28,"h":55}},{"index":2,"name":"𓏏𓐰𓇳","position":{"x":2037,"y":635,"w":42,"h":50}},{"index":1,"name":"𓆳","position":{"x":2077,"y":625,"w":33,"h":68}}]},{"index":5,"name":"B2","points":[{"x":2074,"y":696},{"x":2123,"y":695},{"x":2115,"y":764},{"x":2039,"y":764},{"x":1915,"y":752},{"x":1804,"y":751},{"x":1757,"y":743},{"x":1694,"y":748},{"x":1578,"y":751},{"x":1446,"y":746},{"x":1391,"y":752},{"x":1329,"y":749},{"x":1320,"y":748},{"x":1302,"y":762},{"x":1271,"y":757},{"x":1190,"y":752},{"x":1124,"y":745},{"x":1100,"y":749},{"x":1092,"y":755},{"x":1075,"y":752},{"x":1025,"y":746},{"x":959,"y":740},{"x":902,"y":740},{"x":883,"y":747},{"x":802,"y":743},{"x":777,"y":737},{"x":739,"y":738},{"x":696,"y":725},{"x":698,"y":701},{"x":743,"y":688},{"x":868,"y":678},{"x":1031,"y":675},{"x":1255,"y":676},{"x":1512,"y":674},{"x":1737,"y":679},{"x":1848,"y":681},{"x":1963,"y":693}],"direction":"hrl","glyphs":[{"index":51,"name":"𓀀","position":{"x":711,"y":703,"w":26,"h":25}},{"index":50,"name":"𓁐","position":{"x":743,"y":710,"w":34,"h":24}},{"index":49,"name":"𓏏","position":{"x":745,"y":694,"w":21,"h":14}},{"index":47,"name":"𓈞","position":{"x":777,"y":690,"w":39,"h":47}},{"index":45,"name":"𓈖","position":{"x":824,"y":709,"w":46,"h":22}},{"index":44,"name":"𓏤","position":{"x":881,"y":689,"w":15,"h":50}},{"index":43,"name":"𓉐","position":{"x":900,"y":687,"w":43,"h":50}},{"index":42,"name":"𓏥","position":{"x":941,"y":724,"w":39,"h":12}},{"index":40,"name":"𓏛","position":{"x":946,"y":686,"w":26,"h":37}},{"index":39,"name":"𓏏","position":{"x":985,"y":718,"w":33,"h":25}},{"index":37,"name":"𓏶","position":{"x":1016,"y":683,"w":44,"h":59}},{"index":36,"name":"𓁹","position":{"x":1051,"y":684,"w":92,"h":29}},{"index":35,"name":"𓏏","position":{"x":1069,"y":718,"w":42,"h":33}},{"index":33,"name":"𓏤","position":{"x":1142,"y":687,"w":18,"h":55}},{"index":32,"name":"𓁷","position":{"x":1158,"y":687,"w":25,"h":58}},{"index":31,"name":"𓏲","position":{"x":1197,"y":688,"w":15,"h":32}},{"index":30,"name":"𓀀","position":{"x":1198,"y":720,"w":28,"h":23}},{"index":29,"name":"𓇋","position":{"x":1222,"y":684,"w":33,"h":61}},{"index":28,"name":"𓀀","position":{"x":1259,"y":712,"w":17,"h":20}},{"index":27,"name":"𓏛","position":{"x":1281,"y":695,"w":44,"h":64}},{"index":25,"name":"𓎛","position":{"x":1322,"y":684,"w":19,"h":61}},{"index":24,"name":"𓎝","position":{"x":1344,"y":687,"w":34,"h":51}},{"index":23,"name":"𓈉","position":{"x":1388,"y":699,"w":35,"h":33}},{"index":22,"name":"𓏏𓐰𓏏","position":{"x":1413,"y":693,"w":33,"h":51}},{"index":21,"name":"𓃀","position":{"x":1453,"y":687,"w":27,"h":47}},{"index":20,"name":"𓎟𓐱𓋁","position":{"x":1471,"y":680,"w":81,"h":53}},{"index":19,"name":"𓁐","position":{"x":1558,"y":685,"w":15,"h":57}},{"index":17,"name":"𓏥𓐱𓇮","position":{"x":1592,"y":680,"w":81,"h":65}},{"index":16,"name":"𓀀","position":{"x":1635,"y":693,"w":33,"h":21}},{"index":14,"name":"𓎃","position":{"x":1675,"y":689,"w":31,"h":51}},{"index":13,"name":"𓁷𓐰𓂋","position":{"x":1704,"y":688,"w":25,"h":52}},{"index":12,"name":"𓈗","position":{"x":1738,"y":691,"w":40,"h":41}},{"index":7,"name":"𓈖","position":{"x":1838,"y":727,"w":39,"h":11}},{"index":6,"name":"𓏤𓐱𓁹","position":{"x":1838,"y":691,"w":100,"h":54}},{"index":5,"name":"𓏏","position":{"x":1889,"y":724,"w":14,"h":20}},{"index":0,"name":"𓅓𓐰𓏏","position":{"x":2025,"y":700,"w":39,"h":57}},{"index":1,"name":"𓏶","position":{"x":2061,"y":700,"w":45,"h":61}}]},{"index":6,"name":"B3","points":[{"x":2116,"y":769},{"x":2111,"y":827},{"x":2069,"y":836},{"x":1983,"y":827},{"x":1842,"y":824},{"x":1804,"y":819},{"x":1783,"y":821},{"x":1765,"y":817},{"x":1745,"y":821},{"x":1737,"y":832},{"x":1728,"y":832},{"x":1724,"y":813},{"x":1669,"y":810},{"x":1641,"y":809},{"x":1618,"y":821},{"x":1603,"y":831},{"x":1599,"y":838},{"x":1589,"y":833},{"x":1583,"y":815},{"x":1563,"y":822},{"x":1543,"y":842},{"x":1539,"y":853},{"x":1534,"y":855},{"x":1519,"y":838},{"x":1521,"y":828},{"x":1512,"y":813},{"x":1484,"y":817},{"x":1470,"y":809},{"x":1431,"y":813},{"x":1382,"y":826},{"x":1313,"y":818},{"x":1249,"y":819},{"x":1211,"y":813},{"x":1112,"y":805},{"x":1085,"y":815},{"x":1055,"y":798},{"x":988,"y":800},{"x":949,"y":803},{"x":902,"y":803},{"x":816,"y":804},{"x":794,"y":797},{"x":775,"y":803},{"x":732,"y":804},{"x":714,"y":793},{"x":696,"y":791},{"x":663,"y":778},{"x":686,"y":749},{"x":743,"y":737},{"x":818,"y":745},{"x":895,"y":743},{"x":967,"y":738},{"x":1003,"y":748},{"x":1059,"y":746},{"x":1116,"y":747},{"x":1179,"y":749},{"x":1302,"y":762},{"x":1320,"y":746},{"x":1389,"y":754},{"x":1460,"y":744},{"x":1630,"y":749},{"x":1763,"y":741},{"x":1825,"y":752},{"x":1926,"y":753},{"x":2033,"y":763}],"direction":"hrl","glyphs":[{"index":49,"name":"𓈖","position":{"x":683,"y":750,"w":39,"h":22}},{"index":48,"name":"𓀀","position":{"x":687,"y":768,"w":43,"h":23}},{"index":46,"name":"𓌢","position":{"x":726,"y":741,"w":20,"h":61}},{"index":45,"name":"𓀀","position":{"x":751,"y":768,"w":24,"h":20}},{"index":44,"name":"𓇋","position":{"x":771,"y":745,"w":24,"h":53}},{"index":43,"name":"𓇋","position":{"x":795,"y":746,"w":27,"h":52}},{"index":42,"name":"𓄿","position":{"x":827,"y":758,"w":29,"h":35}},{"index":41,"name":"𓅯","position":{"x":860,"y":749,"w":52,"h":49}},{"index":39,"name":"𓈖𓐰𓈖","position":{"x":920,"y":745,"w":49,"h":34}},{"index":38,"name":"𓀀","position":{"x":938,"y":777,"w":35,"h":17}},{"index":37,"name":"𓏲","position":{"x":969,"y":769,"w":28,"h":30}},{"index":36,"name":"𓂋","position":{"x":1002,"y":750,"w":37,"h":32}},{"index":35,"name":"𓂝","position":{"x":1005,"y":777,"w":40,"h":18}},{"index":34,"name":"𓎟","position":{"x":1053,"y":749,"w":57,"h":30}},{"index":33,"name":"𓏏","position":{"x":1072,"y":780,"w":30,"h":29}},{"index":32,"name":"𓏛","position":{"x":1119,"y":753,"w":29,"h":22}},{"index":31,"name":"𓏥","position":{"x":1123,"y":785,"w":37,"h":11}},{"index":18,"name":"𓐍","position":{"x":1161,"y":760,"w":47,"h":27}},{"index":25,"name":"𓏏","position":{"x":1181,"y":786,"w":30,"h":21}},{"index":28,"name":"𓅓","position":{"x":1219,"y":763,"w":46,"h":48}},{"index":26,"name":"𓁐","position":{"x":1274,"y":782,"w":36,"h":20}},{"index":24,"name":"𓇋","position":{"x":1308,"y":751,"w":28,"h":64}},{"index":23,"name":"𓏏","position":{"x":1334,"y":761,"w":18,"h":17}},{"index":22,"name":"𓏏","position":{"x":1339,"y":786,"w":19,"h":24}},{"index":21,"name":"𓋴","position":{"x":1371,"y":757,"w":24,"h":61}},{"index":15,"name":"𓈖","position":{"x":1402,"y":792,"w":49,"h":18}},{"index":19,"name":"𓏏","position":{"x":1413,"y":759,"w":21,"h":25}},{"index":20,"name":"𓆓","position":{"x":1450,"y":758,"w":35,"h":45}},{"index":17,"name":"𓂧","position":{"x":1465,"y":771,"w":32,"h":43}},{"index":16,"name":"𓁐","position":{"x":1510,"y":776,"w":34,"h":24}},{"index":14,"name":"𓏯","position":{"x":1533,"y":787,"w":45,"h":62}},{"index":13,"name":"𓏲","position":{"x":1572,"y":765,"w":33,"h":49}},{"index":12,"name":"𓈙𓐰𓆑","position":{"x":1598,"y":757,"w":102,"h":73}},{"index":11,"name":"𓏏","position":{"x":1612,"y":772,"w":22,"h":34}},{"index":10,"name":"𓁐","position":{"x":1706,"y":791,"w":24,"h":18}},{"index":9,"name":"𓅭𓐰𓏏","position":{"x":1707,"y":750,"w":60,"h":79}},{"index":8,"name":"𓏲","position":{"x":1768,"y":771,"w":24,"h":36}},{"index":7,"name":"𓇮","position":{"x":1784,"y":756,"w":57,"h":63}},{"index":6,"name":"𓊖","position":{"x":1835,"y":783,"w":28,"h":19}},{"index":5,"name":"𓏤𓐰𓋁𓐰𓃀","position":{"x":1877,"y":758,"w":94,"h":62}},{"index":4,"name":"𓐝","position":{"x":1940,"y":764,"w":36,"h":28}},{"index":3,"name":"𓏏𓐰𓈖","position":{"x":1983,"y":773,"w":48,"h":47}},{"index":2,"name":"𓊃","position":{"x":2033,"y":773,"w":69,"h":16}},{"index":1,"name":"𓁐","position":{"x":2035,"y":797,"w":35,"h":26}},{"index":0,"name":"𓏏","position":{"x":2076,"y":802,"w":21,"h":28}}]},{"index":7,"name":"B4","points":[{"x":2107,"y":833},{"x":2098,"y":897},{"x":2066,"y":898},{"x":2023,"y":887},{"x":1963,"y":887},{"x":1949,"y":897},{"x":1944,"y":899},{"x":1939,"y":888},{"x":1926,"y":886},{"x":1877,"y":886},{"x":1841,"y":884},{"x":1784,"y":888},{"x":1758,"y":889},{"x":1726,"y":878},{"x":1652,"y":874},{"x":1535,"y":875},{"x":1465,"y":886},{"x":1452,"y":892},{"x":1423,"y":883},{"x":1384,"y":876},{"x":1324,"y":886},{"x":1282,"y":902},{"x":1278,"y":902},{"x":1274,"y":901},{"x":1256,"y":879},{"x":1177,"y":877},{"x":1135,"y":870},{"x":1089,"y":888},{"x":1045,"y":872},{"x":1002,"y":894},{"x":995,"y":902},{"x":987,"y":897},{"x":985,"y":892},{"x":983,"y":882},{"x":979,"y":868},{"x":943,"y":862},{"x":905,"y":871},{"x":890,"y":872},{"x":829,"y":868},{"x":817,"y":873},{"x":796,"y":872},{"x":771,"y":872},{"x":735,"y":877},{"x":720,"y":871},{"x":695,"y":849},{"x":712,"y":810},{"x":739,"y":804},{"x":784,"y":807},{"x":803,"y":808},{"x":824,"y":802},{"x":987,"y":802},{"x":1058,"y":798},{"x":1088,"y":815},{"x":1117,"y":806},{"x":1234,"y":816},{"x":1309,"y":815},{"x":1343,"y":819},{"x":1389,"y":826},{"x":1424,"y":812},{"x":1462,"y":810},{"x":1485,"y":816},{"x":1510,"y":813},{"x":1536,"y":831},{"x":1543,"y":838},{"x":1562,"y":820},{"x":1588,"y":818},{"x":1595,"y":828},{"x":1613,"y":827},{"x":1637,"y":810},{"x":1648,"y":809},{"x":1725,"y":814},{"x":1751,"y":820},{"x":1772,"y":819},{"x":1788,"y":823},{"x":1798,"y":820},{"x":1812,"y":819},{"x":1873,"y":823},{"x":1983,"y":831},{"x":2073,"y":835},{"x":2094,"y":831}],"direction":"hrl","glyphs":[{"index":40,"name":"𓋴","position":{"x":714,"y":809,"w":25,"h":65}},{"index":39,"name":"𓂋","position":{"x":748,"y":808,"w":37,"h":35}},{"index":38,"name":"𓂝","position":{"x":757,"y":842,"w":41,"h":26}},{"index":37,"name":"𓋴","position":{"x":797,"y":810,"w":25,"h":61}},{"index":29,"name":"𓈖𓐰𓏏","position":{"x":829,"y":813,"w":47,"h":52}},{"index":30,"name":"𓎟","position":{"x":873,"y":807,"w":54,"h":30}},{"index":35,"name":"𓏏","position":{"x":893,"y":836,"w":31,"h":35}},{"index":34,"name":"𓈖","position":{"x":932,"y":811,"w":41,"h":22}},{"index":33,"name":"𓐷𓈖𓐰𓆑𓐸𓐱𓀀","position":{"x":954,"y":806,"w":67,"h":92}},{"index":32,"name":"𓂋𓐰𓂝","position":{"x":1032,"y":806,"w":40,"h":53}},{"index":12,"name":"𓅓","position":{"x":1084,"y":811,"w":49,"h":49}},{"index":26,"name":"𓆑","position":{"x":1087,"y":829,"w":80,"h":51}},{"index":10,"name":"𓏏𓐰𓉐","position":{"x":1173,"y":825,"w":27,"h":50}},{"index":22,"name":"𓊨","position":{"x":1199,"y":818,"w":51,"h":57}},{"index":28,"name":"𓎟","position":{"x":1240,"y":820,"w":62,"h":29}},{"index":27,"name":"𓂋","position":{"x":1257,"y":848,"w":45,"h":41}},{"index":0,"name":"𓎸𓐰𓏥","position":{"x":1303,"y":824,"w":45,"h":47}},{"index":3,"name":"𓏲","position":{"x":1327,"y":834,"w":32,"h":45}},{"index":25,"name":"𓏌","position":{"x":1365,"y":846,"w":23,"h":24}},{"index":24,"name":"𓈖","position":{"x":1394,"y":862,"w":46,"h":16}},{"index":23,"name":"𓆰","position":{"x":1396,"y":821,"w":36,"h":41}},{"index":21,"name":"𓎛","position":{"x":1440,"y":815,"w":20,"h":70}},{"index":20,"name":"𓏤","position":{"x":1472,"y":817,"w":13,"h":60}},{"index":19,"name":"𓁷","position":{"x":1491,"y":821,"w":23,"h":56}},{"index":18,"name":"𓀀","position":{"x":1519,"y":838,"w":22,"h":22}},{"index":17,"name":"𓂋𓐰𓈖","position":{"x":1547,"y":823,"w":33,"h":47}},{"index":16,"name":"𓈖𓐰𓐍","position":{"x":1586,"y":829,"w":39,"h":38}},{"index":15,"name":"𓋹","position":{"x":1629,"y":811,"w":20,"h":59}},{"index":14,"name":"𓏥","position":{"x":1662,"y":856,"w":35,"h":11}},{"index":13,"name":"𓏛","position":{"x":1663,"y":817,"w":27,"h":30}},{"index":11,"name":"𓐷𓂓𓐰𓏏𓐸𓐱𓀋","position":{"x":1706,"y":819,"w":79,"h":68}},{"index":9,"name":"𓍋","position":{"x":1789,"y":821,"w":17,"h":60}},{"index":8,"name":"𓈖","position":{"x":1816,"y":860,"w":43,"h":14}},{"index":7,"name":"𓀀","position":{"x":1818,"y":832,"w":33,"h":22}},{"index":6,"name":"𓏤","position":{"x":1864,"y":829,"w":11,"h":53}},{"index":5,"name":"𓄣","position":{"x":1874,"y":832,"w":59,"h":45}},{"index":4,"name":"𓏛","position":{"x":1931,"y":834,"w":36,"h":64}},{"index":2,"name":"𓏲𓐱𓄖","position":{"x":1970,"y":838,"w":87,"h":45}},{"index":1,"name":"𓋨","position":{"x":2063,"y":836,"w":35,"h":60}}]},{"index":8,"name":"B5","points":[{"x":2110,"y":900},{"x":2107,"y":949},{"x":2060,"y":955},{"x":2035,"y":951},{"x":2023,"y":960},{"x":2005,"y":963},{"x":1981,"y":947},{"x":1959,"y":956},{"x":1880,"y":951},{"x":1864,"y":961},{"x":1827,"y":943},{"x":1746,"y":941},{"x":1670,"y":946},{"x":1638,"y":951},{"x":1615,"y":937},{"x":1532,"y":942},{"x":1516,"y":949},{"x":1507,"y":946},{"x":1505,"y":937},{"x":1479,"y":937},{"x":1417,"y":938},{"x":1357,"y":941},{"x":1335,"y":940},{"x":1296,"y":941},{"x":1286,"y":949},{"x":1248,"y":944},{"x":1236,"y":940},{"x":1200,"y":941},{"x":1191,"y":941},{"x":1181,"y":944},{"x":1164,"y":950},{"x":1142,"y":936},{"x":1110,"y":937},{"x":1083,"y":939},{"x":1029,"y":949},{"x":1013,"y":942},{"x":1005,"y":942},{"x":994,"y":932},{"x":954,"y":930},{"x":924,"y":934},{"x":901,"y":947},{"x":885,"y":951},{"x":870,"y":935},{"x":854,"y":924},{"x":833,"y":940},{"x":803,"y":937},{"x":766,"y":928},{"x":721,"y":924},{"x":692,"y":929},{"x":628,"y":926},{"x":615,"y":924},{"x":596,"y":926},{"x":549,"y":926},{"x":496,"y":895},{"x":506,"y":867},{"x":624,"y":857},{"x":707,"y":861},{"x":735,"y":877},{"x":768,"y":869},{"x":798,"y":873},{"x":817,"y":874},{"x":830,"y":868},{"x":902,"y":872},{"x":925,"y":868},{"x":976,"y":868},{"x":982,"y":874},{"x":985,"y":890},{"x":988,"y":897},{"x":995,"y":902},{"x":1001,"y":894},{"x":1045,"y":875},{"x":1094,"y":889},{"x":1137,"y":869},{"x":1199,"y":880},{"x":1254,"y":880},{"x":1300,"y":886},{"x":1343,"y":884},{"x":1386,"y":877},{"x":1418,"y":883},{"x":1454,"y":892},{"x":1554,"y":875},{"x":1655,"y":875},{"x":1736,"y":882},{"x":1757,"y":889},{"x":1790,"y":885},{"x":1862,"y":885},{"x":1918,"y":886},{"x":1940,"y":887},{"x":1957,"y":890},{"x":1992,"y":888},{"x":2061,"y":898}],"direction":"hrl","glyphs":[{"index":42,"name":"𓏽","position":{"x":512,"y":869,"w":56,"h":53}},{"index":41,"name":"𓁶","position":{"x":574,"y":874,"w":37,"h":49}},{"index":40,"name":"𓀀𓐱𓁐𓐰𓏥","position":{"x":622,"y":876,"w":32,"h":40}},{"index":39,"name":"𓅓","position":{"x":662,"y":876,"w":17,"h":42}},{"index":38,"name":"𓌙","position":{"x":690,"y":866,"w":16,"h":57}},{"index":37,"name":"𓄿","position":{"x":718,"y":878,"w":30,"h":37}},{"index":36,"name":"𓅯","position":{"x":745,"y":874,"w":56,"h":46}},{"index":34,"name":"𓋴","position":{"x":808,"y":872,"w":24,"h":64}},{"index":33,"name":"𓈖","position":{"x":838,"y":894,"w":41,"h":16}},{"index":32,"name":"𓂋𓐰𓂝𓐰𓏏","position":{"x":883,"y":872,"w":46,"h":78}},{"index":31,"name":"𓏤","position":{"x":941,"y":874,"w":15,"h":52}},{"index":30,"name":"𓀀𓐱𓁷","position":{"x":961,"y":874,"w":70,"h":52}},{"index":29,"name":"𓏲","position":{"x":1005,"y":888,"w":39,"h":54}},{"index":28,"name":"𓇋","position":{"x":1046,"y":881,"w":34,"h":57}},{"index":27,"name":"𓈖","position":{"x":1083,"y":890,"w":40,"h":22}},{"index":26,"name":"𓀀","position":{"x":1099,"y":916,"w":37,"h":19}},{"index":25,"name":"𓋴","position":{"x":1134,"y":880,"w":27,"h":64}},{"index":24,"name":"𓋴𓐱𓁑","position":{"x":1166,"y":880,"w":80,"h":66}},{"index":22,"name":"𓄟","position":{"x":1253,"y":885,"w":41,"h":56}},{"index":19,"name":"𓀀𓐱𓁐𓐰𓏥","position":{"x":1302,"y":898,"w":48,"h":39}},{"index":17,"name":"𓏲","position":{"x":1400,"y":889,"w":30,"h":46}},{"index":16,"name":"𓂧","position":{"x":1433,"y":902,"w":55,"h":32}},{"index":15,"name":"𓄡𓐰𓂋","position":{"x":1482,"y":887,"w":61,"h":58}},{"index":14,"name":"𓈖","position":{"x":1551,"y":910,"w":50,"h":15}},{"index":13,"name":"𓋴","position":{"x":1610,"y":884,"w":27,"h":61}},{"index":12,"name":"𓇋","position":{"x":1650,"y":883,"w":19,"h":55}},{"index":11,"name":"𓇋","position":{"x":1673,"y":882,"w":24,"h":58}},{"index":10,"name":"𓈖","position":{"x":1695,"y":885,"w":33,"h":15}},{"index":9,"name":"𓄿","position":{"x":1702,"y":899,"w":43,"h":36}},{"index":8,"name":"𓅓","position":{"x":1746,"y":892,"w":38,"h":45}},{"index":7,"name":"𓎟","position":{"x":1788,"y":908,"w":57,"h":29}},{"index":6,"name":"𓋴","position":{"x":1848,"y":890,"w":22,"h":66}},{"index":4,"name":"𓀁","position":{"x":1878,"y":889,"w":62,"h":57}},{"index":18,"name":"𓇋","position":{"x":1934,"y":890,"w":23,"h":56}},{"index":3,"name":"𓇋","position":{"x":1957,"y":895,"w":23,"h":52}},{"index":2,"name":"𓌻","position":{"x":1986,"y":897,"w":45,"h":26}},{"index":1,"name":"𓂋","position":{"x":1994,"y":921,"w":42,"h":39}},{"index":0,"name":"𓈖","position":{"x":2051,"y":921,"w":53,"h":29}}]},{"index":9,"name":"B6","points":[{"x":2104,"y":950},{"x":2112,"y":1000},{"x":2073,"y":1008},{"x":1969,"y":1006},{"x":1922,"y":1007},{"x":1889,"y":1005},{"x":1825,"y":1013},{"x":1791,"y":1003},{"x":1767,"y":1005},{"x":1732,"y":1000},{"x":1705,"y":1003},{"x":1610,"y":1008},{"x":1575,"y":1006},{"x":1538,"y":1004},{"x":1498,"y":1006},{"x":1390,"y":1005},{"x":1329,"y":1003},{"x":1251,"y":996},{"x":1195,"y":1004},{"x":1169,"y":994},{"x":1098,"y":1002},{"x":1034,"y":989},{"x":971,"y":999},{"x":926,"y":998},{"x":844,"y":998},{"x":773,"y":993},{"x":720,"y":1006},{"x":610,"y":999},{"x":519,"y":1001},{"x":485,"y":995},{"x":485,"y":942},{"x":538,"y":925},{"x":586,"y":927},{"x":626,"y":923},{"x":697,"y":930},{"x":721,"y":925},{"x":781,"y":931},{"x":835,"y":940},{"x":856,"y":927},{"x":871,"y":934},{"x":910,"y":929},{"x":937,"y":930},{"x":977,"y":931},{"x":1041,"y":933},{"x":1062,"y":947},{"x":1109,"y":937},{"x":1144,"y":937},{"x":1163,"y":949},{"x":1180,"y":943},{"x":1192,"y":940},{"x":1219,"y":941},{"x":1252,"y":943},{"x":1286,"y":949},{"x":1298,"y":942},{"x":1350,"y":939},{"x":1383,"y":941},{"x":1450,"y":937},{"x":1490,"y":938},{"x":1505,"y":938},{"x":1507,"y":947},{"x":1523,"y":947},{"x":1605,"y":938},{"x":1624,"y":943},{"x":1639,"y":951},{"x":1758,"y":940},{"x":1840,"y":943},{"x":1868,"y":962},{"x":1886,"y":949},{"x":1957,"y":955},{"x":1982,"y":949},{"x":2008,"y":962},{"x":2017,"y":961},{"x":2031,"y":955},{"x":2040,"y":949},{"x":2068,"y":955}],"direction":"hrl","glyphs":[{"index":11,"name":"𓀀𓐱𓁐𓐰𓏥","position":{"x":497,"y":939,"w":51,"h":48}},{"index":13,"name":"𓏲","position":{"x":542,"y":935,"w":23,"h":50}},{"index":50,"name":"𓀔","position":{"x":570,"y":926,"w":70,"h":64}},{"index":49,"name":"𓋴","position":{"x":632,"y":935,"w":23,"h":57}},{"index":48,"name":"𓇋","position":{"x":669,"y":936,"w":22,"h":55}},{"index":47,"name":"𓇋","position":{"x":692,"y":932,"w":24,"h":57}},{"index":46,"name":"𓈖𓐰𓄿","position":{"x":721,"y":932,"w":36,"h":51}},{"index":45,"name":"𓅓","position":{"x":740,"y":935,"w":37,"h":56}},{"index":44,"name":"𓎟","position":{"x":787,"y":949,"w":53,"h":29}},{"index":43,"name":"𓋴","position":{"x":844,"y":934,"w":23,"h":58}},{"index":17,"name":"𓀁","position":{"x":876,"y":932,"w":59,"h":52}},{"index":25,"name":"𓇋","position":{"x":927,"y":937,"w":20,"h":56}},{"index":40,"name":"𓌻𓐱𓇋","position":{"x":951,"y":933,"w":63,"h":56}},{"index":39,"name":"𓂋","position":{"x":987,"y":956,"w":29,"h":34}},{"index":38,"name":"𓈖","position":{"x":1027,"y":962,"w":54,"h":22}},{"index":37,"name":"𓋴","position":{"x":1090,"y":941,"w":25,"h":55}},{"index":36,"name":"𓂋","position":{"x":1122,"y":944,"w":31,"h":24}},{"index":35,"name":"𓂝","position":{"x":1122,"y":968,"w":46,"h":22}},{"index":34,"name":"𓋴","position":{"x":1174,"y":941,"w":23,"h":58}},{"index":33,"name":"𓈖𓐰𓏏","position":{"x":1205,"y":944,"w":43,"h":44}},{"index":32,"name":"𓀀","position":{"x":1255,"y":962,"w":14,"h":19}},{"index":6,"name":"𓂧𓐰𓈖","position":{"x":1274,"y":945,"w":37,"h":46}},{"index":12,"name":"𓈖𓐰𓐍","position":{"x":1305,"y":946,"w":31,"h":43}},{"index":30,"name":"𓋹","position":{"x":1342,"y":943,"w":19,"h":52}},{"index":29,"name":"𓏥","position":{"x":1366,"y":977,"w":38,"h":12}},{"index":28,"name":"𓏛","position":{"x":1373,"y":948,"w":25,"h":21}},{"index":26,"name":"𓐷𓂓𓐰𓏏𓐸𓐱𓀋","position":{"x":1412,"y":940,"w":77,"h":61}},{"index":23,"name":"𓍋","position":{"x":1489,"y":940,"w":20,"h":60}},{"index":22,"name":"𓈖","position":{"x":1515,"y":978,"w":45,"h":13}},{"index":21,"name":"𓀀","position":{"x":1522,"y":950,"w":32,"h":21}},{"index":20,"name":"𓏤","position":{"x":1563,"y":951,"w":10,"h":53}},{"index":19,"name":"𓄣","position":{"x":1580,"y":946,"w":33,"h":53}},{"index":18,"name":"𓏛","position":{"x":1613,"y":948,"w":36,"h":56}},{"index":16,"name":"𓏲𓄖","position":{"x":1658,"y":953,"w":76,"h":46}},{"index":15,"name":"𓋨","position":{"x":1736,"y":950,"w":39,"h":51}},{"index":14,"name":"𓌢","position":{"x":1811,"y":948,"w":23,"h":62}},{"index":10,"name":"𓀀","position":{"x":1841,"y":978,"w":19,"h":15}},{"index":9,"name":"𓇋","position":{"x":1862,"y":964,"w":15,"h":38}},{"index":8,"name":"𓇋","position":{"x":1885,"y":956,"w":13,"h":44}},{"index":7,"name":"𓄿","position":{"x":1909,"y":965,"w":32,"h":35}},{"index":5,"name":"𓅯","position":{"x":1943,"y":955,"w":49,"h":50}},{"index":4,"name":"𓈖","position":{"x":2000,"y":957,"w":44,"h":18}},{"index":3,"name":"𓈖","position":{"x":2003,"y":971,"w":40,"h":17}},{"index":2,"name":"𓀀","position":{"x":2022,"y":987,"w":26,"h":13}},{"index":1,"name":"𓂋","position":{"x":2057,"y":955,"w":35,"h":19}},{"index":0,"name":"𓂝","position":{"x":2061,"y":979,"w":42,"h":20}}]},{"index":10,"name":"B7","points":[{"x":2112,"y":1006},{"x":2111,"y":1073},{"x":2086,"y":1074},{"x":2053,"y":1089},{"x":2037,"y":1098},{"x":2026,"y":1096},{"x":2021,"y":1069},{"x":1949,"y":1072},{"x":1920,"y":1070},{"x":1902,"y":1085},{"x":1850,"y":1071},{"x":1803,"y":1077},{"x":1762,"y":1067},{"x":1755,"y":1073},{"x":1724,"y":1060},{"x":1647,"y":1066},{"x":1610,"y":1078},{"x":1602,"y":1069},{"x":1598,"y":1065},{"x":1581,"y":1068},{"x":1539,"y":1083},{"x":1525,"y":1093},{"x":1518,"y":1097},{"x":1513,"y":1094},{"x":1518,"y":1087},{"x":1525,"y":1073},{"x":1503,"y":1071},{"x":1478,"y":1083},{"x":1429,"y":1066},{"x":1370,"y":1070},{"x":1306,"y":1060},{"x":1267,"y":1060},{"x":1225,"y":1065},{"x":1174,"y":1084},{"x":1166,"y":1084},{"x":1160,"y":1081},{"x":1159,"y":1077},{"x":1159,"y":1073},{"x":1160,"y":1068},{"x":1110,"y":1068},{"x":1022,"y":1064},{"x":1009,"y":1057},{"x":963,"y":1065},{"x":929,"y":1065},{"x":870,"y":1060},{"x":826,"y":1057},{"x":785,"y":1059},{"x":778,"y":1060},{"x":769,"y":1066},{"x":735,"y":1050},{"x":735,"y":1004},{"x":790,"y":992},{"x":893,"y":997},{"x":973,"y":997},{"x":1062,"y":996},{"x":1120,"y":1003},{"x":1175,"y":996},{"x":1195,"y":1004},{"x":1349,"y":1003},{"x":1504,"y":1005}],"direction":"hrl","glyphs":[{"index":44,"name":"𓋴","position":{"x":751,"y":1001,"w":26,"h":62}},{"index":43,"name":"𓂋","position":{"x":783,"y":1019,"w":42,"h":34}},{"index":42,"name":"𓇾","position":{"x":834,"y":1007,"w":57,"h":22}},{"index":41,"name":"𓈇","position":{"x":849,"y":1028,"w":25,"h":26}},{"index":40,"name":"𓏤","position":{"x":879,"y":1022,"w":11,"h":36}},{"index":39,"name":"𓎟","position":{"x":897,"y":1005,"w":55,"h":28}},{"index":38,"name":"𓏏","position":{"x":913,"y":1033,"w":36,"h":29}},{"index":37,"name":"𓀀𓐱𓁐𓐰𓏥","position":{"x":963,"y":1008,"w":55,"h":48}},{"index":36,"name":"𓂋𓐰𓍿","position":{"x":1015,"y":1003,"w":37,"h":58}},{"index":35,"name":"𓏴","position":{"x":1061,"y":1015,"w":25,"h":41}},{"index":34,"name":"𓍒𓐱𓄿","position":{"x":1093,"y":1006,"w":67,"h":52}},{"index":33,"name":"𓂋𓐰𓂝𓐰𓏏","position":{"x":1152,"y":1005,"w":40,"h":77}},{"index":32,"name":"𓂜𓐰𓈖","position":{"x":1203,"y":1010,"w":48,"h":48}},{"index":31,"name":"𓁐","position":{"x":1260,"y":1028,"w":32,"h":24}},{"index":30,"name":"𓈖","position":{"x":1261,"y":1010,"w":23,"h":14}},{"index":29,"name":"𓈞","position":{"x":1300,"y":1011,"w":33,"h":41}},{"index":28,"name":"𓀀","position":{"x":1339,"y":1032,"w":21,"h":17}},{"index":27,"name":"𓇋","position":{"x":1360,"y":1016,"w":20,"h":46}},{"index":26,"name":"𓇋","position":{"x":1380,"y":1014,"w":16,"h":49}},{"index":25,"name":"𓄿","position":{"x":1401,"y":1016,"w":39,"h":44}},{"index":24,"name":"𓏏","position":{"x":1436,"y":1027,"w":18,"h":29}},{"index":23,"name":"𓈖𓐰𓂝","position":{"x":1461,"y":1018,"w":39,"h":60}},{"index":22,"name":"𓎛","position":{"x":1497,"y":1009,"w":19,"h":56}},{"index":21,"name":"𓅓","position":{"x":1515,"y":1013,"w":56,"h":81}},{"index":20,"name":"𓋴","position":{"x":1524,"y":1008,"w":25,"h":56}},{"index":19,"name":"𓇋","position":{"x":1578,"y":1010,"w":22,"h":54}},{"index":18,"name":"𓀀","position":{"x":1605,"y":1031,"w":21,"h":17}},{"index":17,"name":"𓏲","position":{"x":1609,"y":1030,"w":37,"h":44}},{"index":16,"name":"𓂝","position":{"x":1628,"y":1011,"w":45,"h":23}},{"index":15,"name":"𓏏","position":{"x":1656,"y":1031,"w":18,"h":30}},{"index":14,"name":"𓊭","position":{"x":1679,"y":1006,"w":52,"h":50}},{"index":13,"name":"𓋴","position":{"x":1732,"y":1007,"w":25,"h":63}},{"index":12,"name":"𓈎𓐰𓂋","position":{"x":1771,"y":1007,"w":41,"h":66}},{"index":11,"name":"𓏤𓐰𓉐","position":{"x":1820,"y":1017,"w":28,"h":48}},{"index":10,"name":"𓇉𓐰𓄿","position":{"x":1862,"y":1011,"w":51,"h":65}},{"index":8,"name":"𓀀","position":{"x":1918,"y":1034,"w":31,"h":17}},{"index":7,"name":"𓇋","position":{"x":1949,"y":1010,"w":23,"h":55}},{"index":6,"name":"𓇋","position":{"x":1973,"y":1011,"w":23,"h":52}},{"index":5,"name":"𓄿","position":{"x":2001,"y":1018,"w":46,"h":42}},{"index":0,"name":"𓂋𓐰𓏏","position":{"x":2034,"y":1014,"w":41,"h":79}},{"index":2,"name":"𓇋","position":{"x":2078,"y":1011,"w":28,"h":52}}]},{"index":11,"name":"B8","points":[{"x":2110,"y":1076},{"x":2108,"y":1136},{"x":2064,"y":1142},{"x":2018,"y":1155},{"x":2006,"y":1152},{"x":1997,"y":1144},{"x":1904,"y":1136},{"x":1863,"y":1139},{"x":1845,"y":1142},{"x":1808,"y":1140},{"x":1778,"y":1131},{"x":1753,"y":1132},{"x":1677,"y":1122},{"x":1594,"y":1133},{"x":1524,"y":1131},{"x":1493,"y":1126},{"x":1445,"y":1127},{"x":1384,"y":1118},{"x":1332,"y":1121},{"x":1317,"y":1125},{"x":1304,"y":1123},{"x":1293,"y":1132},{"x":1276,"y":1113},{"x":1246,"y":1124},{"x":1207,"y":1120},{"x":1183,"y":1118},{"x":1170,"y":1127},{"x":1120,"y":1123},{"x":990,"y":1122},{"x":882,"y":1123},{"x":623,"y":1127},{"x":488,"y":1127},{"x":437,"y":1189},{"x":396,"y":1155},{"x":454,"y":1040},{"x":713,"y":1057},{"x":751,"y":1056},{"x":770,"y":1066},{"x":786,"y":1054},{"x":854,"y":1058},{"x":912,"y":1067},{"x":966,"y":1062},{"x":1014,"y":1056},{"x":1026,"y":1068},{"x":1075,"y":1062},{"x":1164,"y":1066},{"x":1176,"y":1073},{"x":1237,"y":1061},{"x":1330,"y":1060},{"x":1383,"y":1073},{"x":1429,"y":1069},{"x":1476,"y":1083},{"x":1504,"y":1070},{"x":1526,"y":1072},{"x":1528,"y":1091},{"x":1557,"y":1075},{"x":1600,"y":1067},{"x":1610,"y":1081},{"x":1642,"y":1066},{"x":1732,"y":1063},{"x":1755,"y":1073},{"x":1765,"y":1067},{"x":1806,"y":1080},{"x":1845,"y":1072},{"x":1903,"y":1083},{"x":1943,"y":1068},{"x":2017,"y":1071},{"x":2027,"y":1099},{"x":2051,"y":1095},{"x":2070,"y":1075}],"direction":"hrl","glyphs":[{"index":59,"name":"𓅓","position":{"x":434,"y":1066,"w":46,"h":98}},{"index":58,"name":"𓇾𓐱𓇋","position":{"x":486,"y":1060,"w":71,"h":51}},{"index":57,"name":"𓏤","position":{"x":516,"y":1089,"w":10,"h":26}},{"index":56,"name":"𓈇","position":{"x":538,"y":1085,"w":18,"h":23}},{"index":55,"name":"𓏤","position":{"x":568,"y":1061,"w":9,"h":52}},{"index":54,"name":"𓁷","position":{"x":583,"y":1065,"w":18,"h":56}},{"index":53,"name":"𓋴","position":{"x":605,"y":1062,"w":22,"h":53}},{"index":52,"name":"𓏲","position":{"x":631,"y":1086,"w":26,"h":28}},{"index":51,"name":"𓂝𓐰𓏏","position":{"x":638,"y":1065,"w":46,"h":45}},{"index":50,"name":"𓏏","position":{"x":694,"y":1081,"w":15,"h":12}},{"index":49,"name":"𓂋","position":{"x":714,"y":1062,"w":27,"h":20}},{"index":48,"name":"𓂝","position":{"x":717,"y":1089,"w":33,"h":19}},{"index":47,"name":"𓂜𓐰𓈖","position":{"x":759,"y":1063,"w":40,"h":42}},{"index":46,"name":"𓅓","position":{"x":798,"y":1066,"w":27,"h":45}},{"index":45,"name":"𓇋","position":{"x":831,"y":1062,"w":28,"h":55}},{"index":43,"name":"𓁐","position":{"x":864,"y":1090,"w":36,"h":18}},{"index":42,"name":"𓏏","position":{"x":876,"y":1070,"w":17,"h":14}},{"index":40,"name":"𓈞","position":{"x":905,"y":1068,"w":37,"h":39}},{"index":39,"name":"𓀀","position":{"x":949,"y":1087,"w":27,"h":19}},{"index":38,"name":"𓇋","position":{"x":972,"y":1065,"w":25,"h":46}},{"index":37,"name":"𓇋","position":{"x":997,"y":1063,"w":27,"h":53}},{"index":36,"name":"𓄿","position":{"x":1024,"y":1069,"w":42,"h":44}},{"index":34,"name":"𓏏","position":{"x":1063,"y":1077,"w":17,"h":29}},{"index":33,"name":"𓈖","position":{"x":1088,"y":1077,"w":39,"h":17}},{"index":32,"name":"𓈖","position":{"x":1090,"y":1098,"w":42,"h":15}},{"index":31,"name":"𓃹","position":{"x":1131,"y":1071,"w":46,"h":49}},{"index":30,"name":"𓀀","position":{"x":1184,"y":1088,"w":28,"h":17}},{"index":29,"name":"𓂋𓐰𓈖","position":{"x":1212,"y":1067,"w":45,"h":40}},{"index":27,"name":"𓈖𓐰𓐍","position":{"x":1243,"y":1072,"w":30,"h":50}},{"index":26,"name":"𓋹","position":{"x":1272,"y":1065,"w":33,"h":64}},{"index":25,"name":"𓄣𓐱𓏤","position":{"x":1308,"y":1071,"w":63,"h":54}},{"index":24,"name":"𓏛","position":{"x":1366,"y":1081,"w":40,"h":36}},{"index":22,"name":"𓏲𓐱𓄖","position":{"x":1407,"y":1078,"w":81,"h":46}},{"index":21,"name":"𓋨","position":{"x":1493,"y":1078,"w":29,"h":50}},{"index":20,"name":"𓀀","position":{"x":1531,"y":1104,"w":25,"h":16}},{"index":19,"name":"𓈖","position":{"x":1533,"y":1079,"w":43,"h":17}},{"index":18,"name":"𓀀","position":{"x":1560,"y":1101,"w":30,"h":23}},{"index":17,"name":"𓌢","position":{"x":1580,"y":1069,"w":21,"h":59}},{"index":16,"name":"𓈖","position":{"x":1612,"y":1088,"w":47,"h":16}},{"index":15,"name":"𓈖","position":{"x":1615,"y":1076,"w":36,"h":14}},{"index":14,"name":"𓀀","position":{"x":1626,"y":1107,"w":37,"h":13}},{"index":13,"name":"𓂝","position":{"x":1669,"y":1093,"w":41,"h":18}},{"index":12,"name":"𓀨","position":{"x":1713,"y":1071,"w":61,"h":56}},{"index":9,"name":"𓂝𓐰𓏏","position":{"x":1819,"y":1081,"w":56,"h":55}},{"index":8,"name":"𓉐","position":{"x":1820,"y":1102,"w":25,"h":33}},{"index":7,"name":"𓈖","position":{"x":1878,"y":1110,"w":39,"h":13}},{"index":6,"name":"𓈖","position":{"x":1912,"y":1076,"w":34,"h":19}},{"index":5,"name":"𓄿","position":{"x":1919,"y":1094,"w":46,"h":38}},{"index":3,"name":"𓏏","position":{"x":1972,"y":1120,"w":15,"h":12}},{"index":2,"name":"𓂋","position":{"x":2029,"y":1104,"w":39,"h":29}},{"index":1,"name":"𓇋","position":{"x":2074,"y":1080,"w":31,"h":57}}]},{"index":12,"name":"B9","points":[{"x":2078,"y":1141},{"x":2104,"y":1142},{"x":2101,"y":1214},{"x":2055,"y":1210},{"x":1974,"y":1207},{"x":1862,"y":1208},{"x":1685,"y":1195},{"x":1628,"y":1187},{"x":1522,"y":1185},{"x":1445,"y":1197},{"x":1277,"y":1181},{"x":1046,"y":1176},{"x":938,"y":1176},{"x":938,"y":1137},{"x":958,"y":1117},{"x":1080,"y":1123},{"x":1169,"y":1124},{"x":1186,"y":1116},{"x":1246,"y":1125},{"x":1276,"y":1114},{"x":1294,"y":1133},{"x":1307,"y":1124},{"x":1324,"y":1125},{"x":1335,"y":1121},{"x":1360,"y":1120},{"x":1400,"y":1122},{"x":1455,"y":1129},{"x":1500,"y":1128},{"x":1525,"y":1130},{"x":1610,"y":1131},{"x":1685,"y":1122},{"x":1754,"y":1132},{"x":1804,"y":1139},{"x":1864,"y":1140},{"x":1907,"y":1133},{"x":1999,"y":1146},{"x":2010,"y":1154},{"x":2075,"y":1141}],"direction":"hrl","glyphs":[{"index":28,"name":"𓅭","position":{"x":950,"y":1127,"w":62,"h":34}},{"index":27,"name":"𓀀","position":{"x":1020,"y":1143,"w":31,"h":18}},{"index":26,"name":"𓇋","position":{"x":1050,"y":1131,"w":22,"h":40}},{"index":25,"name":"𓇋","position":{"x":1074,"y":1128,"w":28,"h":44}},{"index":13,"name":"𓅯𓐱𓄿","position":{"x":1101,"y":1122,"w":101,"h":45}},{"index":22,"name":"𓏛","position":{"x":1206,"y":1134,"w":41,"h":31}},{"index":21,"name":"𓀔","position":{"x":1251,"y":1121,"w":55,"h":51}},{"index":18,"name":"𓐍","position":{"x":1296,"y":1123,"w":46,"h":23}},{"index":19,"name":"𓈖","position":{"x":1304,"y":1149,"w":42,"h":12}},{"index":17,"name":"𓆑𓐱𓐷𓄞𓐰𓂧𓐸","position":{"x":1407,"y":1131,"w":116,"h":58}},{"index":16,"name":"𓁹","position":{"x":1476,"y":1131,"w":69,"h":21}},{"index":14,"name":"𓏲𓐱𓀀","position":{"x":1547,"y":1141,"w":40,"h":34}},{"index":8,"name":"𓃀","position":{"x":1598,"y":1134,"w":31,"h":34}},{"index":12,"name":"𓅬","position":{"x":1627,"y":1135,"w":53,"h":38}},{"index":11,"name":"𓏲","position":{"x":1673,"y":1155,"w":32,"h":29}},{"index":10,"name":"𓈖","position":{"x":1690,"y":1135,"w":40,"h":15}},{"index":9,"name":"𓏌","position":{"x":1709,"y":1152,"w":20,"h":26}},{"index":7,"name":"𓈖","position":{"x":1788,"y":1171,"w":35,"h":23}},{"index":6,"name":"𓇋","position":{"x":1822,"y":1144,"w":25,"h":48}},{"index":5,"name":"𓎟","position":{"x":1848,"y":1140,"w":60,"h":31}},{"index":4,"name":"𓏏","position":{"x":1871,"y":1174,"w":29,"h":29}},{"index":3,"name":"𓀀𓐱𓁐𓐰𓏥","position":{"x":1916,"y":1148,"w":50,"h":46}},{"index":2,"name":"𓂋𓐰𓍿","position":{"x":1968,"y":1150,"w":38,"h":51}},{"index":1,"name":"𓈖","position":{"x":2014,"y":1177,"w":48,"h":14}},{"index":0,"name":"𓇋","position":{"x":2070,"y":1147,"w":26,"h":62}}]},{"index":13,"name":"C1","points":[{"x":1692,"y":1217},{"x":1778,"y":1220},{"x":1772,"y":1307},{"x":1692,"y":1303},{"x":1529,"y":1298},{"x":1427,"y":1303},{"x":1328,"y":1313},{"x":1150,"y":1306},{"x":905,"y":1310},{"x":831,"y":1301},{"x":767,"y":1297},{"x":777,"y":1234},{"x":900,"y":1234},{"x":914,"y":1223},{"x":930,"y":1235},{"x":1068,"y":1235},{"x":1275,"y":1227},{"x":1382,"y":1235},{"x":1442,"y":1234},{"x":1550,"y":1235}],"direction":"hrl","glyphs":[{"index":16,"name":"𓏥","position":{"x":797,"y":1280,"w":42,"h":15}},{"index":14,"name":"𓏛","position":{"x":801,"y":1240,"w":33,"h":37}},{"index":13,"name":"𓅓𓐰𓏏","position":{"x":843,"y":1241,"w":40,"h":55}},{"index":15,"name":"𓏶","position":{"x":881,"y":1227,"w":60,"h":81}},{"index":12,"name":"𓈖","position":{"x":1146,"y":1255,"w":35,"h":19}},{"index":11,"name":"𓋴𓐱𓏥","position":{"x":1148,"y":1241,"w":65,"h":62}},{"index":10,"name":"𓏤","position":{"x":1224,"y":1246,"w":14,"h":47}},{"index":9,"name":"𓐝","position":{"x":1240,"y":1258,"w":38,"h":30}},{"index":8,"name":"𓂋","position":{"x":1283,"y":1259,"w":37,"h":37}},{"index":7,"name":"𓇑𓐱𓇑","position":{"x":1319,"y":1237,"w":54,"h":66}},{"index":6,"name":"𓇋","position":{"x":1389,"y":1237,"w":25,"h":60}},{"index":5,"name":"𓇋","position":{"x":1411,"y":1241,"w":27,"h":57}},{"index":4,"name":"𓁹","position":{"x":1435,"y":1255,"w":96,"h":31}},{"index":17,"name":"𓀀𓐱𓁐𓐰𓏥","position":{"x":1520,"y":1244,"w":52,"h":45}},{"index":3,"name":"𓂋𓐰𓏏","position":{"x":1575,"y":1235,"w":41,"h":57}},{"index":2,"name":"𓀀𓐰𓏥","position":{"x":1627,"y":1245,"w":26,"h":37}},{"index":1,"name":"𓅓𓐱𓐷𓂋𓐰𓈖𓐰𓆑𓐸","position":{"x":1650,"y":1229,"w":59,"h":58}},{"index":0,"name":"𓏶","position":{"x":1712,"y":1225,"w":55,"h":76}}]},{"index":14,"name":"C2","points":[{"x":1777,"y":1308},{"x":1781,"y":1358},{"x":1799,"y":1366},{"x":1796,"y":1382},{"x":1752,"y":1379},{"x":1694,"y":1375},{"x":1600,"y":1373},{"x":1521,"y":1372},{"x":1381,"y":1370},{"x":1304,"y":1357},{"x":1117,"y":1361},{"x":952,"y":1363},{"x":868,"y":1368},{"x":789,"y":1379},{"x":776,"y":1315},{"x":818,"y":1303},{"x":868,"y":1303},{"x":904,"y":1308},{"x":954,"y":1312},{"x":1191,"y":1315},{"x":1333,"y":1316},{"x":1429,"y":1306},{"x":1544,"y":1299},{"x":1639,"y":1298}],"direction":"hrl","glyphs":[{"index":15,"name":"𓉐𓐱𓏤𓐱𓁹","position":{"x":794,"y":1306,"w":149,"h":55}},{"index":14,"name":"𓈖","position":{"x":804,"y":1356,"w":54,"h":17}},{"index":13,"name":"𓏏","position":{"x":820,"y":1337,"w":25,"h":18}},{"index":11,"name":"𓀀","position":{"x":1133,"y":1326,"w":11,"h":18}},{"index":10,"name":"𓈖","position":{"x":1354,"y":1315,"w":42,"h":22}},{"index":9,"name":"𓏥","position":{"x":1367,"y":1337,"w":29,"h":19}},{"index":8,"name":"𓅓","position":{"x":1394,"y":1312,"w":35,"h":49}},{"index":7,"name":"𓎡","position":{"x":1433,"y":1319,"w":70,"h":37}},{"index":6,"name":"𓆱","position":{"x":1506,"y":1304,"w":55,"h":41}},{"index":5,"name":"𓏲𓐱𓏥","position":{"x":1517,"y":1315,"w":74,"h":47}},{"index":4,"name":"𓉻𓐰𓂝","position":{"x":1599,"y":1308,"w":57,"h":60}},{"index":3,"name":"𓏥","position":{"x":1662,"y":1350,"w":47,"h":14}},{"index":2,"name":"𓀀","position":{"x":1670,"y":1314,"w":37,"h":29}},{"index":0,"name":"𓏞","position":{"x":1719,"y":1310,"w":71,"h":68}}]},{"index":15,"name":"C3","points":[{"x":1772,"y":1386},{"x":1776,"y":1426},{"x":1849,"y":1429},{"x":1826,"y":1455},{"x":1759,"y":1446},{"x":1734,"y":1444},{"x":1730,"y":1439},{"x":1711,"y":1440},{"x":1651,"y":1445},{"x":1627,"y":1448},{"x":1603,"y":1442},{"x":1575,"y":1445},{"x":1534,"y":1448},{"x":1524,"y":1444},{"x":1450,"y":1438},{"x":1445,"y":1436},{"x":1442,"y":1435},{"x":1436,"y":1439},{"x":1388,"y":1434},{"x":1381,"y":1441},{"x":1378,"y":1443},{"x":1373,"y":1441},{"x":1365,"y":1435},{"x":1338,"y":1429},{"x":1290,"y":1443},{"x":1140,"y":1429},{"x":950,"y":1435},{"x":937,"y":1428},{"x":906,"y":1426},{"x":879,"y":1429},{"x":852,"y":1441},{"x":814,"y":1440},{"x":796,"y":1430},{"x":799,"y":1380},{"x":847,"y":1373},{"x":887,"y":1365},{"x":1008,"y":1364},{"x":1296,"y":1359},{"x":1392,"y":1371},{"x":1490,"y":1372},{"x":1668,"y":1373},{"x":1739,"y":1379},{"x":1760,"y":1381}],"direction":"hrl","glyphs":[{"index":19,"name":"𓐷𓁷𓐰𓂋𓐸𓐱𓎃","position":{"x":804,"y":1373,"w":72,"h":64}},{"index":18,"name":"𓈗","position":{"x":877,"y":1380,"w":38,"h":46}},{"index":17,"name":"𓃂","position":{"x":920,"y":1368,"w":52,"h":61}},{"index":15,"name":"𓀀","position":{"x":1132,"y":1386,"w":15,"h":22}},{"index":14,"name":"𓀀","position":{"x":1172,"y":1388,"w":17,"h":27}},{"index":16,"name":"𓏲","position":{"x":1184,"y":1379,"w":29,"h":40}},{"index":13,"name":"𓊪","position":{"x":1216,"y":1380,"w":43,"h":28}},{"index":12,"name":"𓅭𓐱𓇋𓐱𓀁","position":{"x":1257,"y":1367,"w":123,"h":60}},{"index":11,"name":"𓆑𓐱𓏏","position":{"x":1372,"y":1378,"w":84,"h":64}},{"index":10,"name":"𓏭","position":{"x":1432,"y":1412,"w":17,"h":24}},{"index":9,"name":"𓈖𓐰𓐍","position":{"x":1464,"y":1388,"w":48,"h":48}},{"index":8,"name":"𓋹","position":{"x":1510,"y":1379,"w":35,"h":66}},{"index":7,"name":"𓉐","position":{"x":1547,"y":1399,"w":27,"h":40}},{"index":6,"name":"𓏏","position":{"x":1548,"y":1386,"w":23,"h":14}},{"index":5,"name":"𓉗","position":{"x":1578,"y":1377,"w":43,"h":66}},{"index":4,"name":"𓊹","position":{"x":1617,"y":1378,"w":41,"h":66}},{"index":3,"name":"𓏥","position":{"x":1656,"y":1423,"w":40,"h":15}},{"index":2,"name":"𓉿","position":{"x":1658,"y":1383,"w":69,"h":34}},{"index":1,"name":"𓀀","position":{"x":1705,"y":1414,"w":30,"h":23}},{"index":0,"name":"𓀸","position":{"x":1737,"y":1384,"w":86,"h":59}}]},{"index":16,"name":"C4","points":[{"x":1767,"y":1448},{"x":1772,"y":1476},{"x":1797,"y":1480},{"x":1834,"y":1480},{"x":1834,"y":1499},{"x":1709,"y":1507},{"x":1627,"y":1515},{"x":1582,"y":1512},{"x":1526,"y":1517},{"x":1373,"y":1512},{"x":869,"y":1508},{"x":791,"y":1486},{"x":795,"y":1441},{"x":842,"y":1441},{"x":855,"y":1441},{"x":878,"y":1428},{"x":904,"y":1427},{"x":932,"y":1427},{"x":958,"y":1435},{"x":1141,"y":1425},{"x":1295,"y":1440},{"x":1341,"y":1427},{"x":1373,"y":1427},{"x":1397,"y":1434},{"x":1434,"y":1439},{"x":1443,"y":1433},{"x":1468,"y":1441},{"x":1523,"y":1444},{"x":1538,"y":1448},{"x":1578,"y":1444},{"x":1604,"y":1442},{"x":1626,"y":1449},{"x":1678,"y":1441},{"x":1728,"y":1439},{"x":1735,"y":1443}],"direction":"hrl","glyphs":[{"index":14,"name":"𓀀","position":{"x":807,"y":1453,"w":19,"h":25}},{"index":13,"name":"𓏛","position":{"x":840,"y":1440,"w":40,"h":51}},{"index":11,"name":"𓎛","position":{"x":877,"y":1431,"w":18,"h":64}},{"index":10,"name":"𓎝","position":{"x":896,"y":1429,"w":44,"h":58}},{"index":9,"name":"𓀀","position":{"x":1132,"y":1439,"w":17,"h":16}},{"index":8,"name":"𓈖","position":{"x":1330,"y":1435,"w":23,"h":14}},{"index":7,"name":"𓋴𓐰𓃀","position":{"x":1336,"y":1432,"w":51,"h":68}},{"index":6,"name":"𓀀𓐱𓅭","position":{"x":1397,"y":1438,"w":83,"h":54}},{"index":4,"name":"𓋴𓐱𓐷𓈖𓐰𓃀𓐸","position":{"x":1477,"y":1447,"w":60,"h":59}},{"index":3,"name":"𓏏𓐰𓉐","position":{"x":1542,"y":1452,"w":32,"h":56}},{"index":1,"name":"𓀸𓐱𓐷𓉿𓐰𓀀𓐸","position":{"x":1659,"y":1441,"w":166,"h":61}},{"index":0,"name":"𓏥","position":{"x":1665,"y":1486,"w":39,"h":14}}]}]}],"history":[{"username":"noname","date":"2023-08-13T16:41:07.262Z"}]}